scene_uid,animal,marker,czi_file,scene_index,scene_x,scene_y,scene_w,scene_h,overview_um_px,native_um_px,src_w,src_h,work_size,angle_deg,flip,manual_rotation_deg,rot_w,rot_h,crop_x0,crop_y0,crop_w,crop_h,pad_side,pad_ox,pad_oy,grid,m00,m01,m02,m10,m11,m12,anisotropy
LS105_s05a_sc06,LS105,AF568,LS105_5a.czi,6,-49572,1836,13056,16736,5.2,0.65,1632,2092,400,279.2938,0,187.0,459,459,50,112,345,263,345,0,41,256,7.103841647731315,43.41008627144038,-49074.46301269712,-55.64577235285469,9.106149955303408,16517.4356687197,0.7907
LS105_s05a_sc07,LS105,AF568,LS105_5a.czi,7,-47736,18360,13056,18592,5.2,0.65,1632,2324,400,267.3731,0,174.0,418,418,49,98,332,289,332,0,21,256,-1.9400473895657342,42.285518988494005,-45256.42942258198,-60.215408167438,-2.7626655228887103,35330.68901100891,0.7034
LS105_s06a_sc00,LS105,AF568,LS105_6a.czi,0,-86292,1836,13056,20416,5.2,0.65,1632,2552,400,261.025,0,331.0,458,458,85,18,319,309,319,0,5,256,-6.345023995338124,40.174530821765075,-85981.76829284368,-62.82193790265592,-9.921875757416274,20983.276872873736,0.6554
LS105_s06a_sc01,LS105,AF568,LS105_6a.czi,1,-86292,22032,14896,13056,5.2,0.65,1862,1632,400,262.1271,0,154.0,451,451,45,104,340,256,340,0,42,256,-6.774783001092146,48.99318412471621,-83937.50709887798,-42.94139446377085,-5.937940847368736,35098.543883783284,1.1352
LS105_s06a_sc02,LS105,AF568,LS105_6a.czi,2,-73440,0,13056,20416,5.2,0.65,1632,2552,400,73.4505,0,150.0,497,497,86,105,338,292,338,0,23,256,12.275337093182316,-41.309746116974566,-63231.900058318504,64.59710299663774,19.195257513361383,-125.16340823509438,0.6928
LS105_s06a_sc04,LS105,AF568,LS105_6a.czi,4,-60588,0,11232,18592,5.2,0.65,1404,2324,400,331.7179,0,247.0,542,542,148,116,327,333,333,3,0,256,32.16567237290292,17.306462118322088,-60129.210914482384,-28.64687889101151,53.242893585917045,5734.795629027114,1.2998
LS105_s06a_sc05,LS105,AF568,LS105_6a.czi,5,-58752,18360,11232,14896,5.2,0.65,1404,1862,400,75.775,0,275.0,486,486,130,46,293,342,342,24,0,256,9.218107487686211,-36.362907496666594,-48736.73998753633,48.224881594585895,12.225153947332728,19086.03200269145,0.7814
LS105_s06a_sc06,LS105,AF568,LS105_6a.czi,6,-49572,0,11232,18592,5.2,0.65,1404,2324,400,109.7813,0,65.0,512,512,50,44,347,357,357,5,0,256,-13.252398056632956,-36.84775669141527,-36378.206983301956,60.99301036385714,-21.93630561510963,3417.771295032963,0.6871
LS120_s01a_sc09,LS120,AF568,LS120_1a.czi,9,-56916,3672,9392,9392,5.2,0.65,1174,1174,400,198.7206,0,101.0,507,507,139,146,227,245,245,9,0,256,-21.282262834967696,7.212166314282513,-50294.78523266477,-7.212166314286151,-21.28226283496042,11671.008799346335,1.0
LS120_s01a_sc11,LS120,AF568,LS120_1a.czi,11,-47736,12852,9392,13056,5.2,0.65,1174,1632,400,114.1642,0,119.0,529,529,152,100,229,248,248,9,0,256,-9.311240663919307,-20.753136783656373,-38367.205874837535,28.84933494967845,-12.943734892262,17963.617515786846,0.8068
LS120_s01a_sc12,LS120,AF568,LS120_1a.czi,12,-47736,1836,13056,11232,5.2,0.65,1632,1404,400,67.9914,0,331.0,521,521,189,163,203,170,203,0,16,256,9.699344591565023,-23.996385576669127,-38659.039279548626,20.64394935639757,8.344289097155524,4406.737897421597,1.1138
LS120_s01a_sc14,LS120,AF568,LS120_1a.czi,14,-34884,3672,9392,13056,5.2,0.65,1174,1632,400,127.9472,0,132.0,561,561,157,154,230,249,249,9,0,256,-14.043856617154233,-18.009522701686365,-25952.65319718748,25.035384198603424,-19.522635433730102,9327.353940122735,0.9253
LS120_s01a_sc17,LS120,AF568,LS120_1a.czi,17,-23868,3672,9392,14896,5.2,0.65,1174,1862,400,134.6418,0,142.0,566,566,162,157,214,229,229,7,0,256,-14.758654558036142,-14.944332238399511,-14974.01318230884,23.70216918900769,-23.40767869426054,11021.673026804336,0.9946
LS120_s01a_sc18,LS120,AF568,LS120_1a.czi,18,-12852,7344,9392,11232,5.2,0.65,1174,1404,400,325.7055,0,294.0,556,556,179,131,222,247,247,12,0,256,18.71608480393843,12.764636922725913,-12242.215438588992,-15.265374991062345,22.38277944184847,11305.599754008326,1.0669
LS120_s02a_sc00,LS120,AF568,LS120_2a.czi,0,-84456,5508,11232,11232,5.2,0.65,1404,1404,400,320.053,0,231.0,563,563,191,175,221,233,233,6,0,256,19.59314127257676,16.409712001826847,-82823.52368072608,-16.409712001834123,19.59314127257312,10568.793953424163,1.0
LS120_s02a_sc01,LS120,AF568,LS120_2a.czi,1,-84456,20196,13056,11232,5.2,0.65,1632,1404,400,265.4819,0,348.0,430,430,114,114,244,204,244,0,20,256,-2.4506557718268596,31.013325946885743,-81595.19665218417,-26.680581880780665,-2.108284744885168,28888.520949338978,1.1602
LS120_s02a_sc02,LS120,AF568,LS120_2a.czi,2,-73440,5508,11232,11232,5.2,0.65,1404,1404,400,62.7718,0,324.0,539,539,171,126,219,214,219,0,2,256,10.990738120584865,-21.35975516025792,-65465.76118541081,21.359755160259738,10.990738120578499,6807.451047387321,1.0
LS120_s02a_sc03,LS120,AF568,LS120_2a.czi,3,-69768,22032,9392,11232,5.2,0.65,1174,1404,400,223.4237,0,175.0,565,565,166,182,241,210,241,0,15,256,-16.05408279265248,15.19417362788954,-64953.87543433825,-18.170885667423136,-19.199260852547013,32229.515088703898,1.0098
LS120_s02a_sc04,LS120,AF568,LS120_2a.czi,4,-60588,5508,11232,13056,5.2,0.65,1404,1632,400,324.0457,0,254.0,559,559,198,162,203,262,262,29,0,256,23.263083140802337,16.87331595447904,-59404.84569281026,-19.613427092383063,27.040848779055523,11048.827811283689,1.0475
LS120_s02a_sc06,LS120,AF568,LS120_2a.czi,6,-47736,1836,9392,13056,5.2,0.65,1174,1632,400,31.1459,0,182.0,549,549,124,160,334,226,334,0,54,256,26.218257530556002,-15.844518210258684,-44016.86070105804,22.025769777799496,36.44650450585641,1141.4359085081264,1.1606
LS120_s02a_sc07,LS120,AF568,LS120_2a.czi,7,-45900,16524,7552,13056,5.2,0.65,944,1632,400,24.1499,0,178.0,529,529,106,126,374,242,374,0,66,256,25.168423771894595,-11.284713159337116,-43272.01178012336,19.50916512292133,43.51151228360868,14872.241421325993,1.4116
LS120_s02a_sc08,LS120,AF568,LS120_2a.czi,8,-38556,3672,9392,13056,5.2,0.65,1174,1632,400,254.4298,0,227.0,493,493,108,118,257,276,276,9,0,256,-6.794865064293845,24.385392971998954,-35832.04452727448,-33.8986041995704,-9.44567272992208,15937.864617692254,0.7564
LS120_s02a_sc09,LS120,AF568,LS120_2a.czi,9,-34884,18360,9392,11232,5.2,0.65,1174,1404,400,310.3498,0,256.0,564,564,170,203,239,270,270,15,0,256,16.033538751820743,18.872848926381266,-33518.86868981344,-22.570255445170915,19.174691999622155,25251.839899881274,0.9718
LS120_s03a_sc00,LS120,AF568,LS120_3a.czi,0,-84456,3672,7552,13056,5.2,0.65,944,1632,400,291.0826,0,25.0,517,517,87,28,390,379,390,0,5,256,10.34625883398985,26.837219200024265,-85978.75292503001,-46.39654844750112,17.88675256044553,12639.790037120683,0.6785
LS120_s04a_sc01,LS120,AF568,LS120_4a.czi,1,-71604,3672,13056,16736,5.2,0.65,1632,2092,400,65.9231,0,120.0,528,528,134,134,264,300,300,18,0,256,15.604589641567145,-34.922188965159876,-63186.379611592914,44.765453011708814,20.00294211407163,4195.812873349699,0.8489
LS120_s04a_sc02,LS120,AF568,LS120_4a.czi,2,-58752,3672,11232,16736,5.2,0.65,1404,2092,400,324.6568,0,356.0,558,558,87,96,339,284,339,0,27,256,30.331105639059388,21.50996361493162,-60922.95895891336,-32.050458605728636,45.194211536270814,9522.522700060774,1.1343
LS120_s04a_sc04,LS120,AF568,LS120_4a.czi,4,-47736,1836,13056,16736,5.2,0.65,1632,2092,400,346.8064,0,225.0,481,481,79,115,303,289,303,0,7,256,37.61277089135547,8.817568946389656,-47308.10607890509,-11.302913134703886,48.21440974553934,6363.25727329724,1.248
LS120_s04a_sc06,LS120,AF568,LS120_4a.czi,6,-34884,1836,13056,16736,5.2,0.65,1632,2092,400,340.5328,0,232.0,510,510,92,131,285,295,295,5,0,256,35.46228219763725,12.535018850605411,-34854.894472017135,-16.06817367369149,45.45777840530627,7665.70597409512,1.2112
LS120_s04a_sc07,LS120,AF568,LS120_4a.czi,7,-34884,20196,13056,14896,5.2,0.65,1632,1862,400,175.5362,0,216.0,430,430,57,104,305,297,305,0,4,256,-38.76954071401633,-3.026610162185534,-22947.27910502643,3.4531544865203614,-44.23338529994362,31431.274378231617,1.1391
LS120_s05a_sc00,LS120,AF568,LS120_5a.czi,0,-88128,1836,14912,16736,5.2,0.65,1864,2092,400,317.027,0,284.0,565,565,62,36,421,398,421,0,11,256,44.857586737081874,41.790945229106,-93190.82339586149,-46.9027132077681,50.34445893452357,8607.558455258317,1.0082
LS136_s02a_sc00,LS136,AF568,LS136_2a.czi,0,-84456,3672,9392,13056,5.2,0.65,1174,1632,400,239.0767,0,125.0,549,549,167,152,205,234,234,14,0,256,-11.02922284786473,18.4114566413773,-80761.7205617948,-25.594120305562683,-15.331934998048382,15632.32756860036,0.8597
LS136_s02a_sc02,LS136,AF568,LS136_2a.czi,2,-73440,5508,5712,13056,5.2,0.65,714,1632,400,308.3572,0,0.0,562,562,125,173,303,222,303,0,40,256,10.488568946064333,13.253603969031246,-73615.81220267894,-30.293951929217656,23.97387187669665,13023.880245719403,0.8545
LS136_s02a_sc03,LS136,AF568,LS136_2a.czi,3,-71604,18360,7552,13056,5.2,0.65,944,1632,400,306.0518,0,334.0,559,559,112,122,293,283,293,0,5,256,12.717119097331306,17.470345114707015,-72158.46402784338,-30.202969520330953,21.985527930977696,26178.54442290178,0.8569
LS136_s02a_sc05,LS136,AF568,LS136_2a.czi,5,-64260,18360,7552,11232,5.2,0.65,944,1404,400,326.8636,0,57.0,554,554,168,156,200,191,200,0,4,256,12.35123348745401,8.06284883513581,-63491.09286863109,-11.991779411582684,18.369843025837326,22709.107211177507,1.1653
LS136_s02a_sc07,LS136,AF568,LS136_2a.czi,7,-56916,18360,9392,11232,5.2,0.65,1174,1404,400,132.0233,0,16.0,565,565,138,146,276,207,276,0,34,256,-16.946270910390012,-18.805357850156724,-46996.612361624415,22.48954209677686,-20.266238805950707,24163.86400729005,0.9818
LS136_s04a_sc07,LS136,AF568,LS136_4a.czi,7,-40392,1836,11232,14896,5.2,0.65,1404,1862,400,265.2839,0,178.0,432,432,20,102,392,262,392,0,65,256,-3.535156926191121,42.85192728171387,-39317.144374589356,-56.830689885005995,-4.6883633878678665,17071.628890597553,0.7571
LS136_s06a_sc00,LS136,AF568,LS136_6a.czi,0,-86292,1836,14912,18592,5.2,0.65,1864,2324,400,22.599,0,254.0,523,523,140,100,273,346,346,36,0,256,46.517427119993954,-19.362416254138225,-81933.54077164078,24.1406949434554,57.99704969252889,1425.7658590000055,1.1667
LS138_s01a_sc01,LS138,AF568,LS138_1a.czi,1,-73440,0,9392,13056,5.2,0.65,1174,1632,400,243.8877,0,2.0,535,535,95,161,282,144,282,0,69,256,-11.383859829089488,23.224766841973178,-70659.56562671949,-32.285195473687054,-15.824922692570908,14076.882383646698,0.8209
LS22_s01a_sc08,LS22,AF568,LS22_1a.czi,8,-44064,20196,7552,11232,5.2,0.65,944,1404,400,193.0935,0,73.0,480,480,87,143,248,288,288,20,0,256,-20.68779314164567,4.8117372048363904,-37533.49384606981,-7.156439656340808,-30.76870929118013,29542.48530267475,1.4226
LS22_s01a_sc09,LS22,AF568,LS22_1a.czi,9,-34884,3672,11232,11232,5.2,0.65,1404,1404,400,257.6654,0,164.0,476,476,93,162,264,172,264,0,46,256,-6.1859083375529735,28.289067575467925,-31737.854636392163,-28.289067575466106,-6.1859083375547925,13976.188563558204,1.0
LS22_s01a_sc10,LS22,AF568,LS22_1a.czi,10,-34884,18360,9392,13056,5.2,0.65,1174,1632,400,313.536,0,192.0,566,566,180,198,255,220,255,0,17,256,16.110099564779375,16.955128776913625,-33577.520044445184,-23.569650906243623,22.394959531284258,25027.3631320178,0.9839
LS22_s01a_sc12,LS22,AF568,LS22_1a.czi,12,-16524,5508,11232,13056,5.2,0.65,1404,1632,400,354.7454,0,235.0,435,435,171,82,250,247,250,0,1,256,27.30663747847393,2.511329953395034,-12548.347522024806,-2.9191527663406305,31.741048692925688,7748.772503982718,1.1594
LS22_s02a_sc01,LS22,AF568,LS22_2a.czi,1,-84456,18360,11232,13056,5.2,0.65,1404,1632,400,221.9774,0,255.0,565,565,164,165,206,261,261,27,0,256,-21.28262760133657,19.14777261391282,-78014.52983106281,-22.25723996146553,-24.738780801562825,30888.012336728323,1.0159
LS22_s02a_sc02,LS22,AF568,LS22_2a.czi,2,-71604,7344,9392,13056,5.2,0.65,1174,1632,400,13.868,0,53.0,484,484,110,90,248,256,256,4,0,256,22.795567398599815,-5.627833239879692,-69148.18264666638,7.823359324959711,31.688557065170244,8007.118416094654,1.3354
LS22_s02a_sc03,LS22,AF568,LS22_2a.czi,3,-71604,22032,9392,11232,5.2,0.65,1174,1404,400,159.3993,0,177.0,515,515,132,191,259,225,259,0,17,256,-22.236143218542566,-8.358312223550456,-63479.15015661693,9.995800989661802,-26.59245747771638,28590.509690472907,1.1434
LS22_s02a_sc05,LS22,AF568,LS22_2a.czi,5,-60588,18360,9392,13056,5.2,0.65,1174,1632,400,31.7408,0,44.0,551,551,118,135,304,252,304,0,26,256,23.712298975340673,-14.66835653896851,-56979.81969183644,20.390764796928124,32.96292327746778,17584.468691435133,1.1537
LS22_s02a_sc07,LS22,AF568,LS22_2a.czi,7,-47736,22032,11232,11232,5.2,0.65,1404,1404,400,152.2274,0,182.0,540,540,144,174,248,218,248,0,15,256,-24.068885053289705,-12.675361081310257,-37559.513184497264,12.675361081310257,-24.068885053289705,28747.516909931524,1.0
LS22_s02a_sc08,LS22,AF568,LS22_2a.czi,8,-36720,3672,11232,13056,5.2,0.65,1404,1632,400,182.5862,0,187.0,418,418,97,135,262,175,262,0,43,256,-28.708853442971304,1.2967507492357981,-28128.19472510345,-1.507334204239669,-33.370974942256,14158.506371283303,1.1617
LS22_s02a_sc10,LS22,AF568,LS22_2a.czi,10,-23868,3672,11232,13056,5.2,0.65,1404,1632,400,184.1304,0,179.0,428,428,46,140,306,173,306,0,66,256,-33.47719663921089,2.417555443025776,-13849.4968598752,-2.8101499166805297,-38.91366446951179,15127.833067329433,1.1606
LS22_s04a_sc05,LS22,AF568,LS22_4a.czi,5,-56916,16524,14912,16736,5.2,0.65,1864,2092,400,224.6859,0,283.0,566,566,123,128,271,311,311,20,0,256,-32.1994891966533,31.848396872766898,-48756.75408548639,-35.74401623274025,-36.13805332584889,34758.94714520371,1.0013
LS22_s04a_sc06,LS22,AF568,LS22_4a.czi,6,-44064,0,14912,16736,5.2,0.65,1864,2092,400,75.606,0,353.0,487,487,28,114,374,266,374,0,54,256,13.539020322190481,-52.754099298326764,-32002.58108092218,59.20685393353142,15.195080747866541,-2240.8520567683495,0.9039
LS22_s05a_sc00,LS22,AF568,LS22_5a.czi,0,-86292,1836,14912,16736,5.2,0.65,1864,2092,400,233.6168,0,110.0,559,559,129,120,282,340,340,29,0,256,-29.369948898718576,39.86093021916167,-79652.38277673727,-44.736623400476674,-32.962410459284,20166.02831357676,0.9665
LS22_s08a_sc00,LS22,AF568,LS22_8a.czi,0,-86292,3672,14896,14896,5.2,0.65,1862,1862,400,213.4944,0,294.0,554,554,148,144,249,281,281,16,0,256,-34.088706548995106,22.558063338467036,-77083.95803850392,-22.55806333845976,-34.088706549013295,18198.023916495298,1.0
LS22_s08a_sc02,LS22,AF568,LS22_8a.czi,2,-71604,1836,14912,16736,5.2,0.65,1864,2092,400,193.4523,0,85.0,482,482,88,125,274,331,331,28,0,256,-46.87939721027942,11.213512862472271,-58613.3155066111,-12.585122804877756,-52.613572405520245,16649.445656749238,1.1083
LS22_s08a_sc03,LS22,AF568,LS22_8a.czi,3,-69768,18360,13056,14896,5.2,0.65,1632,1862,400,345.58,0,327.0,487,487,126,90,276,267,276,0,4,256,34.08138879957551,8.763277782491059,-68217.15569308824,-9.998298548398452,38.88452570146546,21227.590736956543,1.1223
LS22_s08a_sc04,LS22,AF568,LS22_8a.czi,4,-55080,5508,13056,14896,5.2,0.65,1632,1862,400,358.7231,0,289.0,409,409,49,5,284,324,324,20,0,256,41.29974094743375,0.9205963691783836,-54406.90050743172,-1.050337279055384,47.120170125072946,5693.14672088494,1.1408
LS22_s08a_sc05,LS22,AF568,LS22_8a.czi,5,-55080,20196,13056,14896,5.2,0.65,1632,1862,400,37.4292,0,317.0,561,561,164,101,365,385,385,10,0,256,38.98062589101028,-29.834434155767667,-48269.34033407751,34.03904191056063,44.47421900065456,19507.828981754974,1.0348
LS22_s08a_sc06,LS22,AF568,LS22_8a.czi,6,-42228,1836,14896,14896,5.2,0.65,1862,1862,400,212.7815,0,139.0,553,553,126,150,353,320,353,0,16,256,-43.17248737345653,27.80300298229122,-32952.885748623674,-27.80300298229122,-43.17248737346381,16740.62114514909,1.0
LS22_s08a_sc07,LS22,AF568,LS22_8a.czi,7,-40392,18360,13056,13056,5.2,0.65,1632,1632,400,319.1783,0,284.0,564,564,168,144,244,305,305,30,0,256,29.428012034091807,25.42104962371377,-40341.916704355805,-25.421049623710132,29.428012034095445,24549.901068707164,1.0
LS22_s08a_sc08,LS22,AF568,LS22_8a.czi,8,-27540,5508,13056,13056,5.2,0.65,1632,1632,400,325.2708,0,273.0,557,557,180,12,293,425,425,66,0,256,44.53418466092626,30.87056126533207,-30346.619406347167,-30.870561265331162,44.53418466092535,7948.763250988775,1.0
LS22_s09a_sc01,LS22,AF568,LS22_9a.czi,1,-86292,18360,13056,13056,5.2,0.65,1632,1632,400,319.6903,0,281.0,564,564,191,62,243,387,387,72,0,256,37.62656806591258,31.92058398325753,-88435.67790250492,-31.92058398325753,37.626568065901665,22852.883521710006,1.0
LS22_s09a_sc02,LS22,AF568,LS22_9a.czi,2,-73440,5508,13056,13056,5.2,0.65,1632,1632,400,320.9466,0,283.0,563,563,190,128,228,330,330,51,0,256,32.673706911242334,26.50913996489544,-73655.01461347876,-26.50913996489544,32.673706911238696,11074.801796004504,1.0
LS22_s09a_sc03,LS22,AF568,LS22_9a.czi,3,-75276,18360,14896,14896,5.2,0.65,1862,1862,400,327.2547,0,281.0,553,553,187,145,226,294,294,34,0,256,35.971290878602304,23.13335294681019,-74319.55490944645,-23.133352946817467,35.97129087860594,24179.284787432658,1.0
LS22_s09a_sc04,LS22,AF568,LS22_9a.czi,4,-58752,3672,14896,13056,5.2,0.65,1862,1632,400,343.975,0,294.0,495,495,120,85,241,301,301,30,0,256,42.08461602747411,12.08747697842773,-58588.85667951106,-10.594394430070679,36.88619406919133,6530.409388663582,0.8944
LS22_s09a_sc05,LS22,AF568,LS22_9a.czi,5,-58752,16524,13056,13056,5.2,0.65,1632,1632,400,350.4576,0,306.0,461,461,103,59,276,319,319,21,0,256,40.1097201610537,6.742596299038269,-57912.530172665465,-6.742596299038269,40.1097201610537,18347.91048027976,1.0
LS22_s09a_sc06,LS22,AF568,LS22_9a.czi,6,-45900,0,14896,14896,5.2,0.65,1862,1862,400,140.1109,0,95.0,563,563,174,117,213,292,292,39,0,256,-32.5919689345792,-27.24056663751253,-30371.245222712118,27.240566637516167,-32.59196893458102,8642.977670768158,1.0
LS37_s01a_sc04,LS37,AF568,LS37_1a.czi,4,-71604,20196,11232,11232,5.2,0.65,1404,1404,400,213.5787,0,170.0,554,554,200,206,299,219,299,0,40,256,-27.32369310282229,18.139192568545695,-65919.12956660496,-18.139192568549333,-27.323693102825928,29577.87667462647,1.0
LS37_s01a_sc05,LS37,AF568,LS37_1a.czi,5,-62424,5508,11232,13056,5.2,0.65,1404,1632,400,113.3568,0,83.0,526,526,130,118,213,296,296,41,0,256,-12.871908704022644,-29.80692071592057,-51158.342123199094,34.6473608321794,-14.962218664513784,8704.226070806984,0.9023
LS37_s01a_sc06,LS37,AF568,LS37_1a.czi,6,-62424,20196,13056,13056,5.2,0.65,1632,1632,400,186.9215,0,149.0,445,445,104,126,249,217,249,0,16,256,-31.51613227870257,3.825854472059291,-52516.701444078346,-3.825854472059291,-31.51613227870257,30813.677323455842,1.0
LS37_s01a_sc07,LS37,AF568,LS37_1a.czi,7,-49572,3672,11232,13056,5.2,0.65,1404,1632,400,215.4328,0,178.0,558,558,130,224,300,208,300,0,46,256,-26.81189552761498,19.077304507685767,-42199.03343666108,-22.175328316619925,-31.16596403209769,15674.938984902818,1.0502
LS37_s01a_sc08,LS37,AF568,LS37_1a.czi,8,-51408,18360,13056,13056,5.2,0.65,1632,1632,400,218.2564,0,175.0,562,562,149,231,274,206,274,0,34,256,-27.43262940835848,21.631113442068454,-43201.32429992138,-21.631113442068454,-27.432629408354842,29680.16100533306,1.0
LS37_s01a_sc09,LS37,AF568,LS37_1a.czi,9,-36720,5508,9392,11232,5.2,0.65,1174,1404,400,209.3244,0,173.0,545,545,100,169,377,256,377,0,60,256,-30.14716652640709,16.934706177111366,-30383.466145142876,-20.25240840942206,-36.0533405477654,17466.900115779685,1.0968
LS37_s01a_sc10,LS37,AF568,LS37_1a.czi,10,-36720,20196,11232,13056,5.2,0.65,1404,1632,400,211.5204,0,178.0,550,550,157,218,318,223,318,0,47,256,-29.734134367830848,18.235658852543565,-29815.94247771585,-21.197005161928246,-34.562754478844,31599.409136457776,1.0702
LS37_s01a_sc11,LS37,AF568,LS37_1a.czi,11,-25704,5508,13056,11232,5.2,0.65,1632,1404,400,221.6144,0,175.0,565,565,117,245,323,234,323,0,44,256,-30.78934477059738,27.349854750020313,-16909.721015176478,-23.528919159945872,-26.487892192355503,15892.256701660559,0.9825
LS37_s01a_sc12,LS37,AF568,LS37_1a.czi,12,-23868,20196,13056,11232,5.2,0.65,1632,1404,400,204.8023,0,155.0,531,531,108,150,301,263,301,0,19,256,-34.83758924467293,16.098909337888472,-14528.339599013034,-13.849797003917047,-29.970573100195907,31069.71303150575,0.9075
LS37_s03a_sc01,LS37,AF568,LS37_3a.czi,1,-82620,20196,9392,13056,5.2,0.65,1174,1632,400,285.2456,0,256.0,491,491,180,85,292,288,292,0,2,256,7.042468885338167,25.839358748140512,-81997.19416218191,-35.9197900144427,9.789871568023955,27374.89525218909,0.7549
LS37_s03a_sc02,LS37,AF568,LS37_3a.czi,2,-73440,5508,9392,13056,5.2,0.65,1174,1632,400,297.9918,0,261.0,541,541,219,100,259,316,316,28,0,256,13.603096388324047,25.592524365827558,-73139.51839599913,-35.57666078792863,18.909926154821733,11703.020251513328,0.8354
LS37_s03a_sc03,LS37,AF568,LS37_3a.czi,3,-71604,20196,13056,13056,5.2,0.65,1632,1632,400,298.7475,0,235.0,543,543,200,182,264,257,264,0,3,256,16.18880014048773,29.511325792162097,-68826.64990873804,-29.511325792165735,16.18880014048409,27307.37100979983,1.0
LS37_s03a_sc04,LS37,AF568,LS37_3a.czi,4,-64260,3672,11232,13056,5.2,0.65,1404,1632,400,193.4174,0,149.0,482,482,67,141,250,186,250,0,32,256,-26.673403909866465,6.363077272566443,-54765.67917705183,-7.396397513408374,-31.0049823225836,15685.541284009805,1.1435
LS37_s03a_sc05,LS37,AF568,LS37_3a.czi,5,-49572,3672,9392,13056,5.2,0.65,1174,1632,400,261.3408,0,32.0,456,456,93,130,235,161,235,0,37,256,-3.245088411924371,21.308220850944053,-47527.40186821738,-29.620967997225307,-4.511059870743338,15198.520722734,0.7309
LS37_s03a_sc06,LS37,AF568,LS37_3a.czi,6,-45900,16524,11232,14896,5.2,0.65,1404,1862,400,221.2325,0,197.0,564,564,136,248,231,178,231,0,26,256,-19.055082104125177,16.700556526360742,-38316.52704426583,-22.1484588690073,-25.27105618081987,29208.291201892956,1.0367
LS37_s03a_sc07,LS37,AF568,LS37_3a.czi,7,-36720,1836,9392,11232,5.2,0.65,1174,1404,400,246.2092,0,19.0,527,527,92,163,273,206,273,0,33,256,-10.100799871339404,22.911488768077106,-33265.39510458567,-27.40011092876739,-12.079661856356324,13346.97437668225,0.8869
LS37_s05a_sc03,LS37,AF568,LS37_5a.czi,3,-60588,1836,14912,16736,5.2,0.65,1864,2092,400,49.2922,0,347.0,564,564,42,157,429,247,429,0,91,256,40.74506600253517,-47.3574803353622,-52870.53609660946,53.15013350943718,45.728904547906495,-3256.783578176284,0.983
LS37_s05a_sc04,LS37,AF568,LS37_5a.czi,4,-56916,18360,14896,14896,5.2,0.65,1862,1862,400,240.494,0,346.0,545,545,6,88,437,294,437,0,71,256,-31.30903899515397,55.32512188508554,-52852.847097809456,-55.32512188507826,-31.309038995146693,39084.167446065505,1.0
LS37_s05a_sc05,LS37,AF568,LS37_5a.czi,5,-45900,1836,13088,16736,5.2,0.65,1636,2092,400,238.4001,0,358.0,550,550,95,142,347,229,347,0,59,256,-23.239215158770094,37.77491940339678,-41617.4289893754,-48.30387004395743,-29.71664921280535,20784.837215107087,0.8966
LS37_s05a_sc06,LS37,AF568,LS37_5a.czi,6,-44064,18360,14912,16736,5.2,0.65,1864,2092,400,247.2291,0,185.0,524,524,116,173,337,183,337,0,77,256,-18.99460450638435,45.25065710889612,-40198.366295564876,-50.78560872950766,-21.3179788773341,35008.695215827065,0.9225
LS45_s03a_sc01,LS45,AF568,LS45_3a.czi,1,-86292,18360,9392,13056,5.2,0.65,1174,1632,400,289.9855,0,342.0,513,513,144,112,239,223,239,0,8,256,7.4921291066712,20.60069542659039,-85853.83838993585,-28.637423284664692,10.414952897863259,26624.503950856975,0.7798
LS45_s03a_sc02,LS45,AF568,LS45_3a.czi,2,-75276,3672,11232,13056,5.2,0.65,1404,1632,400,87.4256,0,11.0,418,418,73,76,264,200,264,0,32,256,1.3006797722846386,-28.928274030433386,-65220.82202404654,33.626027932814395,1.5119012737650337,5537.104955843119,0.8608
LS45_s03a_sc04,LS45,AF568,LS45_3a.czi,4,-64260,1836,11232,14896,5.2,0.65,1404,1862,400,218.708,0,315.0,562,562,151,115,257,268,268,5,0,256,-22.939162920039962,18.382989925215952,-58607.0917780852,-24.37972025694762,-30.42216620876934,17220.44796455708,1.0618
LS45_s04a_sc05,LS45,AF568,LS45_4a.czi,5,-62424,18360,9392,13056,5.2,0.65,1174,1632,400,238.7289,0,168.0,550,550,141,165,301,251,301,0,25,256,-14.330638706771424,23.5965722762121,-58803.44446733233,-32.8020493652366,-19.92129673717136,30883.29120622395,0.8627
LS45_s04a_sc06,LS45,AF568,LS45_4a.czi,6,-53244,0,13056,18592,5.2,0.65,1632,2324,400,292.7768,0,162.0,524,524,92,138,303,285,303,0,9,256,14.95624791496084,35.61994812680496,-52845.483859340515,-50.72350456292588,21.29799029066635,14169.475180691965,0.7848
LS45_s04a_sc08,LS45,AF568,LS45_4a.czi,8,-38556,1836,13056,16736,5.2,0.65,1632,2092,400,278.7644,0,344.0,456,456,69,67,321,295,321,0,13,256,6.236162973982573,40.44960478931898,-38412.47011745231,-51.85084143336644,7.993904988701615,15643.667001830287,0.7895
LS45_s05a_sc00,LS45,AF568,LS45_5a.czi,0,-86292,0,13056,18592,5.2,0.65,1632,2324,400,141.7781,0,244.0,562,562,121,161,330,364,364,17,0,256,-36.4606535454368,-28.714262014531414,-72838.47959366588,40.88967213343494,-51.920685563489315,8578.271957021758,1.083
LS45_s05a_sc01,LS45,AF568,LS45_5a.czi,1,-88128,16524,16736,18592,5.2,0.65,2092,2324,400,2.8816,0,275.0,420,420,62,62,353,353,353,0,0,256,57.620485605672,-2.9004084425832843,-85609.82490066618,3.2220598568783316,64.01052033822634,18633.44632286823,1.1103
LS45_s05a_sc02,LS45,AF568,LS45_5a.czi,2,-73440,1836,14912,18592,5.2,0.65,1864,2324,400,65.493,0,148.0,530,530,123,155,294,270,294,0,12,256,17.759319920391135,-38.95669063238893,-64056.052549013286,48.570466217636294,22.1419847076113,2805.628149504713,0.8665
LS45_s05a_sc05,LS45,AF568,LS45_5a.czi,5,-56916,16524,14912,18592,5.2,0.65,1864,2324,400,211.1222,0,297.0,549,549,64,29,379,397,397,9,0,256,-49.49192494381714,29.88154593760555,-47199.107840998484,-37.25574718830467,-61.70559740848694,40808.20278345479,1.1068
LS61_s01a_sc11,LS61,AF568,LS61_1a.czi,11,-31212,1836,11232,13056,5.2,0.65,1404,1632,400,197.9967,0,175.0,504,504,68,133,299,239,299,0,30,256,-31.191964289319003,10.1329105192126,-21989.270172238765,-11.778425902672097,-36.257326011513214,14816.95341870076,1.1291
LS61_s02a_sc01,LS61,AF568,LS61_2a.czi,1,-84456,18360,11232,13056,5.2,0.65,1404,1632,400,160.1074,0,34.0,512,512,108,134,315,260,315,0,27,256,-32.489936287805904,-11.756466782448115,-73534.63947130882,13.66563660180691,-37.76607978752145,27801.428216012464,1.1222
LS61_s02a_sc05,LS61,AF568,LS61_2a.czi,5,-44064,5508,9392,11232,5.2,0.65,1174,1404,400,205.6739,0,155.0,534,534,77,209,282,239,282,0,21,256,-23.311179486554465,11.205845368305745,-36160.92942770674,-13.40119837912971,-27.87810562105733,15410.14438077,1.1174
LS61_s03a_sc00,LS61,AF568,LS61_3a.czi,0,-84456,1836,11232,13056,5.2,0.65,1404,1632,400,140.2292,0,347.0,563,563,179,183,285,228,285,0,28,256,-24.02747342325165,-19.99816827297036,-74381.44585952231,23.245734060885297,-27.929370816771552,9390.979875561232,1.0275
LS61_s03a_sc01,LS61,AF568,LS61_3a.czi,1,-82620,16524,9392,11232,5.2,0.65,1174,1404,400,126.7583,0,112.0,560,560,153,148,251,282,282,15,0,256,-15.478464416155475,-20.7219496860489,-73467.69856787952,24.78161614923374,-18.51087226598247,21162.74560369791,0.951
LS61_s04a_sc09,LS61,AF568,LS61_4a.czi,9,-22032,1836,14912,18592,5.2,0.65,1864,2324,400,247.5759,0,9.0,522,522,116,143,288,270,288,0,9,256,-15.998401511576958,38.768734169098025,-16883.15796282434,-48.33612564860232,-19.94650488890329,19575.586986897324,0.8563
LS61_s05a_sc00,LS61,AF568,LS61_5a.czi,0,-86292,3672,14912,16736,5.2,0.65,1864,2092,400,257.4953,0,307.0,477,477,126,13,325,359,359,17,0,256,-11.319522934383713,51.039214834570885,-85982.05371853214,-57.28220892376703,-12.704099773989583,19333.603118614395,0.9008
LS61_s05a_sc01,LS61,AF568,LS61_5a.czi,1,-84456,16524,13056,16736,5.2,0.65,1632,2092,400,48.2198,0,221.0,565,565,44,135,442,398,442,0,22,256,37.54791896660754,-42.024276392068714,-78995.34301858071,53.86935429668483,48.131278479268076,12772.575584010632,0.9731
LS61_s05a_sc02,LS61,AF568,LS61_5a.czi,2,-73440,1836,16736,16736,5.2,0.65,2092,2092,400,335.2924,0,252.0,531,531,145,40,305,389,389,42,0,256,57.75688528592582,26.574442091587116,-75154.08066267912,-26.574442091576202,57.75688528592582,4486.304119344597,1.0
LS61_s05a_sc08,LS61,AF568,LS61_5a.czi,8,-29376,1836,14912,16736,5.2,0.65,1864,2092,400,77.0582,0,123.0,479,479,7,4,394,435,435,20,0,256,14.18728528187421,-61.73773164440354,-15499.549373163933,69.28934259661628,15.92263991935397,-2260.399114266922,0.9015
LS69_s01a_sc02,LS69,AF568,LS69_1a.czi,2,-77112,14688,9392,11232,5.2,0.65,1174,1404,400,312.1716,0,12.0,565,565,169,150,254,208,254,0,23,256,15.640237856161548,17.26594289690547,-76898.68630327894,-20.6485381833445,18.7043389693863,19729.664119928242,0.9827
LS69_s01a_sc04,LS69,AF568,LS69_1a.czi,4,-67932,3672,9392,11232,5.2,0.65,1174,1404,400,316.1092,0,32.0,566,566,157,160,241,209,241,0,16,256,15.92967019675416,15.324558524502208,-67619.13028149813,-18.326814453484985,19.050474409057642,8924.435048400148,1.0069
LS69_s01a_sc05,LS69,AF568,LS69_1a.czi,5,-66096,18360,9392,11232,5.2,0.65,1174,1404,400,279.1757,0,24.0,459,459,109,77,255,231,255,0,12,256,3.7295361119613517,23.089007345886785,-65654.79860016172,-27.61240742217342,4.460194805109495,26564.187895755753,0.844
LS69_s01a_sc08,LS69,AF568,LS69_1a.czi,8,-51408,0,11232,11232,5.2,0.65,1404,1404,400,227.1429,0,292.0,565,565,162,147,237,303,303,33,0,256,-22.60573503505293,24.363225166169286,-45652.5357454517,-24.363225166174743,-22.60573503505475,11336.12288962164,1.0
LS69_s01a_sc10,LS69,AF568,LS69_1a.czi,10,-38556,1836,11232,11232,5.2,0.65,1404,1404,400,198.5971,0,325.0,507,507,116,128,255,228,255,0,13,256,-26.509827869675064,8.92005648344275,-30533.67167653332,-8.92005648344093,-26.509827869678702,12347.612293762128,1.0
LS69_s01a_sc11,LS69,AF568,LS69_1a.czi,11,-40392,16524,13056,11232,5.2,0.65,1632,1404,400,95.1552,0,168.0,434,434,63,108,263,245,263,0,9,256,-3.013001319304749,-33.39686181813886,-29598.6119056573,28.731123770015984,-2.5920673114633246,18139.96437931499,1.1595
LS69_s01a_sc12,LS69,AF568,LS69_1a.czi,12,-27540,3672,9392,11232,5.2,0.65,1174,1404,400,196.1742,0,166.0,496,496,74,129,287,226,287,0,30,256,-25.281384212736157,7.332581268190552,-19907.70611409168,-8.769117632487905,-30.234295940956144,14643.831255559318,1.1626
LS69_s01a_sc13,LS69,AF568,LS69_1a.czi,13,-27540,20196,9392,11232,5.2,0.65,1174,1404,400,104.4432,0,108.0,487,487,63,98,278,324,324,23,0,256,-7.4119762913906015,-28.77768696788553,-18365.95408762974,34.41556431253048,-8.864067046943092,21306.13232560513,0.8553
LS69_s02a_sc00,LS69,AF568,LS69_2a.czi,0,-86292,5508,11232,13056,5.2,0.65,1404,1632,400,117.2503,0,142.0,539,539,51,130,278,244,278,0,17,256,-13.962143265001941,-27.108840397791937,-73984.43827108087,31.511130718803543,-16.229499863597994,8038.245400493321,0.9167
LS69_s02a_sc01,LS69,AF568,LS69_2a.czi,1,-86292,18360,9392,13056,5.2,0.65,1174,1632,400,241.8036,0,243.0,542,542,160,30,328,396,396,34,0,256,-17.161308349546744,32.01058100257069,-84971.10324145117,-44.498524868999084,-23.856265099195298,32737.755369402606,0.8371
LS69_s02a_sc02,LS69,AF568,LS69_2a.czi,2,-75276,16524,9392,11232,5.2,0.65,1174,1404,400,39.2296,0,356.0,563,563,157,161,257,206,257,0,25,256,18.25908417585015,-14.907440085007693,-70686.1420867734,17.82797775072686,21.83624717453131,16780.0739738318,1.0361
LS69_s02a_sc04,LS69,AF568,LS69_2a.czi,4,-66096,18360,11232,11232,5.2,0.65,1404,1404,400,109.4641,0,230.0,510,510,183,162,214,216,216,1,0,256,-7.894729113962967,-22.338482680512243,-57353.87913673477,22.338482680508605,-7.894729113955691,22916.704036097028,1.0
LS69_s02a_sc06,LS69,AF568,LS69_2a.czi,6,-53244,16524,9392,11232,5.2,0.65,1174,1404,400,148.3078,0,105.0,550,550,140,175,214,256,256,21,0,256,-19.9787218517813,-12.335358655880555,-44217.940565788085,14.751996211973164,-23.89278149906022,22219.39634819454,1.0827
LS69_s02a_sc08,LS69,AF568,LS69_2a.czi,8,-42228,12852,9392,11232,5.2,0.65,1174,1404,400,168.5419,0,156.0,471,471,47,131,365,246,365,0,59,256,-32.810144177656184,-6.6503371040162165,-32455.3389330718,7.953214049433882,-39.238025916041806,21896.457636729996,1.1788
LS85_s02a_sc05,LS85,AF568,LS85_2a.czi,5,-51408,18360,9392,13056,5.2,0.65,1174,1632,400,238.6328,0,171.0,550,550,121,204,287,165,287,0,61,256,-13.701830137135403,22.47609811910661,-47475.83361971771,-31.24445666983229,-19.047177839696815,31393.431511353156,0.8635
LS85_s02a_sc06,LS85,AF568,LS85_2a.czi,6,-36720,0,9392,13056,5.2,0.65,1174,1632,400,64.9358,0,167.0,532,532,143,197,270,184,270,0,43,256,10.490881610512588,-22.432124164646666,-30875.315125362653,31.183327629218184,14.583576480713191,1361.5466918925629,0.8132
LS85_s02a_sc09,LS85,AF568,LS85_2a.czi,9,-20196,18360,9392,13056,5.2,0.65,1174,1632,400,35.7608,0,134.0,558,558,145,164,238,243,243,2,0,256,18.08562882125989,-13.024962620209408,-16514.69745908837,18.106251274431997,25.141180780487048,19265.526569738726,1.1064
LS87_s01a_sc01,LS87,AF568,LS87_1a.czi,1,-86292,14688,9392,9392,5.2,0.65,1174,1174,400,103.8658,0,100.0,484,484,87,134,171,186,186,7,0,256,-4.088329479942331,-16.562563197207055,-78236.81497608013,16.56256319719614,-4.088329479938693,16301.030195069307,1.0
LS87_s01a_sc02,LS87,AF568,LS87_1a.czi,2,-84456,22032,9392,11232,5.2,0.65,1174,1404,400,295.1252,0,103.0,532,532,186,190,139,217,217,39,0,256,8.450755643236334,18.019791733589955,-82552.77803453404,-21.550074611543096,10.106355130417796,29757.50499532229,0.8925
LS87_s01a_sc04,LS87,AF568,LS87_1a.czi,4,-75276,12852,11232,9392,5.2,0.65,1404,1174,400,140.4747,0,57.0,563,563,111,145,238,215,238,0,11,256,-20.136399256938603,-16.614122956256324,-63353.539809025526,13.892436147183616,-16.837701372969605,17666.11791734962,0.9669
LS87_s04a_sc02,LS87,AF568,LS87_4a.czi,2,-69768,1836,13056,18592,5.2,0.65,1632,2324,400,160.417,0,110.0,511,511,52,85,294,309,309,7,0,256,-37.11862376703357,-13.204952703112212,-54930.59164861279,18.804111569870656,-52.85764806040788,15298.075685682066,1.3094
LS87_s04a_sc04,LS87,AF568,LS87_4a.czi,4,-53244,1836,13056,16736,5.2,0.65,1632,2092,400,251.9709,0,14.0,504,504,82,114,333,300,333,0,16,256,-13.140581671999826,40.3728178304591,-49768.785851237844,-51.75241109149647,-16.844422094254696,18923.477641502737,0.8193
LS87_s04a_sc06,LS87,AF568,LS87_4a.czi,6,-42228,1836,14912,16736,5.2,0.65,1864,2092,400,263.0546,0,14.0,445,445,34,57,336,327,336,0,4,256,-5.916783629691054,48.57094369558763,-40177.500533074235,-54.51202479139465,-6.640510382683715,18855.96330044558,0.8941
LS87_s04a_sc08,LS87,AF568,LS87_4a.czi,8,-27540,1836,13088,18592,5.2,0.65,1636,2324,400,254.9469,0,211.0,490,490,77,150,311,303,311,0,4,256,-10.32353055666681,38.38570532363883,-22686.460596028806,-54.52834912722392,-14.664966389791516,19829.172305091553,0.7404
