scene_uid,animal,section_order,pcna_scene_uid,manual_rotation_deg,manual_flip,final_angle_deg
LS105_s05a_sc01,LS105,53,LS105_s05b_sc01,159.0,0,269.8
LS105_s05a_sc02,LS105,54,LS105_s05b_sc02,325.0,0,238.3
LS105_s05a_sc03,LS105,55,LS105_s05b_sc03,153.0,0,56.5
LS105_s05a_sc04,LS105,56,LS105_s05b_sc04,10.0,0,271.8
LS105_s05a_sc05,LS105,57,LS105_s05b_sc05,164.0,0,280.4
LS105_s05a_sc06,LS105,58,LS105_s05b_sc06,187.0,0,279.3
LS105_s05a_sc07,LS105,59,LS105_s05b_sc07,174.0,0,267.4
LS105_s05a_sc08,LS105,60,LS105_s05b_sc08,149.0,0,47.0
LS105_s05a_sc09,LS105,61,LS105_s05b_sc09,75.0,0,265.9
LS105_s05a_sc11,LS105,63,LS105_s05b_sc11,56.0,0,256.5
LS105_s06a_sc00,LS105,64,LS105_s06b_sc00,331.0,0,261.0
LS105_s06a_sc01,LS105,65,LS105_s06b_sc01,154.0,0,262.1
LS105_s06a_sc02,LS105,66,LS105_s06b_sc02,150.0,0,73.5
LS105_s06a_sc04,LS105,68,LS105_s06b_sc04,247.0,0,331.7
LS105_s06a_sc05,LS105,69,LS105_s06b_sc05,275.0,0,75.8
LS105_s06a_sc06,LS105,70,LS105_s06b_sc06,65.0,0,109.8
LS105_s06a_sc07,LS105,71,LS105_s06b_sc07,349.0,0,133.0
LS105_s06a_sc08,LS105,72,LS105_s06b_sc08,14.0,0,278.7
LS105_s08a_sc00,LS105,76,,0.0,0,115.0
LS105_s08a_sc01,LS105,77,,0.0,0,337.7
LS105_s08a_sc02,LS105,78,LS105_s08b_sc01,336.0,0,266.9
LS105_s08a_sc03,LS105,79,LS105_s08b_sc02,328.0,0,271.8
LS105_s08a_sc05,LS105,81,LS105_s08b_sc04,180.0,0,5.1
LS105_s08a_sc06,LS105,82,,0.0,0,78.7
LS105_s08a_sc07,LS105,83,,0.0,0,186.3
LS105_s08a_sc08,LS105,84,LS105_s08b_sc06,292.0,0,37.5
LS105_s08a_sc09,LS105,85,LS105_s08b_sc07,9.0,0,271.2
LS105_s08a_sc11,LS105,87,LS105_s08b_sc09,335.0,0,196.1
LS120_s01a_sc00,LS120,1,LS120_s01b_sc00,265.0,0,50.6
LS120_s01a_sc02,LS120,3,LS120_s01b_sc03,339.0,0,108.3
LS120_s01a_sc03,LS120,4,LS120_s01b_sc02,354.0,0,109.8
LS120_s01a_sc04,LS120,5,,0.0,0,120.3
LS120_s01a_sc05,LS120,6,LS120_s01b_sc05,303.0,0,292.9
LS120_s01a_sc06,LS120,7,LS120_s01b_sc04,59.0,0,174.8
LS120_s01a_sc09,LS120,10,LS120_s01b_sc07,101.0,0,198.7
LS120_s01a_sc11,LS120,12,LS120_s01b_sc11,119.0,0,114.2
LS120_s01a_sc12,LS120,13,LS120_s01b_sc10,331.0,0,68.0
LS120_s01a_sc14,LS120,15,LS120_s01b_sc13,132.0,0,127.9
LS120_s01a_sc15,LS120,16,LS120_s01b_sc14,300.0,0,165.2
LS120_s01a_sc16,LS120,17,LS120_s01b_sc16,116.0,0,149.2
LS120_s01a_sc17,LS120,18,LS120_s01b_sc15,142.0,0,134.6
LS120_s01a_sc18,LS120,19,LS120_s01b_sc17,294.0,0,325.7
LS120_s01a_sc19,LS120,20,LS120_s01b_sc18,340.0,0,82.6
LS120_s02a_sc00,LS120,21,LS120_s02b_sc00,231.0,0,320.1
LS120_s02a_sc01,LS120,22,LS120_s02b_sc01,348.0,0,265.5
LS120_s02a_sc02,LS120,23,LS120_s02b_sc02,324.0,0,62.8
LS120_s02a_sc03,LS120,24,LS120_s02b_sc03,175.0,0,223.4
LS120_s02a_sc04,LS120,25,LS120_s02b_sc04,254.0,0,324.0
LS120_s02a_sc06,LS120,27,LS120_s02b_sc06,182.0,0,31.1
LS120_s02a_sc07,LS120,28,LS120_s02b_sc07,178.0,0,24.1
LS120_s02a_sc08,LS120,29,LS120_s02b_sc08,227.0,0,254.4
LS120_s02a_sc09,LS120,30,LS120_s02b_sc09,256.0,0,310.3
LS120_s02a_sc11,LS120,32,LS120_s02b_sc11,95.0,0,301.9
LS120_s02a_sc12,LS120,33,LS120_s02b_sc12,320.0,0,285.8
LS120_s02a_sc13,LS120,34,LS120_s02b_sc13,198.0,0,58.8
LS120_s03a_sc00,LS120,35,LS120_s03b_sc00,25.0,0,291.1
LS120_s03a_sc06,LS120,41,LS120_s03b_sc06,148.0,0,81.2
LS120_s03a_sc07,LS120,42,LS120_s03b_sc07,34.0,0,331.7
LS120_s03a_sc08,LS120,43,,0.0,0,297.0
LS120_s03a_sc09,LS120,44,LS120_s03b_sc08,33.0,0,336.9
LS120_s03a_sc10,LS120,45,LS120_s03b_sc09,36.0,0,329.3
LS120_s03a_sc11,LS120,46,LS120_s03b_sc10,4.0,0,288.0
LS120_s04a_sc00,LS120,49,LS120_s04b_sc00,42.0,0,346.3
LS120_s04a_sc01,LS120,50,LS120_s04b_sc02,120.0,0,65.9
LS120_s04a_sc02,LS120,51,LS120_s04b_sc04,356.0,0,324.7
LS120_s04a_sc03,LS120,52,LS120_s04b_sc05,81.0,0,24.6
LS120_s04a_sc04,LS120,53,LS120_s04b_sc06,225.0,0,346.8
LS120_s04a_sc06,LS120,55,LS120_s04b_sc08,232.0,0,340.5
LS120_s04a_sc07,LS120,56,LS120_s04b_sc09,216.0,0,175.5
LS120_s04a_sc08,LS120,57,LS120_s04b_sc10,79.0,0,321.1
LS120_s04a_sc09,LS120,58,LS120_s04b_sc11,253.0,0,199.9
LS120_s05a_sc00,LS120,59,LS120_s05b_sc00,284.0,0,317.0
LS120_s05a_sc01,LS120,60,LS120_s05b_sc02,30.0,0,91.8
LS120_s05a_sc02,LS120,61,LS120_s05b_sc03,297.0,0,242.3
LS120_s05a_sc03,LS120,62,LS120_s05b_sc04,346.0,0,90.0
LS120_s05a_sc05,LS120,64,LS120_s05b_sc06,304.0,0,206.0
LS120_s05a_sc07,LS120,66,LS120_s05b_sc08,137.0,0,204.5
LS120_s05a_sc09,LS120,68,LS120_s05b_sc10,152.0,0,230.9
LS120_s06a_sc00,LS120,70,LS120_s06b_sc00,16.0,0,179.5
LS120_s06a_sc02,LS120,72,LS120_s06b_sc02,256.0,0,225.6
LS120_s06a_sc03,LS120,73,LS120_s06b_sc03,133.0,0,48.7
LS120_s06a_sc04,LS120,74,LS120_s06b_sc04,334.0,0,240.6
LS120_s06a_sc06,LS120,76,LS120_s06b_sc06,313.0,0,284.3
LS120_s06a_sc07,LS120,77,LS120_s06b_sc07,69.0,0,249.3
LS120_s06a_sc08,LS120,78,LS120_s06b_sc08,113.0,0,200.2
LS120_s07a_sc00,LS120,80,LS120_s07b_sc00,29.0,0,306.7
LS120_s07a_sc08,LS120,88,LS120_s07b_sc08,244.0,0,71.1
LS120_s07a_sc11,LS120,91,,0.0,0,8.3
LS120_s08a_sc00,LS120,92,LS120_s08b_sc01,238.0,0,196.0
LS120_s08a_sc01,LS120,93,LS120_s08b_sc02,346.0,0,16.4
LS120_s08a_sc04,LS120,96,,0.0,0,20.1
LS120_s08a_sc06,LS120,98,,0.0,0,151.1
LS120_s08a_sc08,LS120,100,,0.0,0,339.4
LS120_s08a_sc10,LS120,102,,0.0,0,59.1
LS120_s09a_sc00,LS120,103,LS120_s09b_sc02,297.0,0,329.6
LS120_s09a_sc01,LS120,104,LS120_s09b_sc03,180.0,0,1.4
LS120_s09a_sc02,LS120,105,LS120_s09b_sc04,283.0,0,316.7
LS120_s09a_sc03,LS120,106,LS120_s09b_sc05,14.0,0,115.7
LS136_s02a_sc00,LS136,17,LS136_s02b_sc00,125.0,0,239.1
LS136_s02a_sc01,LS136,18,LS136_s02b_sc01,344.0,0,287.8
LS136_s02a_sc02,LS136,19,,0.0,0,308.4
LS136_s02a_sc03,LS136,20,LS136_s02b_sc04,334.0,0,306.1
LS136_s02a_sc05,LS136,22,LS136_s02b_sc06,57.0,0,326.9
LS136_s02a_sc07,LS136,24,LS136_s02b_sc08,16.0,0,132.0
LS136_s02a_sc08,LS136,25,LS136_s02b_sc10,354.0,0,306.8
LS136_s02a_sc10,LS136,27,LS136_s02b_sc12,356.0,0,308.6
LS136_s02a_sc12,LS136,29,LS136_s02b_sc14,340.0,0,113.5
LS136_s03a_sc03,LS136,35,LS136_s03b_sc03,339.0,0,261.2
LS136_s03a_sc04,LS136,36,LS136_s03b_sc04,4.0,0,299.4
LS136_s04a_sc01,LS136,45,LS136_s04b_sc01,184.0,0,122.7
LS136_s04a_sc02,LS136,46,LS136_s04b_sc02,14.0,0,294.8
LS136_s04a_sc03,LS136,47,LS136_s04b_sc03,356.0,0,305.8
LS136_s04a_sc05,LS136,49,LS136_s04b_sc06,12.0,0,132.6
LS136_s04a_sc07,LS136,51,LS136_s04b_sc08,178.0,0,265.3
LS136_s04a_sc08,LS136,52,LS136_s04b_sc09,123.0,0,287.8
LS136_s04a_sc09,LS136,53,LS136_s04b_sc10,204.0,0,285.9
LS136_s04a_sc10,LS136,54,LS136_s04b_sc11,53.0,0,301.2
LS136_s04a_sc11,LS136,55,LS136_s04b_sc12,205.0,0,254.3
LS136_s06a_sc00,LS136,69,LS136_s06b_sc00,254.0,0,22.6
LS136_s06a_sc03,LS136,72,,0.0,0,261.9
LS136_s06a_sc05,LS136,74,,0.0,0,34.6
LS136_s06a_sc07,LS136,76,,0.0,0,352.2
LS136_s07a_sc00,LS136,78,LS136_s07b_sc00,245.0,0,179.9
LS136_s08a_sc07,LS136,93,LS136_s08b_sc09,195.0,0,49.1
LS136_s08a_sc08,LS136,94,LS136_s08b_sc10,335.0,0,45.7
LS138_s01a_sc00,LS138,1,LS138_s01b_sc01,252.0,0,67.1
LS138_s01a_sc01,LS138,2,LS138_s01b_sc02,2.0,0,243.9
LS138_s01a_sc02,LS138,3,LS138_s01b_sc03,6.0,0,72.6
LS138_s01a_sc05,LS138,6,LS138_s01b_sc06,151.0,0,206.9
LS138_s01a_sc06,LS138,7,LS138_s01b_sc07,315.0,0,188.2
LS138_s01a_sc07,LS138,8,LS138_s01b_sc08,322.0,0,202.2
LS138_s01a_sc08,LS138,9,LS138_s01b_sc09,118.0,0,167.4
LS138_s01a_sc09,LS138,10,LS138_s01b_sc10,139.0,0,220.6
LS138_s01a_sc10,LS138,11,LS138_s01b_sc11,106.0,0,183.0
LS138_s07a_sc00,LS138,64,LS138_s07b_sc00,5.0,0,326.1
LS138_s07a_sc02,LS138,66,LS138_s07b_sc02,357.0,0,313.5
LS138_s07a_sc03,LS138,67,LS138_s07b_sc03,100.0,0,301.1
LS138_s07a_sc04,LS138,68,LS138_s07b_sc04,123.0,0,147.9
LS138_s07a_sc05,LS138,69,LS138_s07b_sc05,25.0,0,191.2
LS138_s07a_sc06,LS138,70,LS138_s07b_sc06,355.0,0,63.9
LS138_s07a_sc07,LS138,71,LS138_s07b_sc07,355.0,0,122.6
LS22_s01a_sc00,LS22,1,,0.0,0,87.1
LS22_s01a_sc01,LS22,2,LS22_s01b_sc00,342.0,0,246.1
LS22_s01a_sc02,LS22,3,LS22_s01b_sc01,160.0,0,76.7
LS22_s01a_sc03,LS22,4,LS22_s01b_sc02,69.0,0,332.4
LS22_s01a_sc05,LS22,6,LS22_s01b_sc04,132.0,0,213.2
LS22_s01a_sc06,LS22,7,LS22_s01b_sc05,180.0,0,303.8
LS22_s01a_sc08,LS22,9,LS22_s01b_sc07,73.0,0,193.1
LS22_s01a_sc09,LS22,10,LS22_s01b_sc09,164.0,0,257.7
LS22_s01a_sc10,LS22,11,LS22_s01b_sc08,192.0,0,313.5
LS22_s01a_sc12,LS22,13,LS22_s01b_sc11,235.0,0,354.7
LS22_s02a_sc00,LS22,15,LS22_s02b_sc00,258.0,0,169.5
LS22_s02a_sc01,LS22,16,LS22_s02b_sc01,255.0,0,222.0
LS22_s02a_sc02,LS22,17,LS22_s02b_sc02,53.0,0,13.9
LS22_s02a_sc03,LS22,18,LS22_s02b_sc03,177.0,0,159.4
LS22_s02a_sc04,LS22,19,LS22_s02b_sc04,19.0,0,185.1
LS22_s02a_sc05,LS22,20,LS22_s02b_sc05,44.0,0,31.7
LS22_s02a_sc07,LS22,22,LS22_s02b_sc07,182.0,0,152.2
LS22_s02a_sc08,LS22,23,LS22_s02b_sc08,187.0,0,182.6
LS22_s02a_sc09,LS22,24,LS22_s02b_sc09,147.0,0,131.2
LS22_s02a_sc10,LS22,25,LS22_s02b_sc10,179.0,0,184.1
LS22_s02a_sc11,LS22,26,LS22_s02b_sc11,245.0,0,248.7
LS22_s03a_sc00,LS22,27,LS22_s03b_sc00,19.0,0,214.2
LS22_s03a_sc06,LS22,33,LS22_s03b_sc06,80.0,0,89.9
LS22_s03a_sc07,LS22,34,LS22_s03b_sc07,167.0,0,359.7
LS22_s03a_sc08,LS22,35,LS22_s03b_sc08,233.0,0,56.4
LS22_s04a_sc00,LS22,37,LS22_s04b_sc00,136.0,0,99.4
LS22_s04a_sc01,LS22,38,LS22_s04b_sc01,326.0,0,115.2
LS22_s04a_sc02,LS22,39,LS22_s04b_sc02,4.0,0,312.5
LS22_s04a_sc03,LS22,40,LS22_s04b_sc03,354.0,0,297.8
LS22_s04a_sc05,LS22,42,LS22_s04b_sc05,283.0,0,224.7
LS22_s04a_sc06,LS22,43,LS22_s04b_sc06,353.0,0,75.6
LS22_s05a_sc00,LS22,48,LS22_s05b_sc00,110.0,0,233.6
LS22_s05a_sc01,LS22,49,LS22_s05b_sc01,181.0,0,300.7
LS22_s05a_sc02,LS22,50,LS22_s05b_sc02,7.0,0,290.3
LS22_s05a_sc04,LS22,52,LS22_s05b_sc04,182.0,0,308.8
LS22_s06a_sc00,LS22,58,LS22_s06b_sc00,111.0,0,54.4
LS22_s06a_sc01,LS22,59,LS22_s06b_sc01,186.0,0,138.4
LS22_s06a_sc02,LS22,60,LS22_s06b_sc02,352.0,0,301.4
LS22_s06a_sc03,LS22,61,LS22_s06b_sc03,300.0,0,65.5
LS22_s06a_sc04,LS22,62,LS22_s06b_sc04,3.0,0,314.4
LS22_s06a_sc05,LS22,63,LS22_s06b_sc05,146.0,0,307.9
LS22_s06a_sc06,LS22,64,LS22_s06b_sc06,360.0,0,315.3
LS22_s06a_sc07,LS22,65,LS22_s06b_sc07,291.0,0,110.1
LS22_s06a_sc08,LS22,66,LS22_s06b_sc08,9.0,0,331.8
LS22_s07a_sc00,LS22,68,LS22_s07b_sc00,213.0,0,357.9
LS22_s07a_sc02,LS22,70,LS22_s07b_sc02,332.0,0,309.0
LS22_s07a_sc05,LS22,73,LS22_s07b_sc05,169.0,0,314.4
LS22_s08a_sc00,LS22,79,LS22_s08b_sc00,294.0,0,213.5
LS22_s08a_sc02,LS22,81,LS22_s08b_sc02,85.0,0,193.5
LS22_s08a_sc03,LS22,82,LS22_s08b_sc03,327.0,0,345.6
LS22_s08a_sc04,LS22,83,LS22_s08b_sc04,289.0,0,358.7
LS22_s08a_sc05,LS22,84,LS22_s08b_sc05,317.0,0,37.4
LS22_s08a_sc06,LS22,85,LS22_s08b_sc06,139.0,0,212.8
LS22_s08a_sc07,LS22,86,LS22_s08b_sc07,284.0,0,319.2
LS22_s08a_sc08,LS22,87,LS22_s08b_sc08,273.0,0,325.3
LS22_s09a_sc01,LS22,91,LS22_s09b_sc01,281.0,0,319.7
LS22_s09a_sc02,LS22,92,LS22_s09b_sc02,283.0,0,320.9
LS22_s09a_sc03,LS22,93,LS22_s09b_sc03,281.0,0,327.3
LS22_s09a_sc04,LS22,94,LS22_s09b_sc04,294.0,0,344.0
LS22_s09a_sc05,LS22,95,LS22_s09b_sc05,306.0,0,350.5
LS22_s09a_sc06,LS22,96,LS22_s09b_sc06,95.0,0,140.1
LS22_s09a_sc12,LS22,102,,0.0,0,0.5
LS37_s01a_sc01,LS37,2,,0.0,0,47.4
LS37_s01a_sc02,LS37,3,LS37_s01b_sc01,199.0,0,245.1
LS37_s01a_sc03,LS37,4,LS37_s01b_sc02,186.0,0,210.9
LS37_s01a_sc04,LS37,5,LS37_s01b_sc03,170.0,0,213.6
LS37_s01a_sc05,LS37,6,LS37_s01b_sc04,83.0,0,113.4
LS37_s01a_sc06,LS37,7,LS37_s01b_sc05,149.0,0,186.9
LS37_s01a_sc07,LS37,8,LS37_s01b_sc06,178.0,0,215.4
LS37_s01a_sc08,LS37,9,LS37_s01b_sc07,175.0,0,218.3
LS37_s01a_sc09,LS37,10,LS37_s01b_sc08,173.0,0,209.3
LS37_s01a_sc10,LS37,11,LS37_s01b_sc09,178.0,0,211.5
LS37_s01a_sc11,LS37,12,LS37_s01b_sc10,175.0,0,221.6
LS37_s01a_sc12,LS37,13,LS37_s01b_sc11,155.0,0,204.8
LS37_s03a_sc01,LS37,27,LS37_s03b_sc01,256.0,0,285.2
LS37_s03a_sc02,LS37,28,LS37_s03b_sc02,261.0,0,298.0
LS37_s03a_sc03,LS37,29,LS37_s03b_sc03,235.0,0,298.7
LS37_s03a_sc04,LS37,30,LS37_s03b_sc04,149.0,0,193.4
LS37_s03a_sc05,LS37,31,LS37_s03b_sc06,32.0,0,261.3
LS37_s03a_sc06,LS37,32,LS37_s03b_sc08,197.0,0,221.2
LS37_s03a_sc07,LS37,33,LS37_s03b_sc07,19.0,0,246.2
LS37_s04a_sc00,LS37,37,LS37_s04b_sc00,285.0,0,158.1
LS37_s04a_sc02,LS37,39,LS37_s04b_sc02,174.0,0,239.7
LS37_s04a_sc03,LS37,40,LS37_s04b_sc03,179.0,0,238.4
LS37_s04a_sc04,LS37,41,LS37_s04b_sc04,168.0,0,227.9
LS37_s04a_sc05,LS37,42,LS37_s04b_sc05,336.0,0,222.8
LS37_s04a_sc06,LS37,43,LS37_s04b_sc06,356.0,0,230.7
LS37_s04a_sc08,LS37,45,LS37_s04b_sc08,186.0,0,242.7
LS37_s04a_sc09,LS37,46,LS37_s04b_sc09,184.0,0,239.3
LS37_s04a_sc10,LS37,47,LS37_s04b_sc10,186.0,0,244.3
LS37_s04a_sc11,LS37,48,LS37_s04b_sc11,204.0,0,255.9
LS37_s05a_sc00,LS37,49,LS37_s05b_sc01,184.0,0,66.1
LS37_s05a_sc01,LS37,50,LS37_s05b_sc02,12.0,0,48.8
LS37_s05a_sc03,LS37,52,LS37_s05b_sc04,347.0,0,49.3
LS37_s05a_sc04,LS37,53,LS37_s05b_sc05,346.0,0,240.5
LS37_s05a_sc05,LS37,54,LS37_s05b_sc06,358.0,0,238.4
LS37_s05a_sc06,LS37,55,LS37_s05b_sc07,185.0,0,247.2
LS37_s05a_sc07,LS37,56,LS37_s05b_sc08,349.0,0,51.8
LS37_s05a_sc08,LS37,57,LS37_s05b_sc09,170.0,0,225.5
LS37_s06a_sc00,LS37,60,LS37_s06b_sc00,1.0,0,230.3
LS37_s06a_sc01,LS37,61,LS37_s06b_sc01,142.0,0,204.0
LS37_s06a_sc02,LS37,62,LS37_s06b_sc02,12.0,0,248.5
LS37_s06a_sc03,LS37,63,LS37_s06b_sc03,352.0,0,237.2
LS37_s06a_sc04,LS37,64,LS37_s06b_sc04,17.0,0,90.1
LS37_s06a_sc05,LS37,65,LS37_s06b_sc05,1.0,0,232.1
LS37_s06a_sc06,LS37,66,LS37_s06b_sc06,354.0,0,239.6
LS37_s06a_sc07,LS37,67,LS37_s06b_sc07,17.0,0,239.3
LS37_s06a_sc08,LS37,68,LS37_s06b_sc08,354.0,0,230.6
LS37_s07a_sc00,LS37,72,,0.0,0,62.6
LS37_s07a_sc02,LS37,74,LS37_s07b_sc01,347.0,0,229.5
LS37_s07a_sc03,LS37,75,LS37_s07b_sc02,26.0,0,236.0
LS37_s07a_sc04,LS37,76,LS37_s07b_sc03,356.0,0,62.6
LS37_s07a_sc05,LS37,77,LS37_s07b_sc04,349.0,0,238.1
LS37_s07a_sc06,LS37,78,LS37_s07b_sc05,186.0,0,248.7
LS37_s07a_sc07,LS37,79,LS37_s07b_sc06,355.0,0,213.3
LS37_s08a_sc00,LS37,82,LS37_s08b_sc00,338.0,0,257.3
LS37_s08a_sc02,LS37,84,LS37_s08b_sc02,10.0,0,250.1
LS37_s08a_sc03,LS37,85,LS37_s08b_sc03,16.0,0,253.5
LS37_s08a_sc05,LS37,87,LS37_s08b_sc05,16.0,0,258.9
LS37_s08a_sc07,LS37,89,LS37_s08b_sc07,14.0,0,230.1
LS37_s08a_sc08,LS37,90,LS37_s08b_sc08,21.0,0,255.1
LS37_s09a_sc00,LS37,94,LS37_s09b_sc00,353.0,0,225.4
LS37_s09a_sc01,LS37,95,LS37_s09b_sc01,207.0,0,275.0
LS37_s09a_sc02,LS37,96,,0.0,0,65.4
LS37_s09a_sc03,LS37,97,,0.0,0,70.4
LS37_s09a_sc05,LS37,99,LS37_s09b_sc04,152.0,0,233.7
LS37_s09a_sc07,LS37,101,LS37_s09b_sc06,70.0,0,28.6
LS37_s09a_sc09,LS37,103,LS37_s09b_sc08,302.0,0,70.8
LS37_s09a_sc10,LS37,104,,0.0,0,309.5
LS45_s03a_sc01,LS45,31,LS45_s03b_sc01,342.0,0,290.0
LS45_s03a_sc02,LS45,32,LS45_s03b_sc02,11.0,0,87.4
LS45_s03a_sc03,LS45,33,LS45_s03b_sc03,255.0,0,166.1
LS45_s03a_sc04,LS45,34,LS45_s03b_sc04,315.0,0,218.7
LS45_s03a_sc05,LS45,35,LS45_s03b_sc05,340.0,0,265.9
LS45_s03a_sc06,LS45,36,LS45_s03b_sc06,195.0,0,117.5
LS45_s03a_sc07,LS45,37,LS45_s03b_sc07,173.0,0,276.8
LS45_s03a_sc08,LS45,38,LS45_s03b_sc08,345.0,0,278.1
LS45_s03a_sc09,LS45,39,LS45_s03b_sc09,331.0,0,76.2
LS45_s03a_sc10,LS45,40,LS45_s03b_sc10,77.0,0,6.8
LS45_s03a_sc12,LS45,42,LS45_s03b_sc12,340.0,0,230.0
LS45_s03a_sc13,LS45,43,LS45_s03b_sc13,96.0,0,179.6
LS45_s04a_sc00,LS45,44,LS45_s04b_sc00,227.0,0,357.2
LS45_s04a_sc03,LS45,47,LS45_s04b_sc03,184.0,0,312.8
LS45_s04a_sc04,LS45,48,LS45_s04b_sc04,4.0,0,293.2
LS45_s04a_sc05,LS45,49,LS45_s04b_sc05,168.0,0,238.7
LS45_s04a_sc06,LS45,50,LS45_s04b_sc06,162.0,0,292.8
LS45_s04a_sc08,LS45,52,LS45_s04b_sc08,344.0,0,278.8
LS45_s04a_sc09,LS45,53,LS45_s04b_sc09,85.0,0,336.8
LS45_s05a_sc00,LS45,57,LS45_s05b_sc00,244.0,0,141.8
LS45_s05a_sc01,LS45,58,LS45_s05b_sc01,275.0,0,2.9
LS45_s05a_sc02,LS45,59,LS45_s05b_sc02,148.0,0,65.5
LS45_s05a_sc03,LS45,60,LS45_s05b_sc03,334.0,0,96.7
LS45_s05a_sc05,LS45,62,LS45_s05b_sc05,297.0,0,211.1
LS45_s06a_sc01,LS45,68,LS45_s06b_sc01,108.0,0,44.9
LS45_s06a_sc02,LS45,69,LS45_s06b_sc02,31.0,0,318.9
LS45_s06a_sc03,LS45,70,LS45_s06b_sc03,290.0,0,267.1
LS45_s06a_sc04,LS45,71,LS45_s06b_sc04,228.0,0,169.6
LS45_s06a_sc05,LS45,72,LS45_s06b_sc05,158.0,0,248.7
LS45_s06a_sc06,LS45,73,LS45_s06b_sc06,267.0,0,150.1
LS45_s06a_sc09,LS45,76,LS45_s06b_sc09,331.0,0,284.6
LS45_s07a_sc00,LS45,77,LS45_s07b_sc00,232.0,0,155.1
LS45_s07a_sc01,LS45,78,LS45_s07b_sc01,189.0,0,345.7
LS45_s08a_sc01,LS45,87,LS45_s08b_sc01,285.0,0,255.1
LS45_s08a_sc02,LS45,88,LS45_s08b_sc03,67.0,0,208.2
LS45_s08a_sc03,LS45,89,LS45_s08b_sc04,132.0,0,71.1
LS45_s08a_sc04,LS45,90,LS45_s08b_sc05,254.0,0,191.7
LS45_s08a_sc05,LS45,91,LS45_s08b_sc06,142.0,0,254.2
LS45_s08a_sc07,LS45,93,LS45_s08b_sc08,104.0,0,223.0
LS45_s09a_sc00,LS45,96,,0.0,0,351.7
LS45_s09a_sc02,LS45,98,LS45_s09b_sc01,122.0,0,104.0
LS45_s09a_sc03,LS45,99,LS45_s09b_sc02,343.0,0,342.8
LS45_s09a_sc04,LS45,100,LS45_s09b_sc03,299.0,0,319.2
LS45_s09a_sc05,LS45,101,LS45_s09b_sc04,75.0,0,266.9
LS45_s09a_sc06,LS45,102,LS45_s09b_sc05,150.0,0,183.2
LS45_s09a_sc07,LS45,103,LS45_s09b_sc06,107.0,0,117.2
LS45_s09a_sc09,LS45,105,LS45_s09b_sc08,116.0,0,135.6
LS45_s09a_sc11,LS45,107,LS45_s09b_sc10,76.0,0,280.3
LS45_s10a_sc00,LS45,108,LS45_s10b_sc00,270.0,0,282.7
LS45_s10a_sc02,LS45,110,LS45_s10b_sc02,9.0,0,16.5
LS45_s10a_sc03,LS45,111,LS45_s10b_sc03,307.0,0,47.1
LS45_s10a_sc05,LS45,113,LS45_s10b_sc05,249.0,0,79.1
LS45_s10a_sc06,LS45,114,LS45_s10b_sc06,99.0,0,78.1
LS45_s10a_sc07,LS45,115,LS45_s10b_sc07,64.0,0,256.6
LS45_s10a_sc08,LS45,116,LS45_s10b_sc08,249.0,0,262.2
LS61_s01a_sc02,LS61,3,LS61_s01b_sc03,50.0,0,243.2
LS61_s01a_sc03,LS61,4,,0.0,0,79.8
LS61_s01a_sc05,LS61,6,,0.0,0,122.9
LS61_s01a_sc06,LS61,7,LS61_s01b_sc07,27.0,0,330.2
LS61_s01a_sc07,LS61,8,,0.0,0,141.7
LS61_s01a_sc09,LS61,10,LS61_s01b_sc09,54.0,0,198.9
LS61_s01a_sc11,LS61,12,LS61_s01b_sc11,175.0,0,198.0
LS61_s02a_sc01,LS61,17,LS61_s02b_sc01,34.0,0,160.1
LS61_s02a_sc03,LS61,19,LS61_s02b_sc03,48.0,0,206.6
LS61_s02a_sc05,LS61,21,LS61_s02b_sc08,155.0,0,205.7
LS61_s03a_sc00,LS61,28,LS61_s03b_sc00,347.0,0,140.2
LS61_s03a_sc01,LS61,29,LS61_s03b_sc01,112.0,0,126.8
LS61_s03a_sc03,LS61,31,LS61_s03b_sc03,7.0,0,60.8
LS61_s03a_sc05,LS61,33,LS61_s03b_sc05,203.0,0,247.9
LS61_s03a_sc06,LS61,34,LS61_s03b_sc06,242.0,0,258.7
LS61_s03a_sc07,LS61,35,LS61_s03b_sc07,173.0,0,213.9
LS61_s03a_sc08,LS61,36,LS61_s03b_sc09,139.0,0,345.3
LS61_s03a_sc09,LS61,37,LS61_s03b_sc10,153.0,0,218.8
LS61_s03a_sc10,LS61,38,LS61_s03b_sc11,302.0,0,166.1
LS61_s03a_sc11,LS61,39,LS61_s03b_sc12,37.0,0,122.0
LS61_s03a_sc12,LS61,40,LS61_s03b_sc13,259.0,0,317.0
LS61_s04a_sc01,LS61,43,LS61_s04c_sc01,151.0,0,301.6
LS61_s04a_sc02,LS61,44,LS61_s04c_sc02,270.0,0,175.0
LS61_s04a_sc03,LS61,45,LS61_s04c_sc04,186.0,0,124.8
LS61_s04a_sc04,LS61,46,LS61_s04c_sc05,265.0,0,236.5
LS61_s04a_sc05,LS61,47,LS61_s04c_sc06,275.0,0,143.6
LS61_s04a_sc06,LS61,48,LS61_s04c_sc07,314.0,0,203.5
LS61_s04a_sc07,LS61,49,LS61_s04c_sc08,99.0,0,159.3
LS61_s04a_sc08,LS61,50,LS61_s04c_sc09,344.0,0,245.7
LS61_s04a_sc09,LS61,51,LS61_s04c_sc10,9.0,0,247.6
LS61_s04a_sc10,LS61,52,LS61_s04c_sc11,351.0,0,89.7
LS61_s05a_sc00,LS61,53,LS61_s05b_sc00,307.0,0,257.5
LS61_s05a_sc01,LS61,54,LS61_s05b_sc01,221.0,0,48.2
LS61_s05a_sc02,LS61,55,LS61_s05b_sc02,252.0,0,335.3
LS61_s05a_sc03,LS61,56,LS61_s05b_sc03,346.0,0,309.4
LS61_s05a_sc07,LS61,60,LS61_s05b_sc07,278.0,0,187.5
LS61_s05a_sc08,LS61,61,LS61_s05b_sc08,123.0,0,77.1
LS61_s06a_sc00,LS61,65,LS61_s06b_sc00,204.0,0,252.3
LS61_s06a_sc01,LS61,66,LS61_s06b_sc01,124.0,0,330.9
LS61_s06a_sc02,LS61,67,LS61_s06b_sc02,343.0,0,235.7
LS61_s06a_sc05,LS61,70,LS61_s06b_sc06,115.0,0,1.9
LS61_s06a_sc07,LS61,72,LS61_s06b_sc08,45.0,0,120.9
LS61_s07a_sc05,LS61,81,LS61_s07b_sc05,188.0,0,307.5
LS61_s07a_sc06,LS61,82,LS61_s07b_sc06,23.0,0,209.3
LS61_s07a_sc07,LS61,83,LS61_s07b_sc07,37.0,0,284.8
LS61_s08a_sc00,LS61,87,LS61_s08b_sc00,322.0,0,115.9
LS61_s08a_sc03,LS61,90,LS61_s08b_sc07,305.0,0,324.9
LS61_s09a_sc01,LS61,95,LS61_s09b_sc02,94.0,0,231.7
LS61_s09a_sc02,LS61,96,LS61_s09b_sc03,283.0,0,246.5
LS61_s09a_sc03,LS61,97,LS61_s09b_sc04,79.0,0,236.2
LS61_s09a_sc04,LS61,98,LS61_s09b_sc05,93.0,0,248.0
LS61_s09a_sc05,LS61,99,LS61_s09b_sc06,279.0,0,256.8
LS61_s09a_sc06,LS61,100,LS61_s09b_sc07,87.0,0,240.5
LS69_s01a_sc00,LS69,1,LS69_s01b_sc01,95.0,0,55.8
LS69_s01a_sc01,LS69,2,LS69_s01b_sc00,239.0,0,200.5
LS69_s01a_sc02,LS69,3,LS69_s01b_sc04,12.0,0,312.2
LS69_s01a_sc03,LS69,4,LS69_s01b_sc03,27.0,0,276.7
LS69_s01a_sc04,LS69,5,LS69_s01b_sc05,32.0,0,316.1
LS69_s01a_sc05,LS69,6,LS69_s01b_sc06,24.0,0,279.2
LS69_s01a_sc06,LS69,7,LS69_s01b_sc07,78.0,0,11.5
LS69_s01a_sc08,LS69,9,LS69_s01b_sc09,292.0,0,227.1
LS69_s01a_sc10,LS69,11,LS69_s01b_sc11,325.0,0,198.6
LS69_s01a_sc11,LS69,12,LS69_s01b_sc12,168.0,0,95.2
LS69_s01a_sc12,LS69,13,LS69_s01b_sc13,166.0,0,196.2
LS69_s01a_sc13,LS69,14,LS69_s01b_sc14,108.0,0,104.4
LS69_s02a_sc00,LS69,17,LS69_s02b_sc00,142.0,0,117.3
LS69_s02a_sc01,LS69,18,LS69_s02b_sc01,243.0,0,241.8
LS69_s02a_sc02,LS69,19,LS69_s02b_sc03,356.0,0,39.2
LS69_s02a_sc04,LS69,21,LS69_s02b_sc05,230.0,0,109.5
LS69_s02a_sc06,LS69,23,LS69_s02b_sc07,105.0,0,148.3
LS69_s02a_sc08,LS69,25,LS69_s02b_sc10,156.0,0,168.5
LS69_s02a_sc09,LS69,26,,0.0,0,40.7
LS69_s02a_sc11,LS69,28,,0.0,0,40.3
LS69_s09a_sc00,LS69,101,LS69_s09b_sc02,266.0,0,264.8
LS69_s09a_sc04,LS69,105,LS69_s09b_sc06,59.0,0,253.5
LS69_s09a_sc05,LS69,106,LS69_s09b_sc07,76.0,0,244.0
LS69_s09a_sc07,LS69,108,LS69_s09b_sc09,68.0,0,245.8
LS85_s02a_sc05,LS85,13,LS85_s02b_sc05,171.0,0,238.6
LS85_s02a_sc06,LS85,14,LS85_s02b_sc06,167.0,0,64.9
LS85_s02a_sc09,LS85,17,LS85_s02b_sc09,134.0,0,35.8
LS87_s01a_sc00,LS87,1,LS87_s01b_sc00,325.0,0,143.0
LS87_s01a_sc01,LS87,2,LS87_s01b_sc01,100.0,0,103.9
LS87_s01a_sc02,LS87,3,LS87_s01b_sc02,103.0,0,295.1
LS87_s01a_sc04,LS87,5,LS87_s01b_sc04,57.0,0,140.5
LS87_s01a_sc05,LS87,6,LS87_s01b_sc05,243.0,0,222.0
LS87_s01a_sc10,LS87,11,LS87_s01b_sc10,70.0,0,266.8
LS87_s01a_sc11,LS87,12,LS87_s01b_sc11,200.0,0,224.7
LS87_s01a_sc14,LS87,15,LS87_s01b_sc15,175.0,0,11.9
LS87_s02a_sc05,LS87,24,LS87_s02b_sc07,84.0,0,305.3
LS87_s02a_sc06,LS87,25,LS87_s02b_sc08,296.0,0,224.0
LS87_s02a_sc07,LS87,26,LS87_s02b_sc09,2.0,0,264.1
LS87_s04a_sc00,LS87,39,LS87_s04b_sc00,186.0,0,66.4
LS87_s04a_sc02,LS87,41,LS87_s04b_sc02,110.0,0,160.4
LS87_s04a_sc03,LS87,42,LS87_s04b_sc03,212.0,0,7.7
LS87_s04a_sc04,LS87,43,LS87_s04b_sc04,14.0,0,252.0
LS87_s04a_sc05,LS87,44,LS87_s04b_sc05,212.0,0,349.8
LS87_s04a_sc06,LS87,45,LS87_s04b_sc06,14.0,0,263.1
LS87_s04a_sc07,LS87,46,LS87_s04b_sc07,206.0,0,338.7
LS87_s04a_sc08,LS87,47,LS87_s04b_sc08,211.0,0,254.9
LS87_s04a_sc09,LS87,48,LS87_s04b_sc09,68.0,0,203.7
LS87_s05a_sc00,LS87,49,LS87_s05b_sc00,118.0,0,359.9
LS87_s05a_sc01,LS87,50,LS87_s05b_sc01,225.0,0,0.3
LS87_s05a_sc02,LS87,51,LS87_s05b_sc02,264.0,0,132.9
LS87_s05a_sc03,LS87,52,LS87_s05b_sc03,331.0,0,270.0
LS87_s05a_sc04,LS87,53,LS87_s05b_sc04,41.0,0,174.4
LS87_s05a_sc05,LS87,54,LS87_s05b_sc05,134.0,0,253.2
LS87_s05a_sc07,LS87,56,LS87_s05b_sc07,57.0,0,133.2
LS87_s05a_sc09,LS87,58,LS87_s05b_sc09,208.0,0,294.3
LS87_s06a_sc00,LS87,60,LS87_s06b_sc00,291.0,0,359.6
LS87_s06a_sc01,LS87,61,LS87_s06b_sc01,131.0,0,269.9
LS87_s06a_sc02,LS87,62,LS87_s06b_sc02,348.0,0,90.1
LS87_s06a_sc03,LS87,63,LS87_s06b_sc03,169.0,0,250.0
LS87_s06a_sc04,LS87,64,LS87_s06b_sc04,356.0,0,269.7
LS87_s06a_sc05,LS87,65,LS87_s06b_sc05,93.0,0,232.5
LS87_s06a_sc06,LS87,66,LS87_s06b_sc06,215.0,0,327.3
LS87_s07a_sc01,LS87,73,LS87_s07b_sc01,190.0,0,299.9
LS87_s07a_sc06,LS87,78,,0.0,0,184.9
LS87_s07a_sc12,LS87,84,,0.0,0,297.9
LS87_s08a_sc02,LS87,87,LS87_s08b_sc02,298.0,0,195.4
LS87_s08a_sc03,LS87,88,LS87_s08b_sc03,213.0,0,331.9
LS87_s08a_sc05,LS87,90,LS87_s08b_sc05,167.0,0,358.0
LS87_s08a_sc06,LS87,91,LS87_s08b_sc06,257.0,0,230.1
LS87_s08a_sc07,LS87,92,LS87_s08b_sc07,289.0,0,115.4
LS87_s09a_sc00,LS87,97,LS87_s09b_sc00,208.0,0,188.3
LS87_s09a_sc01,LS87,98,LS87_s09b_sc01,24.0,0,188.4
LS87_s09a_sc02,LS87,99,LS87_s09b_sc02,132.0,0,115.0
LS87_s09a_sc03,LS87,100,LS87_s09b_sc03,319.0,0,151.6
LS87_s09a_sc04,LS87,101,LS87_s09b_sc04,176.0,0,160.8
LS87_s09a_sc05,LS87,102,LS87_s09b_sc05,15.0,0,18.7
