scene_uid,animal,section_order,pcna_scene_uid,paired,pcna_manual_rotation_deg,pcna_manual_flip,pcna_final_angle_deg,perk_derived_rotation_deg,perk_manual_flip,perk_final_angle_deg,censored_fraction,censored_fraction_in_tissue,recorded_saturated_fraction,pair_align_iou,pair_flip_margin,pair_confidence
LS105_s05a_sc01,LS105,53,LS105_s05b_sc01,1,9.0,0,271.0,159.0,0,269.8,5e-05,6.5e-05,5e-05,0.6285,-0.0617,high
LS105_s05a_sc02,LS105,54,LS105_s05b_sc02,1,154.0,0,243.3,325.0,0,238.3,0.000302,0.000196,0.000302,0.6695,-0.0379,high
LS105_s05a_sc03,LS105,55,LS105_s05b_sc03,1,145.0,0,231.1,153.0,0,56.5,0.009518,0.010977,0.009518,0.6123,-0.0436,high
LS105_s05a_sc04,LS105,56,LS105_s05b_sc04,1,359.0,0,274.8,10.0,0,271.8,2.6e-05,3e-05,2.6e-05,0.866,-0.0257,high
LS105_s05a_sc05,LS105,57,LS105_s05b_sc05,1,194.0,0,285.6,164.0,0,280.4,0.001398,0.001241,0.001398,0.4546,-0.0079,low
LS105_s05a_sc06,LS105,58,LS105_s05b_sc06,1,188.0,0,279.9,187.0,0,279.3,0.0,0.0,0.0,0.8455,-0.2103,high
LS105_s05a_sc07,LS105,59,LS105_s05b_sc07,1,179.0,0,261.9,174.0,0,267.4,9e-06,1e-05,9e-06,0.5647,-0.0489,high
LS105_s05a_sc08,LS105,60,LS105_s05b_sc08,1,150.0,0,225.5,149.0,0,47.0,6e-06,7e-06,6e-06,0.5552,0.0008,high
LS105_s05a_sc09,LS105,61,LS105_s05b_sc09,1,178.0,0,262.0,75.0,0,265.9,0.006288,0.006887,0.006288,0.4952,-0.0083,low
LS105_s05a_sc11,LS105,63,LS105_s05b_sc11,1,345.0,0,254.7,56.0,0,256.5,0.005193,0.007062,0.005193,0.49,0.067,low
LS105_s06a_sc00,LS105,64,LS105_s06b_sc00,1,173.0,0,252.7,331.0,0,261.0,0.0,0.0,0.0,0.5785,-0.0923,high
LS105_s06a_sc01,LS105,65,LS105_s06b_sc01,1,175.0,0,259.1,154.0,0,262.1,9.5e-05,0.000108,9.5e-05,0.5675,-0.067,high
LS105_s06a_sc02,LS105,66,LS105_s06b_sc02,1,297.0,0,73.8,150.0,0,73.5,7.2e-05,8.1e-05,7.2e-05,0.4949,-0.0302,low
LS105_s06a_sc04,LS105,68,LS105_s06b_sc04,1,310.0,0,331.1,247.0,0,331.7,1.6e-05,1.8e-05,1.6e-05,0.7058,-0.0264,high
LS105_s06a_sc05,LS105,69,LS105_s06b_sc05,1,33.0,0,77.5,275.0,0,75.8,0.000615,0.000699,0.000615,0.5377,0.07,low
LS105_s06a_sc06,LS105,70,LS105_s06b_sc06,1,15.0,0,298.4,65.0,0,109.8,2e-05,2.2e-05,2e-05,0.7019,0.0295,high
LS105_s06a_sc07,LS105,71,LS105_s06b_sc07,1,0.0,0,276.4,349.0,0,133.0,0.0,0.0,0.0,0.8008,0.0046,high
LS105_s06a_sc08,LS105,72,LS105_s06b_sc08,1,185.0,0,279.4,14.0,0,278.7,4.1e-05,5e-05,4.1e-05,0.8755,-0.0218,high
LS105_s08a_sc00,LS105,76,,0,,,,0.0,0,115.0,0.0,0.0,0.0,,,
LS105_s08a_sc01,LS105,77,,0,,,,0.0,0,337.7,8.9e-05,0.000101,8.9e-05,,,
LS105_s08a_sc02,LS105,78,LS105_s08b_sc01,1,358.0,0,266.2,336.0,0,266.9,0.0,0.0,0.0,0.8745,-0.024,high
LS105_s08a_sc03,LS105,79,LS105_s08b_sc02,1,338.0,0,229.3,328.0,0,271.8,0.000593,0.000664,0.000593,0.764,0.0006,high
LS105_s08a_sc05,LS105,81,LS105_s08b_sc04,1,270.0,0,153.9,180.0,0,5.1,0.0,0.0,0.0,0.6402,-0.0109,high
LS105_s08a_sc06,LS105,82,,0,,,,0.0,0,78.7,0.0,0.0,0.0,,,
LS105_s08a_sc07,LS105,83,,0,,,,0.0,0,186.3,0.000153,0.000196,0.000153,,,
LS105_s08a_sc08,LS105,84,LS105_s08b_sc06,1,92.0,0,37.8,292.0,0,37.5,0.0,0.0,0.0,0.9199,-0.026,high
LS105_s08a_sc09,LS105,85,LS105_s08b_sc07,1,174.0,0,267.6,9.0,0,271.2,0.000178,0.000221,0.000178,0.8548,-0.0249,high
LS105_s08a_sc11,LS105,87,LS105_s08b_sc09,1,103.0,0,192.2,335.0,0,196.1,3e-06,4e-06,3e-06,0.7731,0.0055,high
LS120_s01a_sc00,LS120,1,LS120_s01b_sc00,1,107.0,0,55.2,265.0,0,50.6,0.0,0.0,0.0,0.7488,-0.0133,high
LS120_s01a_sc02,LS120,3,LS120_s01b_sc03,1,1.0,0,101.6,339.0,0,108.3,0.0,0.0,0.0,0.9116,-0.0278,high
LS120_s01a_sc03,LS120,4,LS120_s01b_sc02,1,353.0,0,105.0,354.0,0,109.8,0.000981,0.001238,0.000981,0.8869,-0.0099,high
LS120_s01a_sc04,LS120,5,,0,,,,0.0,0,120.3,9.7e-05,0.0001,9.7e-05,,,
LS120_s01a_sc05,LS120,6,LS120_s01b_sc05,1,346.0,0,294.2,303.0,0,292.9,0.0,0.0,0.0,0.826,-0.0379,high
LS120_s01a_sc06,LS120,7,LS120_s01b_sc04,1,30.0,0,182.0,59.0,0,174.8,2.9e-05,6.1e-05,2.9e-05,0.8079,-0.0083,high
LS120_s01a_sc09,LS120,10,LS120_s01b_sc07,1,22.0,0,200.3,101.0,0,198.7,0.0,0.0,0.0,0.9271,-0.0518,high
LS120_s01a_sc11,LS120,12,LS120_s01b_sc11,1,153.0,0,24.8,119.0,0,114.2,4.1e-05,0.000113,4.1e-05,0.7315,-0.0069,high
LS120_s01a_sc12,LS120,13,LS120_s01b_sc10,1,356.0,0,156.3,331.0,0,68.0,2.7e-05,5.5e-05,2.7e-05,0.6483,0.0044,high
LS120_s01a_sc14,LS120,15,LS120_s01b_sc13,1,152.0,0,133.5,132.0,0,127.9,0.0,0.0,0.0,0.7684,-0.0185,high
LS120_s01a_sc15,LS120,16,LS120_s01b_sc14,1,159.0,0,165.1,300.0,0,165.2,9.3e-05,0.000231,9.3e-05,0.6755,0.0281,high
LS120_s01a_sc16,LS120,17,LS120_s01b_sc16,1,158.0,0,149.6,116.0,0,149.2,2e-06,4e-06,2e-06,0.8401,0.0126,high
LS120_s01a_sc17,LS120,18,LS120_s01b_sc15,1,130.0,0,131.6,142.0,0,134.6,0.0,0.0,0.0,0.9091,-0.0366,high
LS120_s01a_sc18,LS120,19,LS120_s01b_sc17,1,115.0,0,322.9,294.0,0,325.7,0.0,0.0,0.0,0.8409,-0.0009,high
LS120_s01a_sc19,LS120,20,LS120_s01b_sc18,1,203.0,0,82.6,340.0,0,82.6,0.000252,0.000354,0.000252,0.6304,-0.021,high
LS120_s02a_sc00,LS120,21,LS120_s02b_sc00,1,96.0,0,73.1,231.0,0,320.1,0.000218,0.000329,0.000218,0.6179,-0.0094,high
LS120_s02a_sc01,LS120,22,LS120_s02b_sc01,1,147.0,0,7.4,348.0,0,265.5,0.000398,0.000508,0.000398,0.6351,-0.0046,high
LS120_s02a_sc02,LS120,23,LS120_s02b_sc02,1,191.0,0,55.6,324.0,0,62.8,0.001553,0.004272,0.001553,0.8115,-0.0266,high
LS120_s02a_sc03,LS120,24,LS120_s02b_sc03,1,170.0,0,44.1,175.0,0,223.4,0.0,0.0,0.0,0.6885,-0.0342,high
LS120_s02a_sc04,LS120,25,LS120_s02b_sc04,1,289.0,0,325.8,254.0,0,324.0,8e-05,0.000218,8e-05,0.769,-0.1161,high
LS120_s02a_sc06,LS120,27,LS120_s02b_sc06,1,172.0,0,25.5,182.0,0,31.1,0.000211,0.000378,0.000211,0.7761,-0.0448,high
LS120_s02a_sc07,LS120,28,LS120_s02b_sc07,1,152.0,0,19.2,178.0,0,24.1,0.0,0.0,0.0,0.7475,-0.0552,high
LS120_s02a_sc08,LS120,29,LS120_s02b_sc08,1,237.0,0,253.8,227.0,0,254.4,0.0,0.0,0.0,0.7712,-0.0615,high
LS120_s02a_sc09,LS120,30,LS120_s02b_sc09,1,105.0,0,314.5,256.0,0,310.3,0.000337,0.000862,0.000337,0.6746,-0.0551,high
LS120_s02a_sc11,LS120,32,LS120_s02b_sc11,1,105.0,0,305.2,95.0,0,301.9,0.00021,0.000534,0.00021,0.5844,-0.0828,high
LS120_s02a_sc12,LS120,33,LS120_s02b_sc12,1,341.0,0,252.8,320.0,0,285.8,2.5e-05,0.0,2.5e-05,0.28,0.0039,low
LS120_s02a_sc13,LS120,34,LS120_s02b_sc13,1,283.0,0,183.9,198.0,0,58.8,0.0,0.0,0.0,0.3232,0.0252,low
LS120_s03a_sc00,LS120,35,LS120_s03b_sc00,1,285.0,0,291.3,25.0,0,291.1,0.0,0.0,0.0,0.7727,-0.0392,high
LS120_s03a_sc06,LS120,41,LS120_s03b_sc06,1,54.0,0,230.0,148.0,0,81.2,0.000448,0.00067,0.000448,0.6006,-0.0032,high
LS120_s03a_sc07,LS120,42,LS120_s03b_sc07,1,31.0,0,327.6,34.0,0,331.7,0.000169,0.000206,0.000169,0.6587,0.0152,high
LS120_s03a_sc08,LS120,43,,0,,,,0.0,0,297.0,0.0,0.0,0.0,,,
LS120_s03a_sc09,LS120,44,LS120_s03b_sc08,1,41.0,0,337.7,33.0,0,336.9,0.0,0.0,0.0,0.6787,0.0145,high
LS120_s03a_sc10,LS120,45,LS120_s03b_sc09,1,34.0,0,331.2,36.0,0,329.3,5e-06,6e-06,5e-06,0.7537,-0.0418,high
LS120_s03a_sc11,LS120,46,LS120_s03b_sc10,1,0.0,0,282.1,4.0,0,288.0,0.0,0.0,0.0,0.4672,-0.001,low
LS120_s04a_sc00,LS120,49,LS120_s04b_sc00,1,231.0,0,342.5,42.0,0,346.3,0.000583,0.0007,0.000583,0.8945,-0.041,high
LS120_s04a_sc01,LS120,50,LS120_s04b_sc02,1,294.0,0,66.6,120.0,0,65.9,0.0,0.0,0.0,0.8897,-0.0299,high
LS120_s04a_sc02,LS120,51,LS120_s04b_sc04,1,201.0,0,324.9,356.0,0,324.7,2.5e-05,2.6e-05,2.5e-05,0.8937,-0.0465,high
LS120_s04a_sc03,LS120,52,LS120_s04b_sc05,1,204.0,0,316.2,81.0,0,24.6,0.0,0.0,0.0,0.8037,0.0067,high
LS120_s04a_sc04,LS120,53,LS120_s04b_sc06,1,222.0,0,346.7,225.0,0,346.8,0.000787,0.000896,0.000787,0.9368,-0.0391,high
LS120_s04a_sc06,LS120,55,LS120_s04b_sc08,1,35.0,0,341.6,232.0,0,340.5,0.0,0.0,0.0,0.8983,-0.0281,high
LS120_s04a_sc07,LS120,56,LS120_s04b_sc09,1,34.0,0,339.3,216.0,0,175.5,6.4e-05,9e-05,6.4e-05,0.8348,0.0066,high
LS120_s04a_sc08,LS120,57,LS120_s04b_sc10,1,79.0,0,27.9,79.0,0,321.1,1.1e-05,1.3e-05,1.1e-05,0.5621,-0.007,high
LS120_s04a_sc09,LS120,58,LS120_s04b_sc11,1,67.0,0,1.8,253.0,0,199.9,0.001666,0.001991,0.001666,0.4849,-0.003,low
LS120_s05a_sc00,LS120,59,LS120_s05b_sc00,1,205.0,0,313.5,284.0,0,317.0,0.0,0.0,0.0,0.9406,-0.0346,high
LS120_s05a_sc01,LS120,60,LS120_s05b_sc02,1,313.0,0,98.6,30.0,0,91.8,6.6e-05,8e-05,6.6e-05,0.8695,-0.012,high
LS120_s05a_sc02,LS120,61,LS120_s05b_sc03,1,291.0,0,190.0,297.0,0,242.3,0.000339,0.000412,0.000339,0.8742,-0.0011,high
LS120_s05a_sc03,LS120,62,LS120_s05b_sc04,1,117.0,0,85.1,346.0,0,90.0,0.0,0.0,0.0,0.8844,-0.0122,high
LS120_s05a_sc05,LS120,64,LS120_s05b_sc06,1,301.0,0,208.7,304.0,0,206.0,0.000238,0.000299,0.000238,0.9431,-0.0323,high
LS120_s05a_sc07,LS120,66,LS120_s05b_sc08,1,210.0,0,200.7,137.0,0,204.5,6.1e-05,7.9e-05,6.1e-05,0.9285,0.0013,high
LS120_s05a_sc09,LS120,68,LS120_s05b_sc10,1,320.0,0,230.4,152.0,0,230.9,7.9e-05,9.5e-05,7.9e-05,0.7532,0.0123,high
LS120_s06a_sc00,LS120,70,LS120_s06b_sc00,1,300.0,0,195.2,16.0,0,179.5,0.0,0.0,0.0,0.4724,0.0007,low
LS120_s06a_sc02,LS120,72,LS120_s06b_sc02,1,47.0,0,225.0,256.0,0,225.6,8.6e-05,0.0001,8.6e-05,0.9705,-0.0081,high
LS120_s06a_sc03,LS120,73,LS120_s06b_sc03,1,13.0,0,292.4,133.0,0,48.7,0.0,0.0,0.0,0.755,0.0279,high
LS120_s06a_sc04,LS120,74,LS120_s06b_sc04,1,157.0,0,243.3,334.0,0,240.6,0.0,0.0,0.0,0.8469,-0.0721,high
LS120_s06a_sc06,LS120,76,LS120_s06b_sc06,1,358.0,0,273.7,313.0,0,284.3,1e-06,1e-06,1e-06,0.9425,-0.0345,high
LS120_s06a_sc07,LS120,77,LS120_s06b_sc07,1,337.0,0,248.9,69.0,0,249.3,0.000226,0.000288,0.000226,0.9187,-0.0181,high
LS120_s06a_sc08,LS120,78,LS120_s06b_sc08,1,295.0,0,200.4,113.0,0,200.2,3.5e-05,4.4e-05,3.5e-05,0.9433,-0.0487,high
LS120_s07a_sc00,LS120,80,LS120_s07b_sc00,1,39.0,0,83.3,29.0,0,306.7,7.8e-05,9.9e-05,7.8e-05,0.8809,-0.0078,high
LS120_s07a_sc08,LS120,88,LS120_s07b_sc08,1,61.0,0,73.6,244.0,0,71.1,2e-05,2.3e-05,2e-05,0.9404,-0.0347,high
LS120_s07a_sc11,LS120,91,,0,,,,0.0,0,8.3,0.000873,0.001002,0.000873,,,
LS120_s08a_sc00,LS120,92,LS120_s08b_sc01,1,288.0,0,339.2,238.0,0,196.0,5.8e-05,6.9e-05,5.8e-05,0.1577,-0.0004,low
LS120_s08a_sc01,LS120,93,LS120_s08b_sc02,1,334.0,0,14.5,346.0,0,16.4,0.000562,0.000677,0.000562,0.8943,-0.0918,high
LS120_s08a_sc04,LS120,96,,0,,,,0.0,0,20.1,0.000421,0.00046,0.000421,,,
LS120_s08a_sc06,LS120,98,,0,,,,0.0,0,151.1,0.00029,0.000349,0.00029,,,
LS120_s08a_sc08,LS120,100,,0,,,,0.0,0,339.4,0.0,0.0,0.0,,,
LS120_s08a_sc10,LS120,102,,0,,,,0.0,0,59.1,0.0,0.0,0.0,,,
LS120_s09a_sc00,LS120,103,LS120_s09b_sc02,1,309.0,0,327.6,297.0,0,329.6,0.0,0.0,0.0,0.8497,-0.1632,high
LS120_s09a_sc01,LS120,104,LS120_s09b_sc03,1,282.0,0,293.0,180.0,0,1.4,0.000954,0.001027,0.000954,0.2969,0.007,low
LS120_s09a_sc02,LS120,105,LS120_s09b_sc04,1,112.0,0,323.7,283.0,0,316.7,0.000183,0.000242,0.000183,0.9034,-0.0826,high
LS120_s09a_sc03,LS120,106,LS120_s09b_sc05,1,94.0,0,288.7,14.0,0,115.7,0.0,0.0,0.0,0.4058,0.0139,low
LS136_s02a_sc00,LS136,17,LS136_s02b_sc00,1,136.0,0,244.7,125.0,0,239.1,0.0,0.0,0.0,0.6966,-0.1174,high
LS136_s02a_sc01,LS136,18,LS136_s02b_sc01,1,7.0,0,296.8,344.0,0,287.8,8.1e-05,9.5e-05,8.1e-05,0.3337,-0.0006,low
LS136_s02a_sc02,LS136,19,,0,,,,0.0,0,308.4,0.0,0.0,0.0,,,
LS136_s02a_sc03,LS136,20,LS136_s02b_sc04,1,198.0,0,313.9,334.0,0,306.1,0.000567,0.000655,0.000567,0.7131,-0.1513,high
LS136_s02a_sc05,LS136,22,LS136_s02b_sc06,1,9.0,0,187.1,57.0,0,326.9,0.0,0.0,0.0,0.3909,0.0188,low
LS136_s02a_sc07,LS136,24,LS136_s02b_sc08,1,322.0,0,133.7,16.0,0,132.0,0.0,0.0,0.0,0.5804,-0.0957,high
LS136_s02a_sc08,LS136,25,LS136_s02b_sc10,1,182.0,0,311.0,354.0,0,306.8,6.2e-05,7.8e-05,6.2e-05,0.6531,-0.0465,high
LS136_s02a_sc10,LS136,27,LS136_s02b_sc12,1,179.0,0,299.1,356.0,0,308.6,5.5e-05,6.7e-05,5.5e-05,0.7532,-0.1193,high
LS136_s02a_sc12,LS136,29,LS136_s02b_sc14,1,0.0,0,309.8,340.0,0,113.5,0.0,0.0,0.0,0.5255,-0.0051,low
LS136_s03a_sc03,LS136,35,LS136_s03b_sc03,1,158.0,0,264.4,339.0,0,261.2,8.3e-05,9.3e-05,8.3e-05,0.8202,-0.0593,high
LS136_s03a_sc04,LS136,36,LS136_s03b_sc04,1,357.0,0,298.3,4.0,0,299.4,0.000311,0.000355,0.000311,0.706,-0.0616,high
LS136_s04a_sc01,LS136,45,LS136_s04b_sc01,1,11.0,0,299.8,184.0,0,122.7,0.0,0.0,0.0,0.638,0.0087,high
LS136_s04a_sc02,LS136,46,LS136_s04b_sc02,1,187.0,0,301.8,14.0,0,294.8,0.0,0.0,0.0,0.814,-0.0193,high
LS136_s04a_sc03,LS136,47,LS136_s04b_sc03,1,7.0,0,303.2,356.0,0,305.8,0.0,0.0,0.0,0.5002,0.0228,low
LS136_s04a_sc05,LS136,49,LS136_s04b_sc06,1,172.0,0,270.3,12.0,0,132.6,0.0,0.0,0.0,0.5015,0.0053,low
LS136_s04a_sc07,LS136,51,LS136_s04b_sc08,1,173.0,0,268.7,178.0,0,265.3,6.3e-05,7.1e-05,6.3e-05,0.8725,-0.0118,high
LS136_s04a_sc08,LS136,52,LS136_s04b_sc09,1,180.0,0,281.8,123.0,0,287.8,9.5e-05,0.000108,9.5e-05,0.662,-0.0444,high
LS136_s04a_sc09,LS136,53,LS136_s04b_sc10,1,181.0,0,287.3,204.0,0,285.9,8.4e-05,0.000104,8.4e-05,0.4975,-0.0395,low
LS136_s04a_sc10,LS136,54,LS136_s04b_sc11,1,184.0,0,306.8,53.0,0,301.2,3e-06,4e-06,3e-06,0.318,0.0029,low
LS136_s04a_sc11,LS136,55,LS136_s04b_sc12,1,177.0,0,288.1,205.0,0,254.3,0.0,0.0,0.0,0.5554,-0.0202,high
LS136_s06a_sc00,LS136,69,LS136_s06b_sc00,1,67.0,0,18.7,254.0,0,22.6,0.0,0.0,0.0,0.8733,-0.071,high
LS136_s06a_sc03,LS136,72,,0,,,,0.0,0,261.9,9.9e-05,0.000119,9.9e-05,,,
LS136_s06a_sc05,LS136,74,,0,,,,0.0,0,34.6,0.0,0.0,0.0,,,
LS136_s06a_sc07,LS136,76,,0,,,,0.0,0,352.2,9.8e-05,0.000116,9.8e-05,,,
LS136_s07a_sc00,LS136,78,LS136_s07b_sc00,1,60.0,0,28.2,245.0,0,179.9,0.0,0.0,0.0,0.4704,0.005,low
LS136_s08a_sc07,LS136,93,LS136_s08b_sc09,1,252.0,0,52.8,195.0,0,49.1,0.0,0.0,0.0,0.7808,-0.0525,high
LS136_s08a_sc08,LS136,94,LS136_s08b_sc10,1,143.0,0,15.8,335.0,0,45.7,0.0,0.0,0.0,0.7295,0.0079,high
LS138_s01a_sc00,LS138,1,LS138_s01b_sc01,1,4.0,0,71.7,252.0,0,67.1,0.000333,0.000426,0.000333,0.7903,-0.2983,high
LS138_s01a_sc01,LS138,2,LS138_s01b_sc02,1,5.0,0,240.1,2.0,0,243.9,0.00056,0.000829,0.00056,0.9161,-0.3345,high
LS138_s01a_sc02,LS138,3,LS138_s01b_sc03,1,0.0,0,69.4,6.0,0,72.6,0.001348,0.001673,0.001348,0.8399,-0.2611,high
LS138_s01a_sc05,LS138,6,LS138_s01b_sc06,1,143.0,0,210.1,151.0,0,206.9,0.0,0.0,0.0,0.9308,-0.3412,high
LS138_s01a_sc06,LS138,7,LS138_s01b_sc07,1,136.0,0,189.9,315.0,0,188.2,0.0,0.0,0.0,0.8765,-0.3389,high
LS138_s01a_sc07,LS138,8,LS138_s01b_sc08,1,138.0,0,199.4,322.0,0,202.2,0.0,0.0,0.0,0.8575,-0.2896,high
LS138_s01a_sc08,LS138,9,LS138_s01b_sc09,1,122.0,0,173.0,118.0,0,167.4,0.0,0.0,0.0,0.8613,-0.3469,high
LS138_s01a_sc09,LS138,10,LS138_s01b_sc10,1,131.0,0,214.6,139.0,0,220.6,0.0,0.0,0.0,0.8992,-0.3568,high
LS138_s01a_sc10,LS138,11,LS138_s01b_sc11,1,103.0,0,184.1,106.0,0,183.0,0.0,0.0,0.0,0.8643,-0.307,high
LS138_s07a_sc00,LS138,64,LS138_s07b_sc00,1,358.0,0,326.0,5.0,0,326.1,0.0,0.0,0.0,0.9537,-0.0229,high
LS138_s07a_sc02,LS138,66,LS138_s07b_sc02,1,187.0,0,313.9,357.0,0,313.5,3.1e-05,3.5e-05,3.1e-05,0.9785,-0.0548,high
LS138_s07a_sc03,LS138,67,LS138_s07b_sc03,1,180.0,0,295.6,100.0,0,301.1,0.0,0.0,0.0,0.6113,-0.0029,high
LS138_s07a_sc04,LS138,68,LS138_s07b_sc04,1,9.0,0,339.4,123.0,0,147.9,0.001628,0.001888,0.001628,0.4984,-0.0004,low
LS138_s07a_sc05,LS138,69,LS138_s07b_sc05,1,182.0,0,304.4,25.0,0,191.2,0.0,0.0,0.0,0.6118,0.0115,high
LS138_s07a_sc06,LS138,70,LS138_s07b_sc06,1,172.0,0,290.7,355.0,0,63.9,2.7e-05,3.2e-05,2.7e-05,0.7234,0.0042,high
LS138_s07a_sc07,LS138,71,LS138_s07b_sc07,1,1.0,0,311.8,355.0,0,122.6,9.7e-05,0.000111,9.7e-05,0.7649,-0.0,high
LS22_s01a_sc00,LS22,1,,0,,,,0.0,0,87.1,3e-06,3e-06,3e-06,,,
LS22_s01a_sc01,LS22,2,LS22_s01b_sc00,1,332.0,0,248.7,342.0,0,246.1,0.0,0.0,0.0,0.7837,-0.0704,high
LS22_s01a_sc02,LS22,3,LS22_s01b_sc01,1,342.0,0,73.7,160.0,0,76.7,0.000765,0.000942,0.000765,0.843,-0.117,high
LS22_s01a_sc03,LS22,4,LS22_s01b_sc02,1,250.0,0,329.1,69.0,0,332.4,0.0,0.0,0.0,0.9208,-0.188,high
LS22_s01a_sc05,LS22,6,LS22_s01b_sc04,1,301.0,0,214.1,132.0,0,213.2,0.002201,0.002632,0.002201,0.8742,-0.1619,high
LS22_s01a_sc06,LS22,7,LS22_s01b_sc05,1,13.0,0,298.2,180.0,0,303.8,0.0,0.0,0.0,0.935,-0.2131,high
LS22_s01a_sc08,LS22,9,LS22_s01b_sc07,1,94.0,0,186.8,73.0,0,193.1,0.0,0.0,0.0,0.9085,-0.1538,high
LS22_s01a_sc09,LS22,10,LS22_s01b_sc09,1,161.0,0,256.4,164.0,0,257.7,0.0,0.0,0.0,0.6108,-0.0409,high
LS22_s01a_sc10,LS22,11,LS22_s01b_sc08,1,11.0,0,314.0,192.0,0,313.5,0.000595,0.000636,0.000595,0.9276,-0.1464,high
LS22_s01a_sc12,LS22,13,LS22_s01b_sc11,1,108.0,0,124.1,235.0,0,354.7,0.000478,0.000572,0.000478,0.4094,-0.0024,low
LS22_s02a_sc00,LS22,15,LS22_s02b_sc00,1,253.0,0,57.8,258.0,0,169.5,5.8e-05,6.9e-05,5.8e-05,0.6701,-0.0354,high
LS22_s02a_sc01,LS22,16,LS22_s02b_sc01,1,218.0,0,120.0,255.0,0,222.0,0.0,0.0,0.0,0.4514,0.0001,low
LS22_s02a_sc02,LS22,17,LS22_s02b_sc02,1,56.0,0,16.8,53.0,0,13.9,0.000117,0.000154,0.000117,0.8888,-0.067,high
LS22_s02a_sc03,LS22,18,LS22_s02b_sc03,1,60.0,0,153.7,177.0,0,159.4,0.0,0.0,0.0,0.825,-0.0393,high
LS22_s02a_sc04,LS22,19,LS22_s02b_sc04,1,3.0,0,320.8,19.0,0,185.1,1.9e-05,2.9e-05,1.9e-05,0.6682,-0.002,high
LS22_s02a_sc05,LS22,20,LS22_s02b_sc05,1,53.0,0,29.5,44.0,0,31.7,0.0,0.0,0.0,0.9271,-0.0926,high
LS22_s02a_sc07,LS22,22,LS22_s02b_sc07,1,327.0,0,154.1,182.0,0,152.2,0.000489,0.000688,0.000489,0.753,-0.0205,high
LS22_s02a_sc08,LS22,23,LS22_s02b_sc08,1,176.0,0,172.7,187.0,0,182.6,0.000618,0.00085,0.000618,0.86,-0.1175,high
LS22_s02a_sc09,LS22,24,LS22_s02b_sc09,1,128.0,0,132.7,147.0,0,131.2,0.000412,0.00048,0.000412,0.7447,-0.0211,high
LS22_s02a_sc10,LS22,25,LS22_s02b_sc10,1,171.0,0,173.6,179.0,0,184.1,0.00013,0.000171,0.00013,0.8899,-0.1623,high
LS22_s02a_sc11,LS22,26,LS22_s02b_sc11,1,222.0,0,244.9,245.0,0,248.7,0.000433,0.000507,0.000433,0.8313,-0.1318,high
LS22_s03a_sc00,LS22,27,LS22_s03b_sc00,1,189.0,0,214.0,19.0,0,214.2,0.000135,0.000168,0.000135,0.7798,-0.1681,high
LS22_s03a_sc06,LS22,33,LS22_s03b_sc06,1,116.0,0,91.3,80.0,0,89.9,1e-06,1e-06,1e-06,0.7342,-0.033,high
LS22_s03a_sc07,LS22,34,LS22_s03b_sc07,1,228.0,0,4.8,167.0,0,359.7,0.000138,0.000176,0.000138,0.8669,-0.1409,high
LS22_s03a_sc08,LS22,35,LS22_s03b_sc08,1,78.0,0,55.2,233.0,0,56.4,0.000128,0.00015,0.000128,0.8307,-0.1312,high
LS22_s04a_sc00,LS22,37,LS22_s04b_sc00,1,0.0,0,300.4,136.0,0,99.4,0.0,0.0,0.0,0.7384,0.0014,high
LS22_s04a_sc01,LS22,38,LS22_s04b_sc01,1,356.0,0,307.3,326.0,0,115.2,0.0,0.0,0.0,0.7772,-0.0645,high
LS22_s04a_sc02,LS22,39,LS22_s04b_sc02,1,4.0,0,313.4,4.0,0,312.5,9.9e-05,0.000202,9.9e-05,0.8705,-0.0694,high
LS22_s04a_sc03,LS22,40,LS22_s04b_sc03,1,181.0,0,300.7,354.0,0,297.8,0.0,0.0,0.0,0.9093,-0.0647,high
LS22_s04a_sc05,LS22,42,LS22_s04b_sc05,1,291.0,0,227.1,283.0,0,224.7,5e-06,0.0,5e-06,0.9311,-0.0572,high
LS22_s04a_sc06,LS22,43,LS22_s04b_sc06,1,206.0,0,71.8,353.0,0,75.6,0.0,0.0,0.0,0.8185,-0.0286,high
LS22_s05a_sc00,LS22,48,LS22_s05b_sc00,1,306.0,0,233.7,110.0,0,233.6,0.0,0.0,0.0,0.9513,-0.0429,high
LS22_s05a_sc01,LS22,49,LS22_s05b_sc01,1,2.0,0,300.4,181.0,0,300.7,5e-06,7e-06,5e-06,0.9356,0.0044,high
LS22_s05a_sc02,LS22,50,LS22_s05b_sc02,1,3.0,0,292.1,7.0,0,290.3,0.0,0.0,0.0,0.9371,-0.032,high
LS22_s05a_sc04,LS22,52,LS22_s05b_sc04,1,357.0,0,297.4,182.0,0,308.8,0.000969,0.001165,0.000969,0.8962,-0.0024,high
LS22_s06a_sc00,LS22,58,LS22_s06b_sc00,1,157.0,0,143.8,111.0,0,54.4,0.0,0.0,0.0,0.9118,0.0178,high
LS22_s06a_sc01,LS22,59,LS22_s06b_sc01,1,10.0,0,318.4,186.0,0,138.4,3.1e-05,3.4e-05,3.1e-05,0.9466,-0.0024,high
LS22_s06a_sc02,LS22,60,LS22_s06b_sc02,1,2.0,0,300.7,352.0,0,301.4,7.8e-05,9.5e-05,7.8e-05,0.5174,-0.0157,low
LS22_s06a_sc03,LS22,61,LS22_s06b_sc03,1,271.0,0,65.1,300.0,0,65.5,0.0,0.0,0.0,0.9615,-0.0473,high
LS22_s06a_sc04,LS22,62,LS22_s06b_sc04,1,6.0,0,300.8,3.0,0,314.4,8.6e-05,0.000101,8.6e-05,0.9454,-0.0128,high
LS22_s06a_sc05,LS22,63,LS22_s06b_sc05,1,350.0,0,304.9,146.0,0,307.9,0.0,0.0,0.0,0.7117,-0.0264,high
LS22_s06a_sc06,LS22,64,LS22_s06b_sc06,1,185.0,0,311.7,360.0,0,315.3,0.0,0.0,0.0,0.9713,-0.0389,high
LS22_s06a_sc07,LS22,65,LS22_s06b_sc07,1,350.0,0,275.7,291.0,0,110.1,0.0,0.0,0.0,0.661,0.002,high
LS22_s06a_sc08,LS22,66,LS22_s06b_sc08,1,196.0,0,331.9,9.0,0,331.8,0.000112,0.00013,0.000112,0.9462,-0.0035,high
LS22_s07a_sc00,LS22,68,LS22_s07b_sc00,1,218.0,0,359.2,213.0,0,357.9,0.000188,0.000223,0.000188,0.8911,-0.0105,high
LS22_s07a_sc02,LS22,70,LS22_s07b_sc02,1,177.0,0,309.7,332.0,0,309.0,0.000249,0.000284,0.000249,0.959,-0.049,high
LS22_s07a_sc05,LS22,73,LS22_s07b_sc05,1,7.0,0,298.8,169.0,0,314.4,0.000236,0.000253,0.000236,0.934,-0.0528,high
LS22_s08a_sc00,LS22,79,LS22_s08b_sc00,1,0.0,0,308.0,294.0,0,213.5,1e-06,1e-06,1e-06,0.8243,0.0018,high
LS22_s08a_sc02,LS22,81,LS22_s08b_sc02,1,281.0,0,191.9,85.0,0,193.5,1.3e-05,1e-05,1.3e-05,0.7913,-0.0025,high
LS22_s08a_sc03,LS22,82,LS22_s08b_sc03,1,296.0,0,349.0,327.0,0,345.6,0.0,0.0,0.0,0.8211,-0.0273,high
LS22_s08a_sc04,LS22,83,LS22_s08b_sc04,1,314.0,0,352.7,289.0,0,358.7,0.0,0.0,0.0,0.9112,-0.0457,high
LS22_s08a_sc05,LS22,84,LS22_s08b_sc05,1,322.0,0,15.1,317.0,0,37.4,0.000153,0.00019,0.000153,0.7165,-0.0138,high
LS22_s08a_sc06,LS22,85,LS22_s08b_sc06,1,277.0,0,316.2,139.0,0,212.8,6.1e-05,7.7e-05,6.1e-05,0.6895,0.0047,high
LS22_s08a_sc07,LS22,86,LS22_s08b_sc07,1,272.0,0,320.9,284.0,0,319.2,0.00013,0.000157,0.00013,0.9288,-0.033,high
LS22_s08a_sc08,LS22,87,LS22_s08b_sc08,1,275.0,0,318.8,273.0,0,325.3,3.4e-05,3.9e-05,3.4e-05,0.4879,-0.0084,low
LS22_s09a_sc01,LS22,91,LS22_s09b_sc01,1,285.0,0,329.1,281.0,0,319.7,1.3e-05,1.5e-05,1.3e-05,0.9232,-0.0436,high
LS22_s09a_sc02,LS22,92,LS22_s09b_sc02,1,103.0,0,323.5,283.0,0,320.9,0.000288,0.000336,0.000288,0.939,-0.0378,high
LS22_s09a_sc03,LS22,93,LS22_s09b_sc03,1,102.0,0,325.8,281.0,0,327.3,0.000643,0.000822,0.000643,0.8881,-0.04,high
LS22_s09a_sc04,LS22,94,LS22_s09b_sc04,1,293.0,0,344.0,294.0,0,344.0,0.000773,0.000983,0.000773,0.949,-0.0662,high
LS22_s09a_sc05,LS22,95,LS22_s09b_sc05,1,297.0,0,349.0,306.0,0,350.5,0.000479,0.000593,0.000479,0.8772,-0.0178,high
LS22_s09a_sc06,LS22,96,LS22_s09b_sc06,1,275.0,0,127.7,95.0,0,140.1,0.000287,0.000374,0.000287,0.9344,-0.031,high
LS22_s09a_sc12,LS22,102,,0,,,,0.0,0,0.5,0.0,0.0,0.0,,,
LS37_s01a_sc01,LS37,2,,0,,,,0.0,0,47.4,1e-06,1e-06,1e-06,,,
LS37_s01a_sc02,LS37,3,LS37_s01b_sc01,1,188.0,0,237.5,199.0,0,245.1,0.0,0.0,0.0,0.6983,-0.1633,high
LS37_s01a_sc03,LS37,4,LS37_s01b_sc02,1,166.0,0,208.6,186.0,0,210.9,0.0,0.0,0.0,0.8439,-0.1038,high
LS37_s01a_sc04,LS37,5,LS37_s01b_sc03,1,172.0,0,215.2,170.0,0,213.6,0.0,0.0,0.0,0.8428,-0.0905,high
LS37_s01a_sc05,LS37,6,LS37_s01b_sc04,1,90.0,0,111.8,83.0,0,113.4,0.0,0.0,0.0,0.8858,-0.1319,high
LS37_s01a_sc06,LS37,7,LS37_s01b_sc05,1,151.0,0,188.9,149.0,0,186.9,0.0,0.0,0.0,0.9364,-0.1584,high
LS37_s01a_sc07,LS37,8,LS37_s01b_sc06,1,173.0,0,211.7,178.0,0,215.4,0.0,0.0,0.0,0.8987,-0.1132,high
LS37_s01a_sc08,LS37,9,LS37_s01b_sc07,1,174.0,0,218.1,175.0,0,218.3,7.2e-05,9.7e-05,7.2e-05,0.9207,-0.1188,high
LS37_s01a_sc09,LS37,10,LS37_s01b_sc08,1,166.0,0,205.0,173.0,0,209.3,0.0,0.0,0.0,0.8907,-0.1211,high
LS37_s01a_sc10,LS37,11,LS37_s01b_sc09,1,168.0,0,211.8,178.0,0,211.5,0.0,0.0,0.0,0.9482,-0.15,high
LS37_s01a_sc11,LS37,12,LS37_s01b_sc10,1,178.0,0,222.8,175.0,0,221.6,2.1e-05,0.0,2.1e-05,0.8565,-0.0829,high
LS37_s01a_sc12,LS37,13,LS37_s01b_sc11,1,172.0,0,207.7,155.0,0,204.8,0.0,0.0,0.0,0.7897,-0.0673,high
LS37_s03a_sc01,LS37,27,LS37_s03b_sc01,1,46.0,0,281.7,256.0,0,285.2,0.0,0.0,0.0,0.886,-0.2988,high
LS37_s03a_sc02,LS37,28,LS37_s03b_sc02,1,52.0,0,300.4,261.0,0,298.0,0.0,0.0,0.0,0.8428,-0.2566,high
LS37_s03a_sc03,LS37,29,LS37_s03b_sc03,1,220.0,0,300.4,235.0,0,298.7,0.0,0.0,0.0,0.8326,-0.2076,high
LS37_s03a_sc04,LS37,30,LS37_s03b_sc04,1,161.0,0,195.3,149.0,0,193.4,6.9e-05,8.3e-05,6.9e-05,0.7672,-0.1633,high
LS37_s03a_sc05,LS37,31,LS37_s03b_sc06,1,21.0,0,261.5,32.0,0,261.3,0.0,0.0,0.0,0.7178,-0.1887,high
LS37_s03a_sc06,LS37,32,LS37_s03b_sc08,1,173.0,0,225.6,197.0,0,221.2,0.0,0.0,0.0,0.753,-0.1137,high
LS37_s03a_sc07,LS37,33,LS37_s03b_sc07,1,191.0,0,247.1,19.0,0,246.2,0.0,0.0,0.0,0.7124,-0.0952,high
LS37_s04a_sc00,LS37,37,LS37_s04b_sc00,1,119.0,0,155.7,285.0,0,158.1,0.000424,0.000508,0.000424,0.71,-0.0171,high
LS37_s04a_sc02,LS37,39,LS37_s04b_sc02,1,179.0,0,240.7,174.0,0,239.7,0.0,0.0,0.0,0.7885,-0.1738,high
LS37_s04a_sc03,LS37,40,LS37_s04b_sc03,1,172.0,0,237.9,179.0,0,238.4,0.0,0.0,0.0,0.8691,-0.1806,high
LS37_s04a_sc04,LS37,41,LS37_s04b_sc04,1,169.0,0,229.5,168.0,0,227.9,3.8e-05,5e-05,3.8e-05,0.8275,-0.0657,high
LS37_s04a_sc05,LS37,42,LS37_s04b_sc05,1,165.0,0,224.0,336.0,0,222.8,0.0,0.0,0.0,0.9123,-0.075,high
LS37_s04a_sc06,LS37,43,LS37_s04b_sc06,1,176.0,0,227.8,356.0,0,230.7,0.0,0.0,0.0,0.9529,-0.0977,high
LS37_s04a_sc08,LS37,45,LS37_s04b_sc08,1,182.0,0,243.6,186.0,0,242.7,0.000142,0.000174,0.000142,0.922,-0.0354,high
LS37_s04a_sc09,LS37,46,LS37_s04b_sc09,1,180.0,0,237.9,184.0,0,239.3,0.000164,0.000196,0.000164,0.903,-0.0646,high
LS37_s04a_sc10,LS37,47,LS37_s04b_sc10,1,189.0,0,239.7,186.0,0,244.3,0.000158,0.000195,0.000158,0.772,0.0236,high
LS37_s04a_sc11,LS37,48,LS37_s04b_sc11,1,189.0,0,250.8,204.0,0,255.9,0.000233,0.000288,0.000233,0.863,-0.0359,high
LS37_s05a_sc00,LS37,49,LS37_s05b_sc01,1,172.0,0,225.8,184.0,0,66.1,0.0,0.0,0.0,0.8079,-0.0571,high
LS37_s05a_sc01,LS37,50,LS37_s05b_sc02,1,2.0,0,239.0,12.0,0,48.8,0.0,0.0,0.0,0.7506,-0.0177,high
LS37_s05a_sc03,LS37,52,LS37_s05b_sc04,1,354.0,0,220.9,347.0,0,49.3,0.0,0.0,0.0,0.6669,-0.0084,high
LS37_s05a_sc04,LS37,53,LS37_s05b_sc05,1,0.0,0,249.2,346.0,0,240.5,0.000103,0.000129,0.000103,0.9255,-0.0266,high
LS37_s05a_sc05,LS37,54,LS37_s05b_sc06,1,1.0,0,238.3,358.0,0,238.4,0.0,0.0,0.0,0.9351,-0.0407,high
LS37_s05a_sc06,LS37,55,LS37_s05b_sc07,1,188.0,0,250.0,185.0,0,247.2,6e-05,8.1e-05,6e-05,0.937,-0.0249,high
LS37_s05a_sc07,LS37,56,LS37_s05b_sc08,1,177.0,0,231.5,349.0,0,51.8,0.0,0.0,0.0,0.8523,-0.0253,high
LS37_s05a_sc08,LS37,57,LS37_s05b_sc09,1,358.0,0,249.8,170.0,0,225.5,0.000418,0.000503,0.000418,0.6445,-0.0068,high
LS37_s06a_sc00,LS37,60,LS37_s06b_sc00,1,1.0,0,232.4,1.0,0,230.3,3.4e-05,3.7e-05,3.4e-05,0.9421,-0.0582,high
LS37_s06a_sc01,LS37,61,LS37_s06b_sc01,1,163.0,0,203.8,142.0,0,204.0,3.1e-05,3.5e-05,3.1e-05,0.9058,-0.054,high
LS37_s06a_sc02,LS37,62,LS37_s06b_sc02,1,359.0,0,250.6,12.0,0,248.5,0.0,0.0,0.0,0.931,-0.0318,high
LS37_s06a_sc03,LS37,63,LS37_s06b_sc03,1,175.0,0,236.7,352.0,0,237.2,7.6e-05,9.2e-05,7.6e-05,0.9439,-0.0637,high
LS37_s06a_sc04,LS37,64,LS37_s06b_sc04,1,354.0,0,234.7,17.0,0,90.1,8.2e-05,9.8e-05,8.2e-05,0.5514,0.0137,high
LS37_s06a_sc05,LS37,65,LS37_s06b_sc05,1,177.0,0,229.8,1.0,0,232.1,0.00015,0.000184,0.00015,0.738,-0.0968,high
LS37_s06a_sc06,LS37,66,LS37_s06b_sc06,1,0.0,0,245.6,354.0,0,239.6,0.000114,0.00014,0.000114,0.942,-0.0428,high
LS37_s06a_sc07,LS37,67,LS37_s06b_sc07,1,177.0,0,245.6,17.0,0,239.3,0.000401,0.000477,0.000401,0.5998,-0.0182,high
LS37_s06a_sc08,LS37,68,LS37_s06b_sc08,1,177.0,0,229.3,354.0,0,230.6,0.0,0.0,0.0,0.4635,-0.0443,low
LS37_s07a_sc00,LS37,72,,0,,,,0.0,0,62.6,4.7e-05,6.1e-05,4.7e-05,,,
LS37_s07a_sc02,LS37,74,LS37_s07b_sc01,1,173.0,0,228.5,347.0,0,229.5,0.000109,0.000167,0.000109,0.9305,-0.0938,high
LS37_s07a_sc03,LS37,75,LS37_s07b_sc02,1,180.0,0,235.9,26.0,0,236.0,4.9e-05,6.3e-05,4.9e-05,0.5868,-0.009,high
LS37_s07a_sc04,LS37,76,LS37_s07b_sc03,1,0.0,0,250.5,356.0,0,62.6,0.000242,0.000392,0.000242,0.831,-0.0324,high
LS37_s07a_sc05,LS37,77,LS37_s07b_sc04,1,179.0,0,243.0,349.0,0,238.1,0.0,0.0,0.0,0.5603,0.068,high
LS37_s07a_sc06,LS37,78,LS37_s07b_sc05,1,182.0,0,246.1,186.0,0,248.7,7.3e-05,0.000131,7.3e-05,0.8521,-0.074,high
LS37_s07a_sc07,LS37,79,LS37_s07b_sc06,1,177.0,0,249.1,355.0,0,213.3,0.000134,0.000189,0.000134,0.5305,-0.0088,low
LS37_s08a_sc00,LS37,82,LS37_s08b_sc00,1,1.0,0,246.2,338.0,0,257.3,1e-06,1e-06,1e-06,0.8141,0.001,high
LS37_s08a_sc02,LS37,84,LS37_s08b_sc02,1,186.0,0,250.0,10.0,0,250.1,0.0,0.0,0.0,0.8137,-0.0693,high
LS37_s08a_sc03,LS37,85,LS37_s08b_sc03,1,187.0,0,248.3,16.0,0,253.5,6.4e-05,9e-05,6.4e-05,0.8908,-0.0541,high
LS37_s08a_sc05,LS37,87,LS37_s08b_sc05,1,186.0,0,256.9,16.0,0,258.9,5.3e-05,7.1e-05,5.3e-05,0.9247,-0.0672,high
LS37_s08a_sc07,LS37,89,LS37_s08b_sc07,1,179.0,0,231.7,14.0,0,230.1,0.0,0.0,0.0,0.6259,-0.0202,high
LS37_s08a_sc08,LS37,90,LS37_s08b_sc08,1,189.0,0,262.1,21.0,0,255.1,0.000201,0.000263,0.000201,0.8885,-0.0357,high
LS37_s09a_sc00,LS37,94,LS37_s09b_sc00,1,357.0,0,225.0,353.0,0,225.4,9.9e-05,0.000113,9.9e-05,0.85,-0.0318,high
LS37_s09a_sc01,LS37,95,LS37_s09b_sc01,1,186.0,0,272.7,207.0,0,275.0,0.000218,0.000259,0.000218,0.3999,-0.0163,low
LS37_s09a_sc02,LS37,96,,0,,,,0.0,0,65.4,0.000149,0.00017,0.000149,,,
LS37_s09a_sc03,LS37,97,,0,,,,0.0,0,70.4,0.0,0.0,0.0,,,
LS37_s09a_sc05,LS37,99,LS37_s09b_sc04,1,176.0,0,233.4,152.0,0,233.7,0.0,0.0,0.0,0.8995,-0.024,high
LS37_s09a_sc07,LS37,101,LS37_s09b_sc06,1,71.0,0,34.4,70.0,0,28.6,1.5e-05,1.8e-05,1.5e-05,0.9299,-0.0649,high
LS37_s09a_sc09,LS37,103,LS37_s09b_sc08,1,271.0,0,62.2,302.0,0,70.8,0.000454,0.000495,0.000454,0.8751,-0.0261,high
LS37_s09a_sc10,LS37,104,,0,,,,0.0,0,309.5,0.0,0.0,0.0,,,
LS45_s03a_sc01,LS45,31,LS45_s03b_sc01,1,6.0,0,283.6,342.0,0,290.0,0.0,0.0,0.0,0.7762,-0.0613,high
LS45_s03a_sc02,LS45,32,LS45_s03b_sc02,1,36.0,0,85.8,11.0,0,87.4,6.9e-05,7.8e-05,6.9e-05,0.711,-0.1288,high
LS45_s03a_sc03,LS45,33,LS45_s03b_sc03,1,90.0,0,165.0,255.0,0,166.1,0.000108,0.000118,0.000108,0.5957,-0.0511,high
LS45_s03a_sc04,LS45,34,LS45_s03b_sc04,1,130.0,0,217.5,315.0,0,218.7,0.0,0.0,0.0,0.7383,-0.1054,high
LS45_s03a_sc05,LS45,35,LS45_s03b_sc05,1,172.0,0,264.1,340.0,0,265.9,4.5e-05,5e-05,4.5e-05,0.7136,-0.1257,high
LS45_s03a_sc06,LS45,36,LS45_s03b_sc06,1,54.0,0,105.3,195.0,0,117.5,0.00015,0.000174,0.00015,0.6876,-0.0245,high
LS45_s03a_sc07,LS45,37,LS45_s03b_sc07,1,179.0,0,279.3,173.0,0,276.8,3.3e-05,4.8e-05,3.3e-05,0.7816,-0.0942,high
LS45_s03a_sc08,LS45,38,LS45_s03b_sc08,1,176.0,0,277.4,345.0,0,278.1,0.0,0.0,0.0,0.8609,-0.0442,high
LS45_s03a_sc09,LS45,39,LS45_s03b_sc09,1,110.0,0,76.5,331.0,0,76.2,0.003399,0.004,0.003399,0.88,-0.0562,high
LS45_s03a_sc10,LS45,40,LS45_s03b_sc10,1,232.0,0,13.8,77.0,0,6.8,6.5e-05,7.2e-05,6.5e-05,0.5784,-0.0039,high
LS45_s03a_sc12,LS45,42,LS45_s03b_sc12,1,135.0,0,226.8,340.0,0,230.0,7.3e-05,8.1e-05,7.3e-05,0.644,-0.0153,high
LS45_s03a_sc13,LS45,43,LS45_s03b_sc13,1,202.0,0,180.1,96.0,0,179.6,0.000128,0.000155,0.000128,0.865,0.0211,high
LS45_s04a_sc00,LS45,44,LS45_s04b_sc00,1,235.0,0,356.5,227.0,0,357.2,0.00094,0.001192,0.00094,0.8786,-0.0308,high
LS45_s04a_sc03,LS45,47,LS45_s04b_sc03,1,185.0,0,286.6,184.0,0,312.8,1.3e-05,1.6e-05,1.3e-05,0.625,0.0204,high
LS45_s04a_sc04,LS45,48,LS45_s04b_sc04,1,359.0,0,294.4,4.0,0,293.2,1e-06,1e-06,1e-06,0.8307,-0.0521,high
LS45_s04a_sc05,LS45,49,LS45_s04b_sc05,1,152.0,0,252.6,168.0,0,238.7,3.5e-05,3.9e-05,3.5e-05,0.6014,-0.0002,high
LS45_s04a_sc06,LS45,50,LS45_s04b_sc06,1,187.0,0,290.8,162.0,0,292.8,0.000149,0.000182,0.000149,0.9204,-0.0575,high
LS45_s04a_sc08,LS45,52,LS45_s04b_sc08,1,1.0,0,271.6,344.0,0,278.8,6.7e-05,7.9e-05,6.7e-05,0.9047,-0.0243,high
LS45_s04a_sc09,LS45,53,LS45_s04b_sc09,1,3.0,0,284.8,85.0,0,336.8,0.0,0.0,0.0,0.7175,-0.0219,high
LS45_s05a_sc00,LS45,57,LS45_s05b_sc00,1,75.0,0,9.8,244.0,0,141.8,0.0,0.0,0.0,0.8313,0.0383,high
LS45_s05a_sc01,LS45,58,LS45_s05b_sc01,1,69.0,0,9.1,275.0,0,2.9,8e-06,1e-05,8e-06,0.8947,-0.0067,high
LS45_s05a_sc02,LS45,59,LS45_s05b_sc02,1,297.0,0,65.2,148.0,0,65.5,9e-06,1.2e-05,9e-06,0.8763,-0.0003,high
LS45_s05a_sc03,LS45,60,LS45_s05b_sc03,1,16.0,0,305.5,334.0,0,96.7,4.5e-05,5.4e-05,4.5e-05,0.5237,-0.0073,low
LS45_s05a_sc05,LS45,62,LS45_s05b_sc05,1,300.0,0,210.5,297.0,0,211.1,0.000449,0.000564,0.000449,0.9241,-0.0049,high
LS45_s06a_sc01,LS45,68,LS45_s06b_sc01,1,24.0,0,315.4,108.0,0,44.9,0.000128,0.000149,0.000128,0.9524,-0.0066,high
LS45_s06a_sc02,LS45,69,LS45_s06b_sc02,1,208.0,0,319.7,31.0,0,318.9,0.003121,0.003553,0.003121,0.8899,-0.0112,high
LS45_s06a_sc03,LS45,70,LS45_s06b_sc03,1,96.0,0,49.8,290.0,0,267.1,7.6e-05,0.000111,7.6e-05,0.5179,0.0022,low
LS45_s06a_sc04,LS45,71,LS45_s06b_sc04,1,6.0,0,172.5,228.0,0,169.6,0.000282,0.000348,0.000282,0.9066,-0.0003,high
LS45_s06a_sc05,LS45,72,LS45_s06b_sc05,1,246.0,0,250.5,158.0,0,248.7,0.000389,0.000586,0.000389,0.8364,-0.0336,high
LS45_s06a_sc06,LS45,73,LS45_s06b_sc06,1,105.0,0,54.3,267.0,0,150.1,0.001942,0.002619,0.001942,0.8632,0.0007,high
LS45_s06a_sc09,LS45,76,LS45_s06b_sc09,1,1.0,0,287.9,331.0,0,284.6,0.000109,0.000145,0.000109,0.9696,-0.025,high
LS45_s07a_sc00,LS45,77,LS45_s07b_sc00,1,215.0,0,335.5,232.0,0,155.1,2e-05,2.4e-05,2e-05,0.7459,0.0104,high
LS45_s07a_sc01,LS45,78,LS45_s07b_sc01,1,50.0,0,346.5,189.0,0,345.7,0.000126,0.000146,0.000126,0.9177,-0.0105,high
LS45_s08a_sc01,LS45,87,LS45_s08b_sc01,1,280.0,0,54.5,285.0,0,255.1,0.0,0.0,0.0,0.8447,0.0069,high
LS45_s08a_sc02,LS45,88,LS45_s08b_sc03,1,64.0,0,3.9,67.0,0,208.2,0.0,0.0,0.0,0.7755,0.0001,high
LS45_s08a_sc03,LS45,89,LS45_s08b_sc04,1,300.0,0,69.5,132.0,0,71.1,0.0,0.0,0.0,0.9397,-0.0969,high
LS45_s08a_sc04,LS45,90,LS45_s08b_sc05,1,32.0,0,186.1,254.0,0,191.7,0.0,0.0,0.0,0.8505,-0.0573,high
LS45_s08a_sc05,LS45,91,LS45_s08b_sc06,1,67.0,0,242.9,142.0,0,254.2,0.0,0.0,0.0,0.7911,0.004,high
LS45_s08a_sc07,LS45,93,LS45_s08b_sc08,1,91.0,0,273.7,104.0,0,223.0,2.3e-05,2.6e-05,2.3e-05,0.7194,-0.0024,high
LS45_s09a_sc00,LS45,96,,0,,,,0.0,0,351.7,0.0,0.0,0.0,,,
LS45_s09a_sc02,LS45,98,LS45_s09b_sc01,1,291.0,0,295.7,122.0,0,104.0,4.7e-05,5.4e-05,4.7e-05,0.7135,0.0041,high
LS45_s09a_sc03,LS45,99,LS45_s09b_sc02,1,336.0,0,356.8,343.0,0,342.8,0.0,0.0,0.0,0.8415,-0.0134,high
LS45_s09a_sc04,LS45,100,LS45_s09b_sc03,1,304.0,0,321.4,299.0,0,319.2,0.0,0.0,0.0,0.859,-0.016,high
LS45_s09a_sc05,LS45,101,LS45_s09b_sc04,1,70.0,0,266.3,75.0,0,266.9,0.0,0.0,0.0,0.8825,0.0147,high
LS45_s09a_sc06,LS45,102,LS45_s09b_sc05,1,128.0,0,161.1,150.0,0,183.2,0.0,0.0,0.0,0.7014,-0.0095,high
LS45_s09a_sc07,LS45,103,LS45_s09b_sc06,1,100.0,0,113.1,107.0,0,117.2,0.0,0.0,0.0,0.8865,-0.0316,high
LS45_s09a_sc09,LS45,105,LS45_s09b_sc08,1,118.0,0,315.2,116.0,0,135.6,0.0,0.0,0.0,0.7784,-0.025,high
LS45_s09a_sc11,LS45,107,LS45_s09b_sc10,1,80.0,0,278.0,76.0,0,280.3,0.0,0.0,0.0,0.5092,-0.0054,low
LS45_s10a_sc00,LS45,108,LS45_s10b_sc00,1,270.0,0,285.8,270.0,0,282.7,2.5e-05,3.1e-05,2.5e-05,0.9026,-0.041,high
LS45_s10a_sc02,LS45,110,LS45_s10b_sc02,1,162.0,0,14.6,9.0,0,16.5,0.0,0.0,0.0,0.8572,-0.0495,high
LS45_s10a_sc03,LS45,111,LS45_s10b_sc03,1,324.0,0,333.5,307.0,0,47.1,0.0,0.0,0.0,0.4131,-0.0094,low
LS45_s10a_sc05,LS45,113,LS45_s10b_sc05,1,296.0,0,313.6,249.0,0,79.1,0.0,0.0,0.0,0.5791,-0.0008,high
LS45_s10a_sc06,LS45,114,LS45_s10b_sc06,1,268.0,0,271.6,99.0,0,78.1,2.3e-05,2.6e-05,2.3e-05,0.7291,-0.0129,high
LS45_s10a_sc07,LS45,115,LS45_s10b_sc07,1,249.0,0,254.6,64.0,0,256.6,0.0,0.0,0.0,0.8118,-0.074,high
LS45_s10a_sc08,LS45,116,LS45_s10b_sc08,1,77.0,0,260.0,249.0,0,262.2,0.0,0.0,0.0,0.7651,-0.1233,high
LS61_s01a_sc02,LS61,3,LS61_s01b_sc03,1,189.0,0,210.3,50.0,0,243.2,1.1e-05,1.4e-05,1.1e-05,0.3633,0.0,low
LS61_s01a_sc03,LS61,4,,0,,,,0.0,0,79.8,0.0,0.0,0.0,,,
LS61_s01a_sc05,LS61,6,,0,,,,0.0,0,122.9,0.000144,0.000146,0.000144,,,
LS61_s01a_sc06,LS61,7,LS61_s01b_sc07,1,2.0,0,118.0,27.0,0,330.2,0.000111,0.000146,0.000111,0.567,-0.0131,high
LS61_s01a_sc07,LS61,8,,0,,,,0.0,0,141.7,0.0,0.0,0.0,,,
LS61_s01a_sc09,LS61,10,LS61_s01b_sc09,1,215.0,0,301.4,54.0,0,198.9,0.000355,0.00047,0.000355,0.4707,0.0216,low
LS61_s01a_sc11,LS61,12,LS61_s01b_sc11,1,68.0,0,219.6,175.0,0,198.0,0.000379,0.000496,0.000379,0.3508,-0.0448,low
LS61_s02a_sc01,LS61,17,LS61_s02b_sc01,1,26.0,0,161.6,34.0,0,160.1,0.000231,0.000248,0.000231,0.8085,-0.1795,high
LS61_s02a_sc03,LS61,19,LS61_s02b_sc03,1,52.0,0,209.3,48.0,0,206.6,0.000389,0.000453,0.000389,0.7101,-0.1469,high
LS61_s02a_sc05,LS61,21,LS61_s02b_sc08,1,31.0,0,205.3,155.0,0,205.7,0.000212,0.000267,0.000212,0.6674,-0.1067,high
LS61_s03a_sc00,LS61,28,LS61_s03b_sc00,1,182.0,0,143.3,347.0,0,140.2,0.000244,0.000283,0.000244,0.7817,-0.0779,high
LS61_s03a_sc01,LS61,29,LS61_s03b_sc01,1,348.0,0,128.4,112.0,0,126.8,0.0,0.0,0.0,0.6689,-0.0576,high
LS61_s03a_sc03,LS61,31,LS61_s03b_sc03,1,34.0,0,56.9,7.0,0,60.8,0.000172,0.000201,0.000172,0.6148,-0.0061,high
LS61_s03a_sc05,LS61,33,LS61_s03b_sc05,1,44.0,0,74.8,203.0,0,247.9,8.2e-05,9.9e-05,8.2e-05,0.4588,-0.0023,low
LS61_s03a_sc06,LS61,34,LS61_s03b_sc06,1,177.0,0,265.8,242.0,0,258.7,0.000116,0.00015,0.000116,0.9204,-0.1184,high
LS61_s03a_sc07,LS61,35,LS61_s03b_sc07,1,145.0,0,216.3,173.0,0,213.9,0.000497,0.00067,0.000497,0.862,-0.0638,high
LS61_s03a_sc08,LS61,36,LS61_s03b_sc09,1,334.0,0,346.4,139.0,0,345.3,0.0,0.0,0.0,0.8714,-0.0649,high
LS61_s03a_sc09,LS61,37,LS61_s03b_sc10,1,158.0,0,225.8,153.0,0,218.8,0.0,0.0,0.0,0.7401,-0.0098,high
LS61_s03a_sc10,LS61,38,LS61_s03b_sc11,1,112.0,0,162.3,302.0,0,166.1,0.000257,0.000357,0.000257,0.9208,-0.0454,high
LS61_s03a_sc11,LS61,39,LS61_s03b_sc12,1,75.0,0,112.7,37.0,0,122.0,0.005135,0.006058,0.005135,0.6403,0.0035,high
LS61_s03a_sc12,LS61,40,LS61_s03b_sc13,1,319.0,0,322.8,259.0,0,317.0,0.000361,0.000389,0.000361,0.7556,-0.0026,high
LS61_s04a_sc01,LS61,43,LS61_s04c_sc01,1,41.0,0,66.4,151.0,0,301.6,6.1e-05,6.6e-05,6.1e-05,0.8507,-0.0299,high
LS61_s04a_sc02,LS61,44,LS61_s04c_sc02,1,305.0,0,177.4,270.0,0,175.0,0.000188,0.000238,0.000188,0.7943,-0.0404,high
LS61_s04a_sc03,LS61,45,LS61_s04c_sc04,1,260.0,0,114.1,186.0,0,124.8,2.9e-05,3.5e-05,2.9e-05,0.6351,0.0178,high
LS61_s04a_sc04,LS61,46,LS61_s04c_sc05,1,287.0,0,162.5,265.0,0,236.5,5.9e-05,7.1e-05,5.9e-05,0.4344,0.0003,low
LS61_s04a_sc05,LS61,47,LS61_s04c_sc06,1,292.0,0,169.2,275.0,0,143.6,0.0,0.0,0.0,0.5261,0.0013,low
LS61_s04a_sc06,LS61,48,LS61_s04c_sc07,1,154.0,0,203.6,314.0,0,203.5,7.6e-05,8.7e-05,7.6e-05,0.8956,-0.0329,high
LS61_s04a_sc07,LS61,49,LS61_s04c_sc08,1,294.0,0,161.0,99.0,0,159.3,0.000107,0.000139,0.000107,0.9679,-0.0262,high
LS61_s04a_sc08,LS61,50,LS61_s04c_sc09,1,180.0,0,248.4,344.0,0,245.7,0.0,0.0,0.0,0.8829,-0.0087,high
LS61_s04a_sc09,LS61,51,LS61_s04c_sc10,1,5.0,0,246.7,9.0,0,247.6,8e-05,0.000105,8e-05,0.909,-0.0215,high
LS61_s04a_sc10,LS61,52,LS61_s04c_sc11,1,180.0,0,247.2,351.0,0,89.7,0.00102,0.001239,0.00102,0.6145,0.0102,high
LS61_s05a_sc00,LS61,53,LS61_s05b_sc00,1,0.0,0,246.1,307.0,0,257.5,0.0,0.0,0.0,0.8387,0.0044,high
LS61_s05a_sc01,LS61,54,LS61_s05b_sc01,1,61.0,0,337.4,221.0,0,48.2,1.6e-05,1.8e-05,1.6e-05,0.8241,0.0187,high
LS61_s05a_sc02,LS61,55,LS61_s05b_sc02,1,307.0,0,180.5,252.0,0,335.3,0.0,0.0,0.0,0.874,0.0109,high
LS61_s05a_sc03,LS61,56,LS61_s05b_sc03,1,2.0,0,251.1,346.0,0,309.4,9.8e-05,0.000118,9.8e-05,0.6626,0.0057,high
LS61_s05a_sc07,LS61,60,LS61_s05b_sc07,1,80.0,0,126.4,278.0,0,187.5,0.0,0.0,0.0,0.5843,0.0536,high
LS61_s05a_sc08,LS61,61,LS61_s05b_sc08,1,189.0,0,257.3,123.0,0,77.1,6e-06,6e-06,6e-06,0.9341,-0.008,high
LS61_s06a_sc00,LS61,65,LS61_s06b_sc00,1,1.0,0,252.8,204.0,0,252.3,6e-06,7e-06,6e-06,0.9698,-0.0381,high
LS61_s06a_sc01,LS61,66,LS61_s06b_sc01,1,61.0,0,340.4,124.0,0,330.9,0.00016,0.000203,0.00016,0.94,-0.0038,high
LS61_s06a_sc02,LS61,67,LS61_s06b_sc02,1,1.0,0,235.1,343.0,0,235.7,4.4e-05,4.7e-05,4.4e-05,0.9455,-0.0915,high
LS61_s06a_sc05,LS61,70,LS61_s06b_sc06,1,180.0,0,359.8,115.0,0,1.9,8.2e-05,9.5e-05,8.2e-05,0.7268,-0.0139,high
LS61_s06a_sc07,LS61,72,LS61_s06b_sc08,1,77.0,0,123.3,45.0,0,120.9,5.3e-05,6.6e-05,5.3e-05,0.7703,0.0102,high
LS61_s07a_sc05,LS61,81,LS61_s07b_sc05,1,216.0,0,293.1,188.0,0,307.5,0.00059,0.000658,0.00059,0.6261,-0.0003,high
LS61_s07a_sc06,LS61,82,LS61_s07b_sc06,1,226.0,0,212.8,23.0,0,209.3,0.0,0.0,0.0,0.9114,-0.0611,high
LS61_s07a_sc07,LS61,83,LS61_s07b_sc07,1,267.0,0,356.5,37.0,0,284.8,0.0,0.0,0.0,0.5264,-0.0008,low
LS61_s08a_sc00,LS61,87,LS61_s08b_sc00,1,164.0,0,115.2,322.0,0,115.9,2e-05,2.5e-05,2e-05,0.9085,-0.0957,high
LS61_s08a_sc03,LS61,90,LS61_s08b_sc07,1,270.0,0,246.2,305.0,0,324.9,1e-06,1e-06,1e-06,0.2634,-0.0104,low
LS61_s09a_sc01,LS61,95,LS61_s09b_sc02,1,84.0,0,231.8,94.0,0,231.7,0.0,0.0,0.0,0.8552,-0.0518,high
LS61_s09a_sc02,LS61,96,LS61_s09b_sc03,1,276.0,0,245.3,283.0,0,246.5,0.0,0.0,0.0,0.9006,-0.1016,high
LS61_s09a_sc03,LS61,97,LS61_s09b_sc04,1,91.0,0,235.2,79.0,0,236.2,0.002787,0.003329,0.002787,0.8576,-0.1081,high
LS61_s09a_sc04,LS61,98,LS61_s09b_sc05,1,92.0,0,246.8,93.0,0,248.0,0.0,0.0,0.0,0.6431,-0.0726,high
LS61_s09a_sc05,LS61,99,LS61_s09b_sc06,1,104.0,0,254.1,279.0,0,256.8,0.0,0.0,0.0,0.7849,-0.0836,high
LS61_s09a_sc06,LS61,100,LS61_s09b_sc07,1,85.0,0,237.0,87.0,0,240.5,9e-05,0.000109,9e-05,0.785,-0.1293,high
LS69_s01a_sc00,LS69,1,LS69_s01b_sc01,1,262.0,0,57.0,95.0,0,55.8,9e-06,9e-06,9e-06,0.8526,-0.0075,high
LS69_s01a_sc01,LS69,2,LS69_s01b_sc00,1,52.0,0,201.3,239.0,0,200.5,0.0,0.0,0.0,0.4624,-0.0622,low
LS69_s01a_sc02,LS69,3,LS69_s01b_sc04,1,216.0,0,311.4,12.0,0,312.2,1.5e-05,1.8e-05,1.5e-05,0.9015,-0.1673,high
LS69_s01a_sc03,LS69,4,LS69_s01b_sc03,1,276.0,0,254.5,27.0,0,276.7,0.0,0.0,0.0,0.7214,0.0278,high
LS69_s01a_sc04,LS69,5,LS69_s01b_sc05,1,231.0,0,314.7,32.0,0,316.1,0.000638,0.000745,0.000638,0.8967,-0.1308,high
LS69_s01a_sc05,LS69,6,LS69_s01b_sc06,1,190.0,0,280.3,24.0,0,279.2,0.0,0.0,0.0,0.9272,-0.0935,high
LS69_s01a_sc06,LS69,7,LS69_s01b_sc07,1,269.0,0,10.2,78.0,0,11.5,0.000118,0.000171,0.000118,0.7053,-0.0601,high
LS69_s01a_sc08,LS69,9,LS69_s01b_sc09,1,174.0,0,219.6,292.0,0,227.1,0.0,0.0,0.0,0.8308,-0.096,high
LS69_s01a_sc10,LS69,11,LS69_s01b_sc11,1,175.0,0,199.9,325.0,0,198.6,0.0,0.0,0.0,0.8466,-0.0183,high
LS69_s01a_sc11,LS69,12,LS69_s01b_sc12,1,98.0,0,91.2,168.0,0,95.2,0.0,0.0,0.0,0.8553,-0.0728,high
LS69_s01a_sc12,LS69,13,LS69_s01b_sc13,1,336.0,0,196.1,166.0,0,196.2,0.0,0.0,0.0,0.6722,-0.0144,high
LS69_s01a_sc13,LS69,14,LS69_s01b_sc14,1,106.0,0,102.6,108.0,0,104.4,0.0,0.0,0.0,0.8639,-0.1067,high
LS69_s02a_sc00,LS69,17,LS69_s02b_sc00,1,271.0,0,119.3,142.0,0,117.3,6.3e-05,7.3e-05,6.3e-05,0.8064,-0.0763,high
LS69_s02a_sc01,LS69,18,LS69_s02b_sc01,1,5.0,0,235.6,243.0,0,241.8,0.0,0.0,0.0,0.7327,-0.0309,high
LS69_s02a_sc02,LS69,19,LS69_s02b_sc03,1,21.0,0,40.4,356.0,0,39.2,0.000123,0.000141,0.000123,0.7727,-0.0312,high
LS69_s02a_sc04,LS69,21,LS69_s02b_sc05,1,243.0,0,107.9,230.0,0,109.5,0.0,0.0,0.0,0.9,-0.0323,high
LS69_s02a_sc06,LS69,23,LS69_s02b_sc07,1,286.0,0,143.7,105.0,0,148.3,0.0,0.0,0.0,0.8369,-0.0194,high
LS69_s02a_sc08,LS69,25,LS69_s02b_sc10,1,119.0,0,163.7,156.0,0,168.5,0.0,0.0,0.0,0.7479,-0.0358,high
LS69_s02a_sc09,LS69,26,,0,,,,0.0,0,40.7,7e-06,8e-06,7e-06,,,
LS69_s02a_sc11,LS69,28,,0,,,,0.0,0,40.3,9.9e-05,0.000128,9.9e-05,,,
LS69_s09a_sc00,LS69,101,LS69_s09b_sc02,1,85.0,0,260.4,266.0,0,264.8,0.0,0.0,0.0,0.8859,-0.0232,high
LS69_s09a_sc04,LS69,105,LS69_s09b_sc06,1,246.0,0,242.8,59.0,0,253.5,0.0,0.0,0.0,0.6154,-0.0312,high
LS69_s09a_sc05,LS69,106,LS69_s09b_sc07,1,253.0,0,245.6,76.0,0,244.0,7.4e-05,0.0,7.4e-05,0.8899,-0.1306,high
LS69_s09a_sc07,LS69,108,LS69_s09b_sc09,1,251.0,0,243.1,68.0,0,245.8,0.000551,0.001008,0.000551,0.8759,-0.0966,high
LS85_s02a_sc05,LS85,13,LS85_s02b_sc05,1,167.0,0,244.4,171.0,0,238.6,0.0001,0.000116,0.0001,0.6283,-0.0429,high
LS85_s02a_sc06,LS85,14,LS85_s02b_sc06,1,30.0,0,66.4,167.0,0,64.9,0.0,0.0,0.0,0.5979,-0.0548,high
LS85_s02a_sc09,LS85,17,LS85_s02b_sc09,1,11.0,0,32.2,134.0,0,35.8,0.000129,0.000162,0.000129,0.6832,-0.0677,high
LS87_s01a_sc00,LS87,1,LS87_s01b_sc00,1,316.0,0,144.2,325.0,0,143.0,2.9e-05,3.2e-05,2.9e-05,0.5747,-0.0109,high
LS87_s01a_sc01,LS87,2,LS87_s01b_sc01,1,276.0,0,104.5,100.0,0,103.9,0.0,0.0,0.0,0.8304,-0.0342,high
LS87_s01a_sc02,LS87,3,LS87_s01b_sc02,1,325.0,0,169.1,103.0,0,295.1,0.0,0.0,0.0,0.4224,0.0067,low
LS87_s01a_sc04,LS87,5,LS87_s01b_sc04,1,307.0,0,305.9,57.0,0,140.5,0.0,0.0,0.0,0.8589,-0.0111,high
LS87_s01a_sc05,LS87,6,LS87_s01b_sc05,1,303.0,0,123.8,243.0,0,222.0,0.000414,0.000452,0.000414,0.4325,0.0,low
LS87_s01a_sc10,LS87,11,LS87_s01b_sc10,1,260.0,0,79.9,70.0,0,266.8,0.0,0.0,0.0,0.3623,0.0,low
LS87_s01a_sc11,LS87,12,LS87_s01b_sc11,1,236.0,0,49.4,200.0,0,224.7,9.3e-05,0.00014,9.3e-05,0.3797,-0.0,low
LS87_s01a_sc14,LS87,15,LS87_s01b_sc15,1,1.0,0,13.9,175.0,0,11.9,0.0,0.0,0.0,0.8133,-0.1087,high
LS87_s02a_sc05,LS87,24,LS87_s02b_sc07,1,35.0,0,302.5,84.0,0,305.3,0.000216,0.000295,0.000216,0.547,-0.0213,low
LS87_s02a_sc06,LS87,25,LS87_s02b_sc08,1,147.0,0,215.9,296.0,0,224.0,0.000399,0.000442,0.000399,0.5339,-0.0095,low
LS87_s02a_sc07,LS87,26,LS87_s02b_sc09,1,354.0,0,260.3,2.0,0,264.1,0.000182,0.00024,0.000182,0.6851,-0.1067,high
LS87_s04a_sc00,LS87,39,LS87_s04b_sc00,1,122.0,0,73.3,186.0,0,66.4,0.000579,0.000676,0.000579,0.7767,-0.0077,high
LS87_s04a_sc02,LS87,41,LS87_s04b_sc02,1,285.0,0,157.1,110.0,0,160.4,0.0,0.0,0.0,0.9618,-0.0248,high
LS87_s04a_sc03,LS87,42,LS87_s04b_sc03,1,9.0,0,260.0,212.0,0,7.7,5.2e-05,6.6e-05,5.2e-05,0.491,-0.0014,low
LS87_s04a_sc04,LS87,43,LS87_s04b_sc04,1,176.0,0,255.9,14.0,0,252.0,0.000247,0.000282,0.000247,0.97,-0.0337,high
LS87_s04a_sc05,LS87,44,LS87_s04b_sc05,1,177.0,0,251.5,212.0,0,349.8,8.9e-05,0.000108,8.9e-05,0.4991,-0.0006,low
LS87_s04a_sc06,LS87,45,LS87_s04b_sc06,1,184.0,0,263.4,14.0,0,263.1,0.000438,0.000531,0.000438,0.9377,-0.0465,high
LS87_s04a_sc07,LS87,46,LS87_s04b_sc07,1,358.0,0,252.9,206.0,0,338.7,0.000386,0.000443,0.000386,0.4641,0.0017,low
LS87_s04a_sc08,LS87,47,LS87_s04b_sc08,1,357.0,0,253.7,211.0,0,254.9,0.000227,0.00033,0.000227,0.9165,-0.0233,high
LS87_s04a_sc09,LS87,48,LS87_s04b_sc09,1,61.0,0,328.4,68.0,0,203.7,9.4e-05,0.000123,9.4e-05,0.6087,-0.038,high
LS87_s05a_sc00,LS87,49,LS87_s05b_sc00,1,171.0,0,6.1,118.0,0,359.9,0.00023,0.000279,0.00023,0.6479,-0.0059,high
LS87_s05a_sc01,LS87,50,LS87_s05b_sc01,1,354.0,0,258.8,225.0,0,0.3,0.000527,0.000644,0.000527,0.7947,-0.0042,high
LS87_s05a_sc02,LS87,51,LS87_s05b_sc02,1,275.0,0,133.0,264.0,0,132.9,0.000202,0.000239,0.000202,0.9791,-0.0348,high
LS87_s05a_sc03,LS87,52,LS87_s05b_sc03,1,0.0,0,265.7,331.0,0,270.0,0.000169,0.000214,0.000169,0.6804,0.0045,high
LS87_s05a_sc04,LS87,53,LS87_s05b_sc04,1,182.0,0,258.6,41.0,0,174.4,0.0,0.0,0.0,0.6064,-0.0008,high
LS87_s05a_sc05,LS87,54,LS87_s05b_sc05,1,183.0,0,249.2,134.0,0,253.2,0.0,0.0,0.0,0.7305,0.0128,high
LS87_s05a_sc07,LS87,56,LS87_s05b_sc07,1,87.0,0,132.8,57.0,0,133.2,2e-05,2.6e-05,2e-05,0.9224,-0.0157,high
LS87_s05a_sc09,LS87,58,LS87_s05b_sc09,1,21.0,0,301.0,208.0,0,294.3,5e-05,5.7e-05,5e-05,0.6314,0.0045,high
LS87_s06a_sc00,LS87,60,LS87_s06b_sc00,1,107.0,0,41.4,291.0,0,359.6,6e-06,7e-06,6e-06,0.6353,0.0005,high
LS87_s06a_sc01,LS87,61,LS87_s06b_sc01,1,12.0,0,36.4,131.0,0,269.9,4.3e-05,4.9e-05,4.3e-05,0.504,0.0033,low
LS87_s06a_sc02,LS87,62,LS87_s06b_sc02,1,177.0,0,258.3,348.0,0,90.1,0.0,0.0,0.0,0.5784,-0.0001,high
LS87_s06a_sc03,LS87,63,LS87_s06b_sc03,1,175.0,0,248.0,169.0,0,250.0,4.5e-05,5.6e-05,4.5e-05,0.6575,-0.0002,high
LS87_s06a_sc04,LS87,64,LS87_s06b_sc04,1,359.0,0,254.4,356.0,0,269.7,0.000366,0.000439,0.000366,0.5453,0.0014,low
LS87_s06a_sc05,LS87,65,LS87_s06b_sc05,1,212.0,0,296.2,93.0,0,232.5,8.6e-05,9.8e-05,8.6e-05,0.3655,-0.0,low
LS87_s06a_sc06,LS87,66,LS87_s06b_sc06,1,237.0,0,333.2,215.0,0,327.3,0.0,0.0,0.0,0.6602,-0.0083,high
LS87_s07a_sc01,LS87,73,LS87_s07b_sc01,1,31.0,0,298.1,190.0,0,299.9,0.0,0.0,0.0,0.7968,-0.0486,high
LS87_s07a_sc06,LS87,78,,0,,,,0.0,0,184.9,0.00128,0.003513,0.00128,,,
LS87_s07a_sc12,LS87,84,,0,,,,0.0,0,297.9,2.1e-05,2.8e-05,2.1e-05,,,
LS87_s08a_sc02,LS87,87,LS87_s08b_sc02,1,265.0,0,256.0,298.0,0,195.4,0.0,0.0,0.0,0.7528,0.0042,high
LS87_s08a_sc03,LS87,88,LS87_s08b_sc03,1,231.0,0,333.8,213.0,0,331.9,0.000399,0.000513,0.000399,0.8575,-0.0125,high
LS87_s08a_sc05,LS87,90,LS87_s08b_sc05,1,185.0,0,157.2,167.0,0,358.0,0.000116,0.000154,0.000116,0.8228,0.0194,high
LS87_s08a_sc06,LS87,91,LS87_s08b_sc06,1,243.0,0,230.1,257.0,0,230.1,0.0,0.0,0.0,0.8675,0.0093,high
LS87_s08a_sc07,LS87,92,LS87_s08b_sc07,1,236.0,0,215.4,289.0,0,115.4,0.0,0.0,0.0,0.5468,0.0097,low
LS87_s09a_sc00,LS87,97,LS87_s09b_sc00,1,42.0,0,193.3,208.0,0,188.3,7e-05,7.8e-05,7e-05,0.5521,-0.0183,high
LS87_s09a_sc01,LS87,98,LS87_s09b_sc01,1,202.0,0,187.7,24.0,0,188.4,8.5e-05,0.000101,8.5e-05,0.8074,-0.0147,high
LS87_s09a_sc02,LS87,99,LS87_s09b_sc02,1,151.0,0,112.5,132.0,0,115.0,0.001188,0.001331,0.001188,0.8621,-0.1123,high
LS87_s09a_sc03,LS87,100,LS87_s09b_sc03,1,180.0,0,148.2,319.0,0,151.6,0.0,0.0,0.0,0.5931,-0.0396,high
LS87_s09a_sc04,LS87,101,LS87_s09b_sc04,1,199.0,0,155.0,176.0,0,160.8,6e-06,7e-06,6e-06,0.9175,-0.0207,high
LS87_s09a_sc05,LS87,102,LS87_s09b_sc05,1,204.0,0,177.0,15.0,0,18.7,0.0,0.0,0.0,0.7572,0.0104,high
