scene_uid,decision,reason
LS105_s01a_sc01,manual,PCNA partner excluded by the operator
LS105_s01a_sc02,manual,PCNA partner excluded by the operator
LS105_s01a_sc03,manual,PCNA partner excluded by the operator
LS105_s01a_sc04,manual,PCNA partner excluded by the operator
LS105_s01a_sc05,manual,PCNA partner excluded by the operator
LS105_s01a_sc07,manual,PCNA partner excluded by the operator
LS105_s01a_sc08,manual,PCNA partner excluded by the operator
LS105_s01a_sc10,manual,PCNA partner excluded by the operator
LS105_s01a_sc11,manual,PCNA partner excluded by the operator
LS105_s01a_sc12,manual,PCNA partner excluded by the operator
LS105_s02a_sc00,manual,PCNA partner excluded by the operator
LS105_s02a_sc01,manual,PCNA partner excluded by the operator
LS105_s02a_sc11,manual,PCNA partner excluded by the operator
LS105_s03a_sc01,manual,PCNA partner excluded by the operator
LS105_s03a_sc02,manual,PCNA partner excluded by the operator
LS105_s03a_sc08,manual,PCNA partner excluded by the operator
LS105_s04a_sc00,manual,PCNA partner excluded by the operator
LS105_s04a_sc02,manual,PCNA partner excluded by the operator
LS105_s04a_sc03,manual,PCNA partner excluded by the operator
LS105_s04a_sc05,manual,PCNA partner excluded by the operator
LS105_s04a_sc12,manual,PCNA partner excluded by the operator
LS105_s05a_sc00,manual,PCNA partner excluded by the operator
LS105_s05a_sc10,manual,PCNA partner excluded by the operator
LS105_s06a_sc03,manual,PCNA partner excluded by the operator
LS105_s06a_sc09,manual,PCNA partner excluded by the operator
LS105_s06a_sc10,manual,PCNA partner excluded by the operator
LS105_s06a_sc11,manual,PCNA partner excluded by the operator
LS105_s08a_sc04,manual,PCNA partner excluded by the operator
LS105_s08a_sc10,manual,PCNA partner excluded by the operator
LS105_s09a_sc00,manual,PCNA partner excluded by the operator
LS105_s09a_sc01,manual,PCNA partner excluded by the operator
LS105_s09a_sc02,manual,PCNA partner excluded by the operator
LS105_s09a_sc03,manual,PCNA partner excluded by the operator
LS105_s09a_sc04,manual,PCNA partner excluded by the operator
LS105_s09a_sc05,manual,PCNA partner excluded by the operator
LS105_s09a_sc06,manual,PCNA partner excluded by the operator
LS105_s09a_sc09,manual,PCNA partner excluded by the operator
LS105_s09a_sc10,manual,PCNA partner excluded by the operator
LS105_s10a_sc00,manual,PCNA partner excluded by the operator
LS105_s10a_sc02,manual,PCNA partner excluded by the operator
LS120_s01a_sc01,manual,PCNA partner excluded by the operator
LS120_s01a_sc07,manual,PCNA partner excluded by the operator
LS120_s01a_sc08,manual,PCNA partner excluded by the operator
LS120_s01a_sc10,manual,PCNA partner excluded by the operator
LS120_s01a_sc13,manual,PCNA partner excluded by the operator
LS120_s02a_sc05,manual,PCNA partner excluded by the operator
LS120_s02a_sc10,manual,PCNA partner excluded by the operator
LS120_s03a_sc01,manual,PCNA partner excluded by the operator
LS120_s03a_sc02,manual,PCNA partner excluded by the operator
LS120_s03a_sc03,manual,PCNA partner excluded by the operator
LS120_s03a_sc04,manual,PCNA partner excluded by the operator
LS120_s03a_sc05,manual,PCNA partner excluded by the operator
LS120_s03a_sc12,manual,PCNA partner excluded by the operator
LS120_s03a_sc13,manual,PCNA partner excluded by the operator
LS120_s04a_sc05,manual,PCNA partner excluded by the operator
LS120_s05a_sc04,manual,PCNA partner excluded by the operator
LS120_s05a_sc06,manual,PCNA partner excluded by the operator
LS120_s05a_sc08,manual,PCNA partner excluded by the operator
LS120_s05a_sc10,manual,PCNA partner excluded by the operator
LS120_s06a_sc01,manual,PCNA partner excluded by the operator
LS120_s06a_sc05,manual,PCNA partner excluded by the operator
LS120_s06a_sc09,manual,PCNA partner excluded by the operator
LS120_s07a_sc01,manual,PCNA partner excluded by the operator
LS120_s07a_sc02,manual,PCNA partner excluded by the operator
LS120_s07a_sc03,manual,PCNA partner excluded by the operator
LS120_s07a_sc04,manual,PCNA partner excluded by the operator
LS120_s07a_sc05,manual,PCNA partner excluded by the operator
LS120_s07a_sc06,manual,PCNA partner excluded by the operator
LS120_s07a_sc07,manual,PCNA partner excluded by the operator
LS120_s07a_sc09,manual,PCNA partner excluded by the operator
LS120_s07a_sc10,manual,PCNA partner excluded by the operator
LS120_s08a_sc02,manual,PCNA partner excluded by the operator
LS120_s08a_sc03,manual,PCNA partner excluded by the operator
LS120_s08a_sc05,manual,PCNA partner excluded by the operator
LS120_s08a_sc07,manual,PCNA partner excluded by the operator
LS120_s08a_sc09,manual,PCNA partner excluded by the operator
LS120_s09a_sc04,manual,PCNA partner excluded by the operator
LS136_s01a_sc01,manual,PCNA partner excluded by the operator
LS136_s01a_sc02,manual,PCNA partner excluded by the operator
LS136_s01a_sc04,manual,PCNA partner excluded by the operator
LS136_s01a_sc05,manual,PCNA partner excluded by the operator
LS136_s01a_sc06,manual,PCNA partner excluded by the operator
LS136_s01a_sc07,manual,PCNA partner excluded by the operator
LS136_s01a_sc09,manual,PCNA partner excluded by the operator
LS136_s01a_sc15,manual,PCNA partner excluded by the operator
LS136_s02a_sc04,manual,PCNA partner excluded by the operator
LS136_s02a_sc06,manual,PCNA partner excluded by the operator
LS136_s02a_sc09,manual,PCNA partner excluded by the operator
LS136_s02a_sc11,manual,PCNA partner excluded by the operator
LS136_s02a_sc13,manual,PCNA partner excluded by the operator
LS136_s02a_sc14,manual,PCNA partner excluded by the operator
LS136_s03a_sc00,manual,PCNA partner excluded by the operator
LS136_s03a_sc01,manual,PCNA partner excluded by the operator
LS136_s03a_sc02,manual,PCNA partner excluded by the operator
LS136_s03a_sc05,manual,PCNA partner excluded by the operator
LS136_s03a_sc06,manual,PCNA partner excluded by the operator
LS136_s03a_sc07,manual,PCNA partner excluded by the operator
LS136_s03a_sc08,manual,PCNA partner excluded by the operator
LS136_s03a_sc09,manual,PCNA partner excluded by the operator
LS136_s03a_sc10,manual,PCNA partner excluded by the operator
LS136_s03a_sc11,manual,PCNA partner excluded by the operator
LS136_s04a_sc00,manual,PCNA partner excluded by the operator
LS136_s04a_sc04,manual,PCNA partner excluded by the operator
LS136_s04a_sc06,manual,PCNA partner excluded by the operator
LS136_s04a_sc12,manual,PCNA partner excluded by the operator
LS136_s05a_sc06,manual,PCNA partner excluded by the operator
LS136_s05a_sc07,manual,PCNA partner excluded by the operator
LS136_s05a_sc08,manual,PCNA partner excluded by the operator
LS136_s06a_sc01,manual,PCNA partner excluded by the operator
LS136_s06a_sc02,manual,PCNA partner excluded by the operator
LS136_s06a_sc04,manual,PCNA partner excluded by the operator
LS136_s06a_sc06,manual,PCNA partner excluded by the operator
LS136_s06a_sc08,manual,PCNA partner excluded by the operator
LS136_s07a_sc01,manual,PCNA partner excluded by the operator
LS136_s07a_sc02,manual,PCNA partner excluded by the operator
LS136_s07a_sc03,manual,PCNA partner excluded by the operator
LS136_s07a_sc04,manual,PCNA partner excluded by the operator
LS136_s07a_sc05,manual,PCNA partner excluded by the operator
LS136_s07a_sc06,manual,PCNA partner excluded by the operator
LS136_s07a_sc07,manual,PCNA partner excluded by the operator
LS136_s08a_sc00,manual,PCNA partner excluded by the operator
LS136_s08a_sc01,manual,PCNA partner excluded by the operator
LS136_s08a_sc02,manual,PCNA partner excluded by the operator
LS136_s08a_sc03,manual,PCNA partner excluded by the operator
LS136_s08a_sc04,manual,PCNA partner excluded by the operator
LS136_s08a_sc05,manual,PCNA partner excluded by the operator
LS136_s08a_sc06,manual,PCNA partner excluded by the operator
LS136_s08a_sc09,manual,PCNA partner excluded by the operator
LS138_s01a_sc03,manual,PCNA partner excluded by the operator
LS138_s01a_sc04,manual,PCNA partner excluded by the operator
LS138_s02a_sc00,manual,PCNA partner excluded by the operator
LS138_s02a_sc04,manual,PCNA partner excluded by the operator
LS138_s02a_sc05,manual,PCNA partner excluded by the operator
LS138_s02a_sc09,manual,PCNA partner excluded by the operator
LS138_s02a_sc11,manual,PCNA partner excluded by the operator
LS138_s03a_sc00,manual,PCNA partner excluded by the operator
LS138_s03a_sc02,manual,PCNA partner excluded by the operator
LS138_s03a_sc03,manual,PCNA partner excluded by the operator
LS138_s03a_sc06,manual,PCNA partner excluded by the operator
LS138_s03a_sc09,manual,PCNA partner excluded by the operator
LS138_s03a_sc10,manual,PCNA partner excluded by the operator
LS138_s03a_sc11,manual,PCNA partner excluded by the operator
LS138_s05a_sc01,manual,PCNA partner excluded by the operator
LS138_s05a_sc06,manual,PCNA partner excluded by the operator
LS138_s05a_sc07,manual,PCNA partner excluded by the operator
LS138_s05a_sc08,manual,PCNA partner excluded by the operator
LS138_s05a_sc09,manual,PCNA partner excluded by the operator
LS138_s06a_sc01,manual,PCNA partner excluded by the operator
LS138_s06a_sc09,manual,PCNA partner excluded by the operator
LS138_s07a_sc01,manual,PCNA partner excluded by the operator
LS138_s07a_sc08,manual,PCNA partner excluded by the operator
LS138_s07a_sc09,manual,PCNA partner excluded by the operator
LS138_s08a_sc00,manual,PCNA partner excluded by the operator
LS138_s08a_sc01,manual,PCNA partner excluded by the operator
LS138_s08a_sc02,manual,PCNA partner excluded by the operator
LS138_s08a_sc03,manual,PCNA partner excluded by the operator
LS138_s08a_sc06,manual,PCNA partner excluded by the operator
LS138_s08a_sc07,manual,PCNA partner excluded by the operator
LS138_s08a_sc08,manual,PCNA partner excluded by the operator
LS138_s08a_sc09,manual,PCNA partner excluded by the operator
LS138_s08a_sc10,manual,PCNA partner excluded by the operator
LS138_s09a_sc00,manual,PCNA partner excluded by the operator
LS138_s09a_sc01,manual,PCNA partner excluded by the operator
LS138_s09a_sc02,manual,PCNA partner excluded by the operator
LS138_s09a_sc03,manual,PCNA partner excluded by the operator
LS138_s09a_sc04,manual,PCNA partner excluded by the operator
LS138_s09a_sc05,manual,PCNA partner excluded by the operator
LS138_s09a_sc06,manual,PCNA partner excluded by the operator
LS138_s09a_sc09,manual,PCNA partner excluded by the operator
LS22_s01a_sc04,manual,PCNA partner excluded by the operator
LS22_s01a_sc07,manual,PCNA partner excluded by the operator
LS22_s01a_sc11,manual,PCNA partner excluded by the operator
LS22_s01a_sc13,manual,PCNA partner excluded by the operator
LS22_s02a_sc06,manual,PCNA partner excluded by the operator
LS22_s03a_sc01,manual,PCNA partner excluded by the operator
LS22_s03a_sc02,manual,PCNA partner excluded by the operator
LS22_s03a_sc03,manual,PCNA partner excluded by the operator
LS22_s03a_sc04,manual,PCNA partner excluded by the operator
LS22_s03a_sc05,manual,PCNA partner excluded by the operator
LS22_s03a_sc09,manual,PCNA partner excluded by the operator
LS22_s04a_sc04,manual,PCNA partner excluded by the operator
LS22_s04a_sc07,manual,PCNA partner excluded by the operator
LS22_s04a_sc08,manual,PCNA partner excluded by the operator
LS22_s04a_sc09,manual,PCNA partner excluded by the operator
LS22_s04a_sc10,manual,PCNA partner excluded by the operator
LS22_s05a_sc03,manual,PCNA partner excluded by the operator
LS22_s05a_sc05,manual,PCNA partner excluded by the operator
LS22_s05a_sc06,manual,PCNA partner excluded by the operator
LS22_s05a_sc07,manual,PCNA partner excluded by the operator
LS22_s05a_sc08,manual,PCNA partner excluded by the operator
LS22_s05a_sc09,manual,PCNA partner excluded by the operator
LS22_s06a_sc09,manual,PCNA partner excluded by the operator
LS22_s07a_sc01,manual,PCNA partner excluded by the operator
LS22_s07a_sc03,manual,PCNA partner excluded by the operator
LS22_s07a_sc04,manual,PCNA partner excluded by the operator
LS22_s07a_sc06,manual,PCNA partner excluded by the operator
LS22_s07a_sc07,manual,PCNA partner excluded by the operator
LS22_s07a_sc08,manual,PCNA partner excluded by the operator
LS22_s07a_sc09,manual,PCNA partner excluded by the operator
LS22_s07a_sc10,manual,PCNA partner excluded by the operator
LS22_s08a_sc01,manual,PCNA partner excluded by the operator
LS22_s08a_sc09,manual,PCNA partner excluded by the operator
LS22_s08a_sc10,manual,PCNA partner excluded by the operator
LS22_s09a_sc00,manual,PCNA partner excluded by the operator
LS22_s09a_sc07,manual,PCNA partner excluded by the operator
LS22_s09a_sc08,manual,PCNA partner excluded by the operator
LS22_s09a_sc09,manual,PCNA partner excluded by the operator
LS22_s09a_sc10,manual,PCNA partner excluded by the operator
LS22_s09a_sc11,manual,PCNA partner excluded by the operator
LS37_s01a_sc00,manual,PCNA partner excluded by the operator
LS37_s02a_sc09,manual,PCNA partner excluded by the operator
LS37_s02a_sc11,manual,PCNA partner excluded by the operator
LS37_s03a_sc00,manual,PCNA partner excluded by the operator
LS37_s03a_sc08,manual,PCNA partner excluded by the operator
LS37_s03a_sc09,manual,PCNA partner excluded by the operator
LS37_s03a_sc10,manual,PCNA partner excluded by the operator
LS37_s04a_sc01,manual,PCNA partner excluded by the operator
LS37_s04a_sc07,manual,PCNA partner excluded by the operator
LS37_s05a_sc02,manual,PCNA partner excluded by the operator
LS37_s05a_sc09,manual,PCNA partner excluded by the operator
LS37_s05a_sc10,manual,PCNA partner excluded by the operator
LS37_s06a_sc09,manual,PCNA partner excluded by the operator
LS37_s06a_sc10,manual,PCNA partner excluded by the operator
LS37_s06a_sc11,manual,PCNA partner excluded by the operator
LS37_s07a_sc01,manual,PCNA partner excluded by the operator
LS37_s07a_sc08,manual,PCNA partner excluded by the operator
LS37_s07a_sc09,manual,PCNA partner excluded by the operator
LS37_s08a_sc01,manual,PCNA partner excluded by the operator
LS37_s08a_sc04,manual,PCNA partner excluded by the operator
LS37_s08a_sc06,manual,PCNA partner excluded by the operator
LS37_s08a_sc09,manual,PCNA partner excluded by the operator
LS37_s08a_sc10,manual,PCNA partner excluded by the operator
LS37_s08a_sc11,manual,PCNA partner excluded by the operator
LS37_s09a_sc04,manual,PCNA partner excluded by the operator
LS37_s09a_sc06,manual,PCNA partner excluded by the operator
LS37_s09a_sc08,manual,PCNA partner excluded by the operator
LS37_s09a_sc11,manual,PCNA partner excluded by the operator
LS37_s10a_sc08,manual,PCNA partner excluded by the operator
LS37_s10a_sc09,manual,PCNA partner excluded by the operator
LS37_s10a_sc10,manual,PCNA partner excluded by the operator
LS37_s10a_sc11,manual,PCNA partner excluded by the operator
LS45_s02a_sc03,manual,PCNA partner excluded by the operator
LS45_s02a_sc04,manual,PCNA partner excluded by the operator
LS45_s02a_sc07,manual,PCNA partner excluded by the operator
LS45_s02a_sc11,manual,PCNA partner excluded by the operator
LS45_s03a_sc00,manual,PCNA partner excluded by the operator
LS45_s03a_sc11,manual,PCNA partner excluded by the operator
LS45_s04a_sc01,manual,PCNA partner excluded by the operator
LS45_s04a_sc02,manual,PCNA partner excluded by the operator
LS45_s04a_sc07,manual,PCNA partner excluded by the operator
LS45_s04a_sc10,manual,PCNA partner excluded by the operator
LS45_s04a_sc11,manual,PCNA partner excluded by the operator
LS45_s04a_sc12,manual,PCNA partner excluded by the operator
LS45_s05a_sc04,manual,PCNA partner excluded by the operator
LS45_s05a_sc06,manual,PCNA partner excluded by the operator
LS45_s05a_sc07,manual,PCNA partner excluded by the operator
LS45_s05a_sc08,manual,PCNA partner excluded by the operator
LS45_s05a_sc09,manual,PCNA partner excluded by the operator
LS45_s06a_sc00,manual,PCNA partner excluded by the operator
LS45_s06a_sc07,manual,PCNA partner excluded by the operator
LS45_s06a_sc08,manual,PCNA partner excluded by the operator
LS45_s07a_sc02,manual,PCNA partner excluded by the operator
LS45_s07a_sc03,manual,PCNA partner excluded by the operator
LS45_s07a_sc04,manual,PCNA partner excluded by the operator
LS45_s07a_sc05,manual,PCNA partner excluded by the operator
LS45_s07a_sc06,manual,PCNA partner excluded by the operator
LS45_s07a_sc07,manual,PCNA partner excluded by the operator
LS45_s07a_sc08,manual,PCNA partner excluded by the operator
LS45_s08a_sc00,manual,PCNA partner excluded by the operator
LS45_s08a_sc06,manual,PCNA partner excluded by the operator
LS45_s08a_sc08,manual,PCNA partner excluded by the operator
LS45_s08a_sc09,manual,PCNA partner excluded by the operator
LS45_s09a_sc01,manual,PCNA partner excluded by the operator
LS45_s09a_sc08,manual,PCNA partner excluded by the operator
LS45_s09a_sc10,manual,PCNA partner excluded by the operator
LS45_s10a_sc01,manual,PCNA partner excluded by the operator
LS45_s10a_sc04,manual,PCNA partner excluded by the operator
LS45_s10a_sc09,manual,PCNA partner excluded by the operator
LS53_s02b_sc02,manual,PCNA partner excluded by the operator
LS53_s02b_sc05,manual,PCNA partner excluded by the operator
LS53_s02b_sc06,manual,PCNA partner excluded by the operator
LS53_s02b_sc07,manual,PCNA partner excluded by the operator
LS53_s02b_sc08,manual,PCNA partner excluded by the operator
LS53_s02b_sc09,manual,PCNA partner excluded by the operator
LS53_s02b_sc10,manual,PCNA partner excluded by the operator
LS53_s02b_sc11,manual,PCNA partner excluded by the operator
LS61_s01a_sc00,manual,PCNA partner excluded by the operator
LS61_s01a_sc01,manual,PCNA partner excluded by the operator
LS61_s01a_sc04,manual,PCNA partner excluded by the operator
LS61_s01a_sc08,manual,PCNA partner excluded by the operator
LS61_s01a_sc10,manual,PCNA partner excluded by the operator
LS61_s01a_sc12,manual,PCNA partner excluded by the operator
LS61_s01a_sc13,manual,PCNA partner excluded by the operator
LS61_s01a_sc14,manual,PCNA partner excluded by the operator
LS61_s02a_sc00,manual,PCNA partner excluded by the operator
LS61_s02a_sc02,manual,PCNA partner excluded by the operator
LS61_s02a_sc04,manual,PCNA partner excluded by the operator
LS61_s02a_sc06,manual,PCNA partner excluded by the operator
LS61_s02a_sc07,manual,PCNA partner excluded by the operator
LS61_s02a_sc08,manual,PCNA partner excluded by the operator
LS61_s02a_sc09,manual,PCNA partner excluded by the operator
LS61_s02a_sc10,manual,PCNA partner excluded by the operator
LS61_s02a_sc11,manual,PCNA partner excluded by the operator
LS61_s03a_sc02,manual,PCNA partner excluded by the operator
LS61_s03a_sc04,manual,PCNA partner excluded by the operator
LS61_s03a_sc13,manual,PCNA partner excluded by the operator
LS61_s04a_sc00,manual,PCNA partner excluded by the operator
LS61_s05a_sc04,manual,PCNA partner excluded by the operator
LS61_s05a_sc05,manual,PCNA partner excluded by the operator
LS61_s05a_sc06,manual,PCNA partner excluded by the operator
LS61_s05a_sc09,manual,PCNA partner excluded by the operator
LS61_s05a_sc10,manual,PCNA partner excluded by the operator
LS61_s05a_sc11,manual,PCNA partner excluded by the operator
LS61_s06a_sc03,manual,PCNA partner excluded by the operator
LS61_s06a_sc04,manual,PCNA partner excluded by the operator
LS61_s06a_sc06,manual,PCNA partner excluded by the operator
LS61_s06a_sc08,manual,PCNA partner excluded by the operator
LS61_s06a_sc09,manual,PCNA partner excluded by the operator
LS61_s06a_sc10,manual,PCNA partner excluded by the operator
LS61_s07a_sc00,manual,PCNA partner excluded by the operator
LS61_s07a_sc01,manual,PCNA partner excluded by the operator
LS61_s07a_sc02,manual,PCNA partner excluded by the operator
LS61_s07a_sc03,manual,PCNA partner excluded by the operator
LS61_s07a_sc04,manual,PCNA partner excluded by the operator
LS61_s07a_sc08,manual,PCNA partner excluded by the operator
LS61_s07a_sc09,manual,PCNA partner excluded by the operator
LS61_s07a_sc10,manual,PCNA partner excluded by the operator
LS61_s08a_sc01,manual,PCNA partner excluded by the operator
LS61_s08a_sc02,manual,PCNA partner excluded by the operator
LS61_s08a_sc04,manual,PCNA partner excluded by the operator
LS61_s08a_sc05,manual,PCNA partner excluded by the operator
LS61_s08a_sc06,manual,PCNA partner excluded by the operator
LS61_s09a_sc00,manual,PCNA partner excluded by the operator
LS69_s01a_sc07,manual,PCNA partner excluded by the operator
LS69_s01a_sc09,manual,PCNA partner excluded by the operator
LS69_s01a_sc14,manual,PCNA partner excluded by the operator
LS69_s01a_sc15,manual,PCNA partner excluded by the operator
LS69_s02a_sc03,manual,PCNA partner excluded by the operator
LS69_s02a_sc05,manual,PCNA partner excluded by the operator
LS69_s02a_sc07,manual,PCNA partner excluded by the operator
LS69_s02a_sc10,manual,PCNA partner excluded by the operator
LS69_s02a_sc12,manual,PCNA partner excluded by the operator
LS69_s02a_sc13,manual,PCNA partner excluded by the operator
LS69_s02a_sc14,manual,PCNA partner excluded by the operator
LS69_s03a_sc00,manual,PCNA partner excluded by the operator
LS69_s03a_sc01,manual,PCNA partner excluded by the operator
LS69_s03a_sc02,manual,PCNA partner excluded by the operator
LS69_s03a_sc03,manual,PCNA partner excluded by the operator
LS69_s03a_sc05,manual,PCNA partner excluded by the operator
LS69_s03a_sc09,manual,PCNA partner excluded by the operator
LS69_s04a_sc00,manual,PCNA partner excluded by the operator
LS69_s04a_sc01,manual,PCNA partner excluded by the operator
LS69_s04a_sc04,manual,PCNA partner excluded by the operator
LS69_s05a_sc00,manual,PCNA partner excluded by the operator
LS69_s05a_sc02,manual,PCNA partner excluded by the operator
LS69_s05a_sc06,manual,PCNA partner excluded by the operator
LS69_s05a_sc07,manual,PCNA partner excluded by the operator
LS69_s06a_sc06,manual,PCNA partner excluded by the operator
LS69_s06a_sc07,manual,PCNA partner excluded by the operator
LS69_s06a_sc08,manual,PCNA partner excluded by the operator
LS69_s06a_sc09,manual,PCNA partner excluded by the operator
LS69_s06a_sc11,manual,PCNA partner excluded by the operator
LS69_s07a_sc00,manual,PCNA partner excluded by the operator
LS69_s07a_sc04,manual,PCNA partner excluded by the operator
LS69_s07a_sc10,manual,PCNA partner excluded by the operator
LS69_s07a_sc11,manual,PCNA partner excluded by the operator
LS69_s08a_sc01,manual,PCNA partner excluded by the operator
LS69_s08a_sc02,manual,PCNA partner excluded by the operator
LS69_s08a_sc08,manual,PCNA partner excluded by the operator
LS69_s08a_sc10,manual,PCNA partner excluded by the operator
LS69_s08a_sc11,manual,PCNA partner excluded by the operator
LS69_s08a_sc12,manual,PCNA partner excluded by the operator
LS69_s09a_sc01,manual,PCNA partner excluded by the operator
LS69_s09a_sc02,manual,PCNA partner excluded by the operator
LS69_s09a_sc03,manual,PCNA partner excluded by the operator
LS69_s09a_sc06,manual,PCNA partner excluded by the operator
LS85_s01a_sc01,manual,PCNA partner excluded by the operator
LS85_s01a_sc02,manual,PCNA partner excluded by the operator
LS85_s01a_sc03,manual,PCNA partner excluded by the operator
LS85_s01a_sc05,manual,PCNA partner excluded by the operator
LS85_s02a_sc00,manual,PCNA partner excluded by the operator
LS85_s02a_sc01,manual,PCNA partner excluded by the operator
LS85_s02a_sc02,manual,PCNA partner excluded by the operator
LS85_s02a_sc03,manual,PCNA partner excluded by the operator
LS85_s02a_sc04,manual,PCNA partner excluded by the operator
LS85_s02a_sc07,manual,PCNA partner excluded by the operator
LS85_s02a_sc08,manual,PCNA partner excluded by the operator
LS85_s03a_sc00,manual,PCNA partner excluded by the operator
LS85_s03a_sc02,manual,PCNA partner excluded by the operator
LS85_s03a_sc04,manual,PCNA partner excluded by the operator
LS85_s03a_sc08,manual,PCNA partner excluded by the operator
LS85_s03a_sc10,manual,PCNA partner excluded by the operator
LS85_s03a_sc11,manual,PCNA partner excluded by the operator
LS85_s04a_sc00,manual,PCNA partner excluded by the operator
LS85_s04a_sc01,manual,PCNA partner excluded by the operator
LS85_s04a_sc05,manual,PCNA partner excluded by the operator
LS85_s05a_sc08,manual,PCNA partner excluded by the operator
LS85_s05a_sc09,manual,PCNA partner excluded by the operator
LS85_s06a_sc04,manual,PCNA partner excluded by the operator
LS85_s07a_sc09,manual,PCNA partner excluded by the operator
LS85_s08a_sc00,manual,PCNA partner excluded by the operator
LS85_s08a_sc02,manual,PCNA partner excluded by the operator
LS85_s08a_sc06,manual,PCNA partner excluded by the operator
LS85_s09a_sc00,manual,PCNA partner excluded by the operator
LS85_s09a_sc01,manual,PCNA partner excluded by the operator
LS85_s09a_sc02,manual,PCNA partner excluded by the operator
LS85_s09a_sc03,manual,PCNA partner excluded by the operator
LS85_s09a_sc04,manual,PCNA partner excluded by the operator
LS85_s09a_sc08,manual,PCNA partner excluded by the operator
LS85_s09a_sc09,manual,PCNA partner excluded by the operator
LS85_s09a_sc10,manual,PCNA partner excluded by the operator
LS85_s09a_sc11,manual,PCNA partner excluded by the operator
LS85_s10a_sc02,manual,PCNA partner excluded by the operator
LS85_s10a_sc03,manual,PCNA partner excluded by the operator
LS85_s10a_sc04,manual,PCNA partner excluded by the operator
LS85_s10a_sc05,manual,PCNA partner excluded by the operator
LS85_s10a_sc08,manual,PCNA partner excluded by the operator
LS85_s10a_sc09,manual,PCNA partner excluded by the operator
LS87_s01a_sc03,manual,PCNA partner excluded by the operator
LS87_s01a_sc06,manual,PCNA partner excluded by the operator
LS87_s01a_sc07,manual,PCNA partner excluded by the operator
LS87_s01a_sc08,manual,PCNA partner excluded by the operator
LS87_s01a_sc09,manual,PCNA partner excluded by the operator
LS87_s01a_sc12,manual,PCNA partner excluded by the operator
LS87_s01a_sc13,manual,PCNA partner excluded by the operator
LS87_s01a_sc15,manual,PCNA partner excluded by the operator
LS87_s01a_sc16,manual,PCNA partner excluded by the operator
LS87_s01a_sc17,manual,PCNA partner excluded by the operator
LS87_s02a_sc00,manual,PCNA partner excluded by the operator
LS87_s02a_sc01,manual,PCNA partner excluded by the operator
LS87_s02a_sc02,manual,PCNA partner excluded by the operator
LS87_s02a_sc03,manual,PCNA partner excluded by the operator
LS87_s02a_sc04,manual,PCNA partner excluded by the operator
LS87_s02a_sc08,manual,PCNA partner excluded by the operator
LS87_s02a_sc09,manual,PCNA partner excluded by the operator
LS87_s02a_sc10,manual,PCNA partner excluded by the operator
LS87_s03a_sc00,manual,PCNA partner excluded by the operator
LS87_s03a_sc01,manual,PCNA partner excluded by the operator
LS87_s03a_sc02,manual,PCNA partner excluded by the operator
LS87_s03a_sc03,manual,PCNA partner excluded by the operator
LS87_s03a_sc04,manual,PCNA partner excluded by the operator
LS87_s03a_sc06,manual,PCNA partner excluded by the operator
LS87_s03a_sc07,manual,PCNA partner excluded by the operator
LS87_s03a_sc08,manual,PCNA partner excluded by the operator
LS87_s05a_sc06,manual,PCNA partner excluded by the operator
LS87_s05a_sc08,manual,PCNA partner excluded by the operator
LS87_s05a_sc10,manual,PCNA partner excluded by the operator
LS87_s06a_sc07,manual,PCNA partner excluded by the operator
LS87_s06a_sc08,manual,PCNA partner excluded by the operator
LS87_s06a_sc09,manual,PCNA partner excluded by the operator
LS87_s06a_sc10,manual,PCNA partner excluded by the operator
LS87_s06a_sc11,manual,PCNA partner excluded by the operator
LS87_s07a_sc00,manual,PCNA partner excluded by the operator
LS87_s07a_sc02,manual,PCNA partner excluded by the operator
LS87_s07a_sc03,manual,PCNA partner excluded by the operator
LS87_s07a_sc04,manual,PCNA partner excluded by the operator
LS87_s07a_sc05,manual,PCNA partner excluded by the operator
LS87_s07a_sc07,manual,PCNA partner excluded by the operator
LS87_s07a_sc08,manual,PCNA partner excluded by the operator
LS87_s07a_sc09,manual,PCNA partner excluded by the operator
LS87_s07a_sc10,manual,PCNA partner excluded by the operator
LS87_s07a_sc11,manual,PCNA partner excluded by the operator
LS87_s08a_sc00,manual,PCNA partner excluded by the operator
LS87_s08a_sc01,manual,PCNA partner excluded by the operator
LS87_s08a_sc04,manual,PCNA partner excluded by the operator
LS87_s08a_sc08,manual,PCNA partner excluded by the operator
LS87_s08a_sc09,manual,PCNA partner excluded by the operator
LS87_s08a_sc10,manual,PCNA partner excluded by the operator
LS87_s08a_sc11,manual,PCNA partner excluded by the operator
LS87_s09a_sc06,manual,PCNA partner excluded by the operator
LS87_s09a_sc07,manual,PCNA partner excluded by the operator
LS87_s09a_sc08,manual,PCNA partner excluded by the operator
LS87_s09a_sc09,manual,PCNA partner excluded by the operator
