uid,animal,section_order,proposed,artifact_class,reason,largest_mm2,total_mm2,n_pieces,focus_score,frame_mm2
LS105_s01b_sc00,LS105,1,0,,,3.84,3.84,1,0.3708,18.2
LS105_s01b_sc07,LS105,8,0,,,10.54,12.72,2,0.0939,62.0
LS105_s01b_sc10,LS105,11,0,,,12.56,12.56,1,0.283,51.8
LS105_s01b_sc13,LS105,14,0,,,8.87,8.87,1,0.2323,51.8
LS105_s02b_sc02,LS105,18,0,,,11.52,11.52,1,0.3407,59.1
LS105_s02b_sc03,LS105,19,0,,,9.06,9.06,1,0.2018,70.7
LS105_s02b_sc04,LS105,20,0,,,10.86,10.86,1,0.1182,59.1
LS105_s02b_sc05,LS105,21,0,,,10.77,10.77,1,0.214,70.7
LS105_s02b_sc06,LS105,22,0,,,8.61,8.61,1,0.2799,62.0
LS105_s02b_sc07,LS105,23,0,,,5.66,10.31,2,0.2019,59.1
LS105_s02b_sc08,LS105,24,0,,,7.87,7.87,1,0.0999,59.1
LS105_s02b_sc09,LS105,25,0,,,4.29,7.36,2,0.0981,62.0
LS105_s02b_sc10,LS105,26,0,,,3.99,8.66,3,0.2689,51.8
LS105_s03b_sc00,LS105,28,0,,,4.51,9.16,3,0.3564,59.1
LS105_s03b_sc03,LS105,31,0,,,2.86,6.73,3,0.0964,59.1
LS105_s03b_sc04,LS105,32,0,,,3.22,7.95,3,0.3443,62.0
LS105_s03b_sc05,LS105,33,0,,,12.31,16.34,2,0.0703,70.7
LS105_s03b_sc06,LS105,34,0,,,4.5,7.29,2,0.0839,59.1
LS105_s03b_sc07,LS105,35,0,,,8.35,11.19,2,0.0827,51.8
LS105_s03b_sc09,LS105,37,0,,,4.2,7.79,3,0.0953,59.1
LS105_s03b_sc10,LS105,38,0,,,4.22,6.88,2,0.0915,51.8
LS105_s03b_sc11,LS105,39,0,,,3.58,5.9,2,0.3376,51.8
LS105_s04b_sc01,LS105,41,0,,,5.63,9.96,2,0.0743,70.7
LS105_s04b_sc04,LS105,44,0,,,9.68,17.14,3,0.2973,92.3
LS105_s04b_sc06,LS105,46,0,,,17.54,33.05,3,0.0745,92.3
LS105_s04b_sc07,LS105,47,0,,,11.45,23.28,3,0.0799,92.3
LS105_s04b_sc08,LS105,48,0,,,11.2,22.28,2,0.1167,92.3
LS105_s04b_sc09,LS105,49,0,,,18.42,26.19,2,0.1715,79.4
LS105_s04b_sc10,LS105,50,0,,,8.31,13.03,2,0.0952,92.3
LS105_s04b_sc11,LS105,51,0,,,13.73,18.92,2,0.1173,79.4
LS105_s05b_sc01,LS105,54,0,,,28.93,28.93,1,0.1303,92.3
LS105_s05b_sc02,LS105,55,0,,,26.8,26.8,1,0.2419,88.2
LS105_s05b_sc03,LS105,56,0,,,27.08,27.08,1,0.2522,79.4
LS105_s05b_sc04,LS105,57,0,,,29.1,29.1,1,0.1009,96.9
LS105_s05b_sc05,LS105,58,0,,,26.89,26.89,1,0.116,102.6
LS105_s05b_sc06,LS105,59,0,,,26.4,26.4,1,0.26,88.2
LS105_s05b_sc07,LS105,60,0,,,26.59,26.59,1,0.2397,79.4
LS105_s05b_sc08,LS105,61,0,,,23.93,23.93,1,0.2887,102.6
LS105_s05b_sc09,LS105,62,0,,,26.48,26.48,1,0.1097,102.8
LS105_s05b_sc11,LS105,64,0,,,47.23,47.23,1,0.0912,102.6
LS105_s06b_sc00,LS105,65,0,,,26.78,26.78,1,0.1192,105.4
LS105_s06b_sc01,LS105,66,0,,,26.26,26.26,1,0.1039,118.3
LS105_s06b_sc02,LS105,67,0,,,23.75,23.75,1,0.2728,88.2
LS105_s06b_sc04,LS105,69,0,,,25.37,25.37,1,0.2459,88.2
LS105_s06b_sc05,LS105,70,0,,,42.01,42.01,1,0.2666,105.5
LS105_s06b_sc06,LS105,71,0,,,44.33,44.33,1,0.2627,117.1
LS105_s06b_sc07,LS105,72,0,,,43.22,43.22,1,0.2426,128.6
LS105_s06b_sc08,LS105,73,0,,,45.74,45.74,1,0.2292,102.6
LS105_s07b_sc01,LS105,78,0,,,53.61,53.61,1,0.2337,117.1
LS105_s07b_sc02,LS105,79,0,,,36.85,36.85,1,0.2053,102.6
LS105_s07b_sc03,LS105,80,0,,,35.77,35.77,1,0.2192,96.9
LS105_s07b_sc04,LS105,81,0,,,33.14,33.14,1,0.2614,102.6
LS105_s07b_sc06,LS105,83,0,,,30.75,30.75,1,0.0977,102.6
LS105_s07b_sc07,LS105,84,0,,,38.62,38.62,1,0.2094,102.6
LS105_s07b_sc08,LS105,85,0,,,32.51,32.51,1,0.1985,92.3
LS105_s07b_sc09,LS105,86,0,,,36.58,36.58,1,0.2209,96.9
LS105_s08b_sc00,LS105,88,0,,,83.54,83.54,1,0.2316,209.7
LS105_s08b_sc01,LS105,89,0,,,36.34,36.34,1,0.1109,102.6
LS105_s08b_sc02,LS105,90,0,,,31.69,31.69,1,0.3112,92.3
LS105_s08b_sc04,LS105,92,0,,,30.9,30.9,1,0.3255,88.2
LS105_s08b_sc06,LS105,94,0,,,27.2,27.2,1,0.1047,88.2
LS105_s08b_sc07,LS105,95,0,,,28.27,28.27,1,0.2949,102.6
LS105_s08b_sc09,LS105,97,0,,,27.69,27.69,1,0.0996,92.3
LS105_s09b_sc07,LS105,105,0,,,20.14,20.14,1,0.3175,51.8
LS105_s09b_sc08,LS105,106,0,,,20.57,20.57,1,0.2845,53.3
LS105_s09b_sc09,LS105,107,0,,,22.26,22.26,1,0.2522,62.0
LS105_s09b_sc10,LS105,108,0,,,19.31,19.31,1,0.289,72.0
LS105_s10b_sc01,LS105,113,0,,,21.49,21.49,1,0.3216,62.0
LS105_s10b_sc03,LS105,115,0,,,22.07,22.07,1,0.3327,72.0
LS105_s10b_sc04,LS105,116,0,,,14.85,18.71,2,0.2414,72.0
LS105_s10b_sc05,LS105,117,0,,,9.79,15.21,2,0.3417,72.0
LS105_s10b_sc06,LS105,118,0,,,9.19,15.34,2,0.2904,72.0
LS105_s10b_sc07,LS105,119,0,,,8.47,14.03,2,0.2024,72.0
LS105_s10b_sc08,LS105,120,0,,,7.01,12.85,3,0.288,53.3
LS105_s10b_sc09,LS105,121,0,,,7.88,15.31,2,0.2926,70.7
LS120_s01b_sc00,LS120,1,0,,,2.5,2.5,1,0.3821,18.2
LS120_s01b_sc02,LS120,3,0,,,5.29,5.29,1,0.0881,35.8
LS120_s01b_sc03,LS120,4,0,,,5.41,5.41,1,0.0989,37.3
LS120_s01b_sc04,LS120,5,0,,,6.05,6.05,1,0.0903,41.7
LS120_s01b_sc05,LS120,6,0,,,7.06,7.06,1,0.1534,44.6
LS120_s01b_sc07,LS120,8,0,,,7.22,7.22,1,0.3272,35.8
LS120_s01b_sc10,LS120,11,0,,,5.58,6.74,2,0.171,44.6
LS120_s01b_sc11,LS120,12,0,,,6.72,7.68,2,0.1317,53.3
LS120_s01b_sc13,LS120,14,0,,,10.27,10.27,1,0.3174,44.6
LS120_s01b_sc14,LS120,15,0,,,8.75,8.75,1,0.0967,41.7
LS120_s01b_sc15,LS120,16,0,,,11.32,11.32,1,0.111,44.6
LS120_s01b_sc16,LS120,17,0,,,10.94,10.94,1,0.2694,51.8
LS120_s01b_sc17,LS120,18,0,,,3.9,8.57,5,0.254,44.6
LS120_s01b_sc18,LS120,19,0,,,12.36,13.89,2,0.0891,44.6
LS120_s02b_sc00,LS120,20,0,,,18.84,18.84,1,0.0712,62.0
LS120_s02b_sc01,LS120,21,0,,,16.18,16.18,1,0.3178,53.3
LS120_s02b_sc02,LS120,22,0,,,14.21,14.21,1,0.2969,62.0
LS120_s02b_sc03,LS120,23,0,,,6.41,8.02,3,0.3053,44.6
LS120_s02b_sc04,LS120,24,0,,,12.89,12.89,1,0.0731,51.8
LS120_s02b_sc06,LS120,26,0,,,14.98,14.98,1,0.2071,62.0
LS120_s02b_sc07,LS120,27,0,,,11.62,11.62,1,0.3356,53.3
LS120_s02b_sc08,LS120,28,0,,,14.96,14.96,1,0.3404,62.0
LS120_s02b_sc09,LS120,29,0,,,12.79,12.79,1,0.3382,44.6
LS120_s02b_sc11,LS120,31,0,,,11.8,11.8,1,0.3648,35.8
LS120_s02b_sc12,LS120,32,0,,,9.09,9.09,1,0.2604,44.6
LS120_s02b_sc13,LS120,33,0,,,11.53,11.53,1,0.3081,53.3
LS120_s03b_sc00,LS120,34,0,,,12.2,12.2,1,0.119,59.1
LS120_s03b_sc06,LS120,40,0,,,19.25,36.04,3,0.3977,131.5
LS120_s03b_sc07,LS120,41,0,,,30.34,30.34,1,0.2087,70.7
LS120_s03b_sc08,LS120,42,0,,,36.45,36.45,1,0.1076,82.2
LS120_s03b_sc09,LS120,43,0,,,17.48,17.48,1,0.1121,92.3
LS120_s03b_sc10,LS120,44,0,,,7.93,14.05,2,0.0844,82.2
LS120_s04b_sc00,LS120,47,0,,,27.31,27.31,1,0.2167,92.3
LS120_s04b_sc01,LS120,48,0,,,26.47,26.47,1,0.19,93.7
LS120_s04b_sc02,LS120,49,0,,,30.44,30.44,1,0.1924,92.3
LS120_s04b_sc03,LS120,50,0,,,34.09,34.09,1,0.2847,82.2
LS120_s04b_sc04,LS120,51,0,,,33.08,33.08,1,0.2308,92.3
LS120_s04b_sc05,LS120,52,0,,,29.22,29.22,1,0.3073,82.2
LS120_s04b_sc06,LS120,53,0,,,35.02,35.02,1,0.2685,92.3
LS120_s04b_sc08,LS120,55,0,,,30.14,30.14,1,0.2469,102.6
LS120_s04b_sc09,LS120,56,0,,,18.0,23.5,3,0.2239,79.4
LS120_s04b_sc10,LS120,57,0,,,34.9,34.9,1,0.1991,102.6
LS120_s04b_sc11,LS120,58,0,,,35.01,35.01,1,0.1858,79.4
LS120_s05b_sc00,LS120,59,0,,,34.9,34.9,1,0.2272,92.3
LS120_s05b_sc01,LS120,60,0,,,39.66,39.66,1,0.0968,105.4
LS120_s05b_sc02,LS120,61,0,,,35.7,35.7,1,0.1129,102.6
LS120_s05b_sc03,LS120,62,0,,,38.35,38.35,1,0.2857,102.6
LS120_s05b_sc04,LS120,63,0,,,35.6,35.6,1,0.1216,88.2
LS120_s05b_sc06,LS120,65,0,,,41.54,41.54,1,0.3109,92.3
LS120_s05b_sc08,LS120,67,0,,,42.0,42.0,1,0.296,102.8
LS120_s05b_sc10,LS120,69,0,,,44.01,44.01,1,0.0869,105.4
LS120_s06b_sc00,LS120,71,0,,,49.13,49.13,1,0.2704,117.1
LS120_s06b_sc02,LS120,73,0,,,42.15,42.15,1,0.2466,102.6
LS120_s06b_sc03,LS120,74,0,,,40.94,40.94,1,0.294,105.4
LS120_s06b_sc04,LS120,75,0,,,41.22,41.22,1,0.2626,105.4
LS120_s06b_sc06,LS120,77,0,,,45.0,45.0,1,0.2841,105.4
LS120_s06b_sc07,LS120,78,0,,,36.34,36.34,1,0.1127,105.4
LS120_s06b_sc08,LS120,79,0,,,37.8,37.8,1,0.1941,105.4
LS120_s07b_sc00,LS120,81,0,,,35.59,35.59,1,0.0962,105.4
LS120_s07b_sc08,LS120,89,0,,,28.04,28.04,1,0.2354,82.2
LS120_s08b_sc01,LS120,93,0,,,24.75,24.75,1,0.2145,82.2
LS120_s08b_sc02,LS120,94,0,,,23.64,23.64,1,0.2251,72.0
LS120_s09b_sc00,LS120,103,0,,,23.16,23.16,1,0.0925,82.2
LS120_s09b_sc02,LS120,105,0,,,14.14,20.72,2,0.1222,93.7
LS120_s09b_sc03,LS120,106,0,,,13.58,19.01,2,0.3139,82.2
LS120_s09b_sc04,LS120,107,0,,,21.39,21.39,1,0.2689,72.0
LS120_s09b_sc05,LS120,108,0,,,19.2,19.2,1,0.2987,82.2
LS120_s09b_sc07,LS120,110,0,,,20.46,20.46,1,0.2638,70.7
LS136_s01b_sc10,LS136,11,0,,,7.77,7.77,1,0.1429,35.8
LS136_s01b_sc12,LS136,13,0,,,7.49,7.49,1,0.2252,35.8
LS136_s01b_sc13,LS136,14,0,,,5.02,5.02,1,0.2056,31.5
LS136_s01b_sc14,LS136,15,0,,,9.09,9.09,1,0.2652,51.8
LS136_s01b_sc16,LS136,17,0,,,8.55,8.55,1,0.1892,59.1
LS136_s02b_sc00,LS136,20,0,,,6.36,6.36,1,0.1069,37.3
LS136_s02b_sc01,LS136,21,0,,,5.32,5.32,1,0.3288,35.8
LS136_s02b_sc03,LS136,23,0,,,7.62,7.62,1,0.258,35.8
LS136_s02b_sc04,LS136,24,0,,,7.17,7.17,1,0.088,51.8
LS136_s02b_sc06,LS136,26,0,,,6.22,7.64,2,0.2426,44.6
LS136_s02b_sc08,LS136,28,0,,,3.93,7.46,3,0.0938,51.8
LS136_s02b_sc10,LS136,30,0,,,6.02,6.02,1,0.1126,44.6
LS136_s02b_sc12,LS136,32,0,,,5.97,6.99,2,0.2375,51.8
LS136_s02b_sc14,LS136,34,0,,,8.06,8.06,1,0.2652,51.8
LS136_s03b_sc03,LS136,40,0,,,16.85,16.85,1,0.3279,66.5
LS136_s03b_sc04,LS136,41,0,,,17.93,17.93,1,0.1199,88.2
LS136_s04b_sc01,LS136,50,0,,,41.45,41.45,1,0.162,79.4
LS136_s04b_sc02,LS136,51,0,,,23.57,23.57,1,0.2813,92.3
LS136_s04b_sc03,LS136,52,0,,,24.01,24.01,1,0.1345,92.3
LS136_s04b_sc06,LS136,55,0,,,30.66,30.66,1,0.1206,96.9
LS136_s04b_sc08,LS136,57,0,,,29.93,29.93,1,0.2404,79.4
LS136_s04b_sc09,LS136,58,0,,,24.43,24.43,1,0.3015,92.3
LS136_s04b_sc10,LS136,59,0,,,20.27,20.27,1,0.2936,79.4
LS136_s04b_sc11,LS136,60,0,,,25.18,25.18,1,0.2689,79.4
LS136_s04b_sc12,LS136,61,0,,,23.59,26.6,2,0.0865,88.2
LS136_s05b_sc00,LS136,63,0,,,28.12,28.12,1,0.3531,88.2
LS136_s05b_sc01,LS136,64,0,,,28.9,28.9,1,0.3636,79.4
LS136_s05b_sc02,LS136,65,0,,,19.63,22.95,2,0.2601,102.6
LS136_s05b_sc03,LS136,66,0,,,24.29,24.29,1,0.2442,88.2
LS136_s05b_sc04,LS136,67,0,,,32.14,32.14,1,0.1358,102.6
LS136_s05b_sc05,LS136,68,0,,,18.92,28.86,3,0.1286,102.6
LS136_s05b_sc09,LS136,72,0,,,28.31,31.73,2,0.3356,105.4
LS136_s06b_sc00,LS136,74,0,,,48.91,48.91,1,0.2929,102.6
LS136_s07b_sc00,LS136,84,0,,,40.8,40.8,1,0.0795,102.6
LS136_s08b_sc09,LS136,105,0,,,28.28,28.28,1,0.0987,82.2
LS136_s08b_sc10,LS136,106,0,,,21.21,21.21,1,0.1954,72.0
LS136_s09b_sc00,LS136,108,0,,,20.4,20.4,1,0.2489,70.7
LS136_s09b_sc01,LS136,109,0,,,24.44,24.44,1,0.1328,72.0
LS136_s09b_sc02,LS136,110,0,,,23.65,23.65,1,0.2515,53.3
LS136_s09b_sc03,LS136,111,0,,,24.85,24.85,1,0.1275,82.2
LS136_s09b_sc04,LS136,112,0,,,21.15,21.15,1,0.2748,62.0
LS136_s09b_sc05,LS136,113,0,,,20.16,20.16,1,0.2666,62.0
LS136_s09b_sc06,LS136,114,0,,,19.55,19.55,1,0.2449,72.0
LS136_s09b_sc07,LS136,115,0,,,17.27,17.27,1,0.0916,82.2
LS136_s09b_sc08,LS136,116,0,,,18.86,18.86,1,0.1154,70.7
LS138_s01b_sc01,LS138,2,0,,,2.99,5.75,2,0.2682,35.8
LS138_s01b_sc02,LS138,3,0,,,3.21,6.15,2,0.1132,51.8
LS138_s01b_sc03,LS138,4,0,,,3.99,6.77,2,0.1001,51.8
LS138_s01b_sc06,LS138,7,0,,,5.75,10.14,2,0.1051,70.7
LS138_s01b_sc07,LS138,8,0,,,5.57,8.09,2,0.2496,59.1
LS138_s01b_sc08,LS138,9,0,,,5.6,9.66,2,0.1062,70.7
LS138_s01b_sc09,LS138,10,0,,,5.68,10.37,3,0.287,51.8
LS138_s01b_sc10,LS138,11,0,,,10.39,12.04,2,0.0939,62.0
LS138_s01b_sc11,LS138,12,0,,,4.28,10.56,3,0.0793,70.7
LS138_s02b_sc01,LS138,14,0,,,5.66,11.1,5,0.1038,72.0
LS138_s02b_sc02,LS138,15,0,,,12.53,12.53,1,0.0992,82.2
LS138_s02b_sc03,LS138,16,0,,,10.21,10.21,1,0.2326,72.0
LS138_s02b_sc06,LS138,19,0,,,16.88,16.88,1,0.1009,82.2
LS138_s02b_sc07,LS138,20,0,,,16.74,16.74,1,0.3166,72.0
LS138_s02b_sc08,LS138,21,0,,,16.02,16.02,1,0.1082,82.2
LS138_s03b_sc01,LS138,25,0,,,8.37,9.7,2,0.2865,72.0
LS138_s03b_sc04,LS138,28,0,,,5.53,9.91,2,0.2969,72.0
LS138_s03b_sc05,LS138,29,0,,,11.96,13.9,2,0.1078,72.0
LS138_s03b_sc07,LS138,31,0,,,13.17,13.17,1,0.097,72.0
LS138_s03b_sc08,LS138,32,0,,,9.52,10.8,2,0.2586,62.0
LS138_s04b_sc00,LS138,36,0,,,18.88,18.88,1,0.3828,72.0
LS138_s04b_sc01,LS138,37,0,,,18.11,18.11,1,0.1268,70.7
LS138_s04b_sc02,LS138,38,0,,,22.2,22.2,1,0.1252,92.3
LS138_s04b_sc03,LS138,39,0,,,22.24,22.24,1,0.1312,82.2
LS138_s04b_sc04,LS138,40,0,,,23.32,23.32,1,0.123,82.2
LS138_s04b_sc05,LS138,41,0,,,24.14,24.14,1,0.1275,92.3
LS138_s04b_sc06,LS138,42,0,,,28.57,28.57,1,0.1029,105.4
LS138_s04b_sc07,LS138,43,0,,,27.34,27.34,1,0.2874,93.7
LS138_s05b_sc00,LS138,44,0,,,43.38,43.38,1,0.2764,117.1
LS138_s05b_sc02,LS138,46,0,,,38.85,38.85,1,0.173,131.5
LS138_s05b_sc03,LS138,47,0,,,33.87,33.87,1,0.2837,118.3
LS138_s05b_sc04,LS138,48,0,,,25.78,25.78,1,0.089,118.3
LS138_s05b_sc05,LS138,49,0,,,37.9,37.9,1,0.1158,105.4
LS138_s06b_sc00,LS138,54,0,,,41.34,41.34,1,0.1122,118.3
LS138_s06b_sc02,LS138,56,0,,,43.56,43.56,1,0.3619,117.1
LS138_s06b_sc03,LS138,57,0,,,42.18,42.18,1,0.3137,146.0
LS138_s06b_sc04,LS138,58,0,,,47.0,47.0,1,0.278,146.0
LS138_s06b_sc05,LS138,59,0,,,49.27,49.27,1,0.2217,131.5
LS138_s06b_sc06,LS138,60,0,,,36.36,36.36,1,0.109,146.0
LS138_s06b_sc07,LS138,61,0,,,13.38,23.87,3,0.2514,131.5
LS138_s06b_sc08,LS138,62,0,,,54.41,54.41,1,0.0906,105.4
LS138_s07b_sc00,LS138,64,0,,,64.88,64.88,1,0.107,131.5
LS138_s07b_sc02,LS138,66,0,,,46.11,46.11,1,0.3006,105.4
LS138_s07b_sc03,LS138,67,0,,,40.47,40.47,1,0.3094,131.5
LS138_s07b_sc04,LS138,68,0,,,40.35,40.35,1,0.1327,117.1
LS138_s07b_sc05,LS138,69,0,,,38.38,38.38,1,0.25,117.1
LS138_s07b_sc06,LS138,70,0,,,45.97,45.97,1,0.2795,118.3
LS138_s07b_sc07,LS138,71,0,,,41.51,41.51,1,0.3307,93.7
LS138_s08b_sc04,LS138,78,0,,,35.61,35.61,1,0.1449,105.4
LS138_s08b_sc05,LS138,79,0,,,27.79,27.79,1,0.3172,82.2
LS22_s01b_sc00,LS22,1,0,,,6.81,6.81,1,0.3708,30.0
LS22_s01b_sc01,LS22,2,0,,,7.72,7.72,1,0.4218,35.8
LS22_s01b_sc02,LS22,3,0,,,5.92,6.67,2,0.3368,35.8
LS22_s01b_sc04,LS22,5,0,,,3.39,6.04,3,0.3343,35.8
LS22_s01b_sc05,LS22,6,0,,,9.05,9.05,1,0.3649,41.7
LS22_s01b_sc07,LS22,8,0,,,8.0,8.0,1,0.2319,44.6
LS22_s01b_sc08,LS22,9,0,,,10.21,10.21,1,0.1144,51.8
LS22_s01b_sc09,LS22,10,0,,,6.81,6.81,1,0.3782,35.8
LS22_s01b_sc11,LS22,12,0,,,6.96,13.64,3,0.0947,72.0
LS22_s02b_sc00,LS22,14,0,,,19.12,19.12,1,0.1239,44.6
LS22_s02b_sc01,LS22,15,0,,,27.78,27.78,1,0.1074,53.3
LS22_s02b_sc02,LS22,16,0,,,11.57,11.57,1,0.126,62.0
LS22_s02b_sc03,LS22,17,0,,,12.33,12.33,1,0.3379,44.6
LS22_s02b_sc04,LS22,18,0,,,5.11,6.71,2,0.4529,44.6
LS22_s02b_sc05,LS22,19,0,,,11.34,11.34,1,0.1422,44.6
LS22_s02b_sc07,LS22,21,0,,,12.9,12.9,1,0.3712,53.3
LS22_s02b_sc08,LS22,22,0,,,11.43,11.43,1,0.1307,44.6
LS22_s02b_sc09,LS22,23,0,,,12.59,12.59,1,0.4795,37.3
LS22_s02b_sc10,LS22,24,0,,,13.12,13.12,1,0.1183,53.3
LS22_s02b_sc11,LS22,25,0,,,8.87,10.05,2,0.3816,44.6
LS22_s03b_sc00,LS22,26,0,,,11.29,11.29,1,0.1244,62.0
LS22_s03b_sc06,LS22,32,0,,,24.01,24.01,1,0.1491,82.2
LS22_s03b_sc07,LS22,33,0,,,21.86,21.86,1,0.1307,82.2
LS22_s03b_sc08,LS22,34,0,,,20.73,20.73,1,0.2383,70.7
LS22_s04b_sc00,LS22,36,0,,,48.49,48.49,1,0.1125,93.7
LS22_s04b_sc01,LS22,37,0,,,49.39,49.39,1,0.1619,93.7
LS22_s04b_sc02,LS22,38,0,,,29.42,29.42,1,0.292,82.2
LS22_s04b_sc03,LS22,39,0,,,29.31,29.31,1,0.2839,93.7
LS22_s04b_sc05,LS22,41,0,,,33.67,33.67,1,0.3484,93.7
LS22_s04b_sc06,LS22,42,0,,,28.45,28.45,1,0.2354,102.6
LS22_s05b_sc00,LS22,47,0,,,38.8,38.8,1,0.3012,93.7
LS22_s05b_sc01,LS22,48,0,,,55.67,55.67,1,0.1168,105.4
LS22_s05b_sc02,LS22,49,0,,,49.5,49.5,1,0.2772,105.4
LS22_s05b_sc04,LS22,51,0,,,55.99,55.99,1,0.2064,117.1
LS22_s06b_sc00,LS22,57,0,,,58.72,58.72,1,0.1208,118.3
LS22_s06b_sc01,LS22,58,0,,,58.29,58.29,1,0.1408,118.3
LS22_s06b_sc02,LS22,59,0,,,36.77,36.77,1,0.2488,105.4
LS22_s06b_sc03,LS22,60,0,,,41.88,41.88,1,0.2709,102.6
LS22_s06b_sc04,LS22,61,0,,,43.96,43.96,1,0.1323,105.4
LS22_s06b_sc05,LS22,62,0,,,43.02,43.02,1,0.2431,117.1
LS22_s06b_sc06,LS22,63,0,,,42.04,42.04,1,0.17,105.4
LS22_s06b_sc07,LS22,64,0,,,44.58,44.58,1,0.2795,105.4
LS22_s06b_sc08,LS22,65,0,,,39.74,39.74,1,0.0931,105.4
LS22_s07b_sc00,LS22,67,0,,,51.94,51.94,1,0.1083,118.3
LS22_s07b_sc02,LS22,69,0,,,39.39,39.39,1,0.1156,118.3
LS22_s07b_sc05,LS22,72,0,,,33.54,33.54,1,0.2665,82.2
LS22_s08b_sc00,LS22,79,0,,,44.23,44.23,1,0.1588,82.2
LS22_s08b_sc02,LS22,81,0,,,28.29,28.29,1,0.2194,82.2
LS22_s08b_sc03,LS22,82,0,,,14.49,14.49,1,0.154,72.0
LS22_s08b_sc04,LS22,83,0,,,25.27,25.27,1,0.129,93.7
LS22_s08b_sc05,LS22,84,0,,,22.53,22.53,1,0.1039,82.2
LS22_s08b_sc06,LS22,85,0,,,22.76,22.76,1,0.2403,72.0
LS22_s08b_sc07,LS22,86,0,,,22.6,22.6,1,0.2588,62.0
LS22_s08b_sc08,LS22,87,0,,,18.3,18.3,1,0.2718,72.0
LS22_s09b_sc01,LS22,92,0,,,24.46,24.46,1,0.1305,93.7
LS22_s09b_sc02,LS22,93,0,,,23.87,23.87,1,0.1147,93.7
LS22_s09b_sc03,LS22,94,0,,,22.97,22.97,1,0.275,72.0
LS22_s09b_sc04,LS22,95,0,,,23.86,23.86,1,0.303,82.2
LS22_s09b_sc05,LS22,96,0,,,22.27,22.27,1,0.2832,62.0
LS22_s09b_sc06,LS22,97,0,,,23.66,23.66,1,0.2641,72.0
LS37_s01b_sc01,LS37,2,0,,,7.18,7.18,1,0.3339,53.3
LS37_s01b_sc02,LS37,3,0,,,10.47,10.47,1,0.1024,72.0
LS37_s01b_sc03,LS37,4,0,,,11.12,11.12,1,0.3275,53.3
LS37_s01b_sc04,LS37,5,0,,,10.51,10.51,1,0.2268,72.0
LS37_s01b_sc05,LS37,6,0,,,13.7,13.7,1,0.1037,72.0
LS37_s01b_sc06,LS37,7,0,,,14.12,14.12,1,0.106,72.0
LS37_s01b_sc07,LS37,8,0,,,14.83,14.83,1,0.1106,72.0
LS37_s01b_sc08,LS37,9,0,,,15.62,15.62,1,0.1207,72.0
LS37_s01b_sc09,LS37,10,0,,,15.29,15.29,1,0.1162,72.0
LS37_s01b_sc10,LS37,11,0,,,5.03,8.07,2,0.0917,72.0
LS37_s01b_sc11,LS37,12,0,,,13.97,13.97,1,0.1966,70.7
LS37_s02b_sc00,LS37,13,0,,,18.9,21.28,2,0.0905,82.2
LS37_s02b_sc01,LS37,14,0,,,28.41,28.41,1,0.1078,72.0
LS37_s02b_sc02,LS37,15,0,,,4.47,8.07,3,0.3959,72.0
LS37_s02b_sc03,LS37,16,0,,,16.26,16.26,1,0.3385,62.0
LS37_s02b_sc04,LS37,17,0,,,9.49,9.49,1,0.3654,62.0
LS37_s02b_sc05,LS37,18,0,,,15.75,15.75,1,0.1178,72.0
LS37_s02b_sc06,LS37,19,0,,,14.32,14.32,1,0.3739,62.0
LS37_s02b_sc07,LS37,20,0,,,15.1,15.1,1,0.3025,62.0
LS37_s02b_sc08,LS37,21,0,,,13.11,13.11,1,0.1027,70.7
LS37_s02b_sc10,LS37,23,0,,,10.47,12.45,2,0.0973,62.0
LS37_s03b_sc01,LS37,26,0,,,8.25,10.49,2,0.0981,70.7
LS37_s03b_sc02,LS37,27,0,,,8.24,9.85,2,0.1894,53.3
LS37_s03b_sc03,LS37,28,0,,,8.29,10.4,2,0.1929,62.0
LS37_s03b_sc04,LS37,29,0,,,7.83,9.24,2,0.3668,51.8
LS37_s03b_sc05,LS37,30,0,,,6.64,8.04,2,0.2695,53.3
LS37_s03b_sc06,LS37,31,0,,,6.81,6.81,1,0.0987,51.8
LS37_s03b_sc07,LS37,32,0,,,7.66,7.66,1,0.103,44.6
LS37_s03b_sc08,LS37,33,0,,,6.39,7.66,2,0.3026,44.6
LS37_s04b_sc00,LS37,37,0,,,11.77,11.77,1,0.0757,70.7
LS37_s04b_sc02,LS37,39,0,,,12.8,12.8,1,0.2372,62.0
LS37_s04b_sc03,LS37,40,0,,,14.28,14.28,1,0.2849,53.3
LS37_s04b_sc04,LS37,41,0,,,15.8,15.8,1,0.0993,70.7
LS37_s04b_sc05,LS37,42,0,,,16.27,16.27,1,0.246,51.8
LS37_s04b_sc06,LS37,43,0,,,19.82,19.82,1,0.1007,70.7
LS37_s04b_sc08,LS37,45,0,,,21.51,21.51,1,0.1162,82.2
LS37_s04b_sc09,LS37,46,0,,,22.0,22.0,1,0.1125,70.7
LS37_s04b_sc10,LS37,47,0,,,23.22,23.22,1,0.1141,92.3
LS37_s04b_sc11,LS37,48,0,,,19.96,19.96,1,0.1095,82.2
LS37_s05b_sc01,LS37,50,0,,,29.07,29.07,1,0.0944,102.8
LS37_s05b_sc02,LS37,51,0,,,28.19,28.19,1,0.1098,92.3
LS37_s05b_sc04,LS37,53,0,,,19.92,19.92,1,0.1055,92.3
LS37_s05b_sc05,LS37,54,0,,,29.44,29.44,1,0.2148,92.3
LS37_s05b_sc06,LS37,55,0,,,27.0,27.0,1,0.1253,92.3
LS37_s05b_sc07,LS37,56,0,,,31.1,31.1,1,0.3108,92.5
LS37_s05b_sc08,LS37,57,0,,,16.31,16.31,1,0.2524,92.5
LS37_s05b_sc09,LS37,58,0,,,20.72,20.72,1,0.1038,92.3
LS37_s06b_sc00,LS37,61,0,,,36.61,36.61,1,0.2839,102.8
LS37_s06b_sc01,LS37,62,0,,,34.37,34.37,1,0.2633,88.2
LS37_s06b_sc02,LS37,63,0,,,38.46,38.46,1,0.3409,105.4
LS37_s06b_sc03,LS37,64,0,,,34.61,34.61,1,0.2519,92.5
LS37_s06b_sc04,LS37,65,0,,,44.03,44.03,1,0.3049,117.1
LS37_s06b_sc05,LS37,66,0,,,41.67,41.67,1,0.2606,102.8
LS37_s06b_sc06,LS37,67,0,,,39.07,39.07,1,0.1169,131.5
LS37_s06b_sc07,LS37,68,0,,,13.81,22.32,2,0.2835,92.3
LS37_s06b_sc08,LS37,69,0,,,37.75,37.75,1,0.1091,117.1
LS37_s07b_sc01,LS37,74,0,,,28.37,28.37,1,0.3131,92.3
LS37_s07b_sc02,LS37,75,0,,,25.16,25.16,1,0.2403,117.1
LS37_s07b_sc03,LS37,76,0,,,37.75,37.75,1,0.3413,105.4
LS37_s07b_sc04,LS37,77,0,,,34.03,34.03,1,0.3193,92.5
LS37_s07b_sc05,LS37,78,0,,,40.06,40.06,1,0.273,105.4
LS37_s07b_sc06,LS37,79,0,,,32.09,32.09,1,0.297,118.3
LS37_s08b_sc00,LS37,82,0,,,38.21,38.21,1,0.2622,105.4
LS37_s08b_sc02,LS37,84,0,,,37.56,37.56,1,0.2911,105.4
LS37_s08b_sc03,LS37,85,0,,,34.49,34.49,1,0.2248,105.4
LS37_s08b_sc05,LS37,87,0,,,35.67,35.67,1,0.2246,105.4
LS37_s08b_sc07,LS37,89,0,,,31.75,31.75,1,0.1798,102.8
LS37_s08b_sc08,LS37,90,0,,,30.78,30.78,1,0.0915,102.8
LS37_s09b_sc00,LS37,94,0,,,29.35,29.35,1,0.1764,82.2
LS37_s09b_sc01,LS37,95,0,,,30.56,30.56,1,0.2218,92.3
LS37_s09b_sc04,LS37,98,0,,,33.26,33.26,1,0.3109,62.0
LS37_s09b_sc06,LS37,100,0,,,29.75,29.75,1,0.353,82.2
LS37_s09b_sc08,LS37,102,0,,,23.77,23.77,1,0.1108,82.2
LS37_s10b_sc00,LS37,104,0,,,28.65,28.65,1,0.1195,82.2
LS37_s10b_sc01,LS37,105,0,,,27.61,27.61,1,0.1182,82.2
LS37_s10b_sc02,LS37,106,0,,,26.16,26.16,1,0.2839,72.0
LS37_s10b_sc03,LS37,107,0,,,23.4,23.4,1,0.2067,82.2
LS37_s10b_sc04,LS37,108,0,,,30.51,30.51,1,0.2579,93.7
LS37_s10b_sc05,LS37,109,0,,,30.62,30.62,1,0.134,93.7
LS37_s10b_sc06,LS37,110,0,,,28.41,28.41,1,0.1062,93.7
LS37_s10b_sc07,LS37,111,0,,,24.52,24.52,1,0.1386,93.7
LS45_s01b_sc00,LS45,1,0,,,3.77,5.65,2,0.1136,44.6
LS45_s01b_sc01,LS45,2,0,,,3.83,5.7,2,0.1105,44.6
LS45_s01b_sc02,LS45,3,0,,,3.89,6.39,2,0.3045,44.6
LS45_s01b_sc03,LS45,4,0,,,3.95,7.17,2,0.4555,37.3
LS45_s08c_sc03,LS45,4,0,,,28.89,28.89,1,0.3305,82.2
LS45_s01b_sc04,LS45,5,0,,,4.67,8.28,2,0.2436,44.6
LS45_s01b_sc05,LS45,6,0,,,4.25,8.41,2,0.1483,41.7
LS45_s08c_sc05,LS45,6,0,,,27.71,27.71,1,0.2596,82.2
LS45_s01b_sc06,LS45,7,0,,,4.55,8.45,2,0.4598,41.7
LS45_s01b_sc07,LS45,8,0,,,9.12,9.12,1,0.4331,35.8
LS45_s01b_sc08,LS45,9,0,,,5.77,5.77,1,0.2504,44.6
LS45_s08c_sc08,LS45,9,0,,,23.49,23.49,1,0.2609,72.0
LS45_s01b_sc09,LS45,10,0,,,10.13,10.13,1,0.1321,62.0
LS45_s08c_sc09,LS45,10,0,,,26.85,26.85,1,0.1043,105.4
LS45_s01b_sc10,LS45,11,0,,,3.37,4.71,2,0.1292,51.8
LS45_s01b_sc11,LS45,12,0,,,6.94,6.94,1,0.2286,41.7
LS45_s01b_sc12,LS45,13,0,,,10.03,10.03,1,0.3101,44.6
LS45_s09c_sc00,LS45,13,0,,,35.08,35.08,1,0.2257,70.7
LS45_s01b_sc13,LS45,14,0,,,13.83,13.83,1,0.1255,44.6
LS45_s09c_sc01,LS45,14,0,,,35.97,35.97,1,0.2506,82.2
LS45_s02b_sc00,LS45,15,0,,,10.27,10.27,1,0.1068,70.7
LS45_s02b_sc01,LS45,16,0,,,9.86,9.86,1,0.2523,51.8
LS45_s09c_sc03,LS45,16,0,,,22.52,22.52,1,0.3253,70.7
LS45_s02b_sc02,LS45,17,0,,,5.64,9.72,4,0.112,70.7
LS45_s09c_sc04,LS45,17,0,,,29.91,29.91,1,0.1914,72.0
LS45_s09c_sc05,LS45,18,0,,,24.33,24.33,1,0.2118,72.0
LS45_s02b_sc05,LS45,20,0,,,7.25,8.32,2,0.1612,51.8
LS45_s02b_sc06,LS45,21,0,,,11.55,11.55,1,0.1284,44.6
LS45_s02b_sc08,LS45,23,0,,,8.07,9.42,2,0.0775,51.8
LS45_s02b_sc09,LS45,24,0,,,7.12,8.41,2,0.115,51.8
LS45_s02b_sc11,LS45,26,0,,,11.09,11.09,1,0.3005,51.8
LS45_s02b_sc12,LS45,27,0,,,9.36,9.36,1,0.3148,62.0
LS45_s03b_sc01,LS45,29,0,,,9.1,9.1,1,0.0966,62.0
LS45_s03b_sc02,LS45,30,0,,,11.15,11.15,1,0.1108,51.8
LS45_s03b_sc03,LS45,31,0,,,14.01,14.01,1,0.1165,62.0
LS45_s03b_sc04,LS45,32,0,,,13.28,13.28,1,0.2644,62.0
LS45_s03b_sc05,LS45,33,0,,,17.19,17.19,1,0.2155,62.0
LS45_s03b_sc06,LS45,34,0,,,22.82,22.82,1,0.1527,59.1
LS45_s03b_sc07,LS45,35,0,,,20.28,20.28,1,0.1073,70.7
LS45_s03b_sc08,LS45,36,0,,,19.77,19.77,1,0.216,70.7
LS45_s03b_sc09,LS45,37,0,,,24.92,24.92,1,0.1378,66.5
LS45_s03b_sc10,LS45,38,0,,,26.29,26.29,1,0.1142,66.5
LS45_s03b_sc12,LS45,40,0,,,28.48,28.48,1,0.118,82.2
LS45_s03b_sc13,LS45,41,0,,,38.39,38.39,1,0.113,79.4
LS45_s04b_sc00,LS45,42,0,,,30.4,30.4,1,0.2847,70.7
LS45_s04b_sc03,LS45,45,0,,,26.56,26.56,1,0.2538,92.3
LS45_s04b_sc04,LS45,46,0,,,27.32,27.32,1,0.2602,79.4
LS45_s04b_sc05,LS45,47,0,,,23.62,23.62,1,0.2187,79.4
LS45_s04b_sc06,LS45,48,0,,,31.64,31.64,1,0.327,82.2
LS45_s04b_sc08,LS45,50,0,,,32.45,32.45,1,0.2669,92.3
LS45_s04b_sc09,LS45,51,0,,,30.68,30.68,1,0.2975,105.4
LS45_s05b_sc00,LS45,56,0,,,39.92,39.92,1,0.2698,102.6
LS45_s05b_sc01,LS45,57,0,,,38.51,38.51,1,0.1269,92.3
LS45_s05b_sc02,LS45,58,0,,,38.62,38.62,1,0.3607,117.1
LS45_s05b_sc03,LS45,59,0,,,41.93,41.93,1,0.2577,105.4
LS45_s05b_sc05,LS45,61,0,,,42.46,42.46,1,0.2772,105.4
LS45_s06b_sc01,LS45,67,0,,,46.41,46.41,1,0.1171,131.5
LS45_s06b_sc02,LS45,68,0,,,46.39,46.39,1,0.2952,105.4
LS45_s06b_sc03,LS45,69,0,,,49.18,49.18,1,0.2526,105.4
LS45_s06b_sc04,LS45,70,0,,,43.37,43.37,1,0.3068,102.6
LS45_s06b_sc05,LS45,71,0,,,38.46,38.46,1,0.288,112.6
LS45_s06b_sc06,LS45,72,0,,,41.47,41.47,1,0.2679,117.1
LS45_s06b_sc09,LS45,75,0,,,43.22,43.22,1,0.308,118.3
LS45_s07b_sc00,LS45,76,0,,,35.06,35.06,1,0.3113,105.4
LS45_s07b_sc01,LS45,77,0,,,43.09,43.09,1,0.1223,105.4
LS45_s08b_sc01,LS45,88,0,,,29.51,29.51,1,0.3431,82.2
LS45_s08b_sc02,LS45,89,0,,,25.97,25.97,1,0.1318,82.2
LS45_s08b_sc03,LS45,90,0,,,30.49,30.49,1,0.3602,82.2
LS45_s08b_sc04,LS45,91,0,,,28.89,28.89,1,0.142,105.4
LS45_s08b_sc05,LS45,92,0,,,27.8,27.8,1,0.2685,82.2
LS45_s08b_sc06,LS45,93,0,,,23.43,23.43,1,0.1056,82.2
LS45_s08b_sc08,LS45,95,0,,,24.88,24.88,1,0.3001,82.2
LS45_s09b_sc01,LS45,100,0,,,22.46,22.46,1,0.2939,72.0
LS45_s09b_sc02,LS45,101,0,,,23.2,23.2,1,0.2819,82.2
LS45_s09b_sc03,LS45,102,0,,,23.3,23.3,1,0.2015,82.2
LS45_s09b_sc04,LS45,103,0,,,25.17,25.17,1,0.2616,72.0
LS45_s09b_sc05,LS45,104,0,,,23.7,23.7,1,0.2123,92.3
LS45_s09b_sc06,LS45,105,0,,,24.77,24.77,1,0.3158,72.0
LS45_s09b_sc08,LS45,107,0,,,17.86,17.86,1,0.1381,93.7
LS45_s09b_sc10,LS45,109,0,,,15.57,15.57,1,0.1289,82.2
LS45_s10b_sc00,LS45,110,0,,,23.65,23.65,1,0.104,72.0
LS45_s10b_sc02,LS45,112,0,,,33.88,33.88,1,0.3377,72.0
LS45_s10b_sc03,LS45,113,0,,,21.76,21.76,1,0.1325,72.0
LS45_s10b_sc05,LS45,115,0,,,8.77,14.99,2,0.1205,82.2
LS45_s10b_sc06,LS45,116,0,,,23.32,23.32,1,0.3401,93.7
LS45_s10b_sc07,LS45,117,0,,,10.14,19.34,2,0.3215,82.2
LS45_s10b_sc08,LS45,118,0,,,5.58,10.93,2,0.0986,72.0
LS53_s02c_sc00,LS53,1,0,,,7.01,8.47,2,0.2236,35.8
LS53_s02c_sc01,LS53,2,0,,,7.1,7.1,1,0.2238,35.8
LS53_s01b_sc03,LS53,4,0,,,6.98,6.98,1,0.4177,30.0
LS53_s02c_sc03,LS53,4,0,,,7.19,8.27,2,0.3139,51.8
LS53_s01b_sc04,LS53,5,0,,,7.4,8.3,2,0.281,30.0
LS53_s02c_sc04,LS53,5,0,,,6.04,7.15,2,0.1319,51.8
LS53_s01b_sc06,LS53,7,0,,,5.84,7.51,2,0.3043,30.0
LS53_s01b_sc07,LS53,8,0,,,7.48,9.54,2,0.2688,44.6
LS53_s01b_sc08,LS53,9,0,,,7.86,9.97,2,0.3323,30.0
LS53_s01b_sc09,LS53,10,0,,,8.09,8.09,1,0.3989,30.0
LS53_s01b_sc10,LS53,11,0,,,8.03,10.25,2,0.3377,35.8
LS53_s01b_sc11,LS53,12,0,,,6.63,7.54,2,0.3635,35.8
LS53_s05c_sc00,LS53,13,0,,,38.99,38.99,1,0.0952,117.1
LS53_s05c_sc01,LS53,14,0,,,38.82,38.82,1,0.0928,117.1
LS53_s01b_sc14,LS53,15,0,,,11.23,11.23,1,0.3659,44.6
LS53_s05c_sc02,LS53,15,0,,,40.75,40.75,1,0.28,105.4
LS53_s01b_sc15,LS53,16,0,,,3.28,4.3,2,0.1165,44.6
LS53_s05c_sc03,LS53,16,0,,,38.21,38.21,1,0.1211,105.4
LS53_s01b_sc16,LS53,17,0,,,8.57,8.57,1,0.1162,53.3
LS53_s05c_sc04,LS53,17,0,,,45.68,45.68,1,0.277,105.4
LS53_s05c_sc05,LS53,18,0,,,42.04,42.04,1,0.1222,131.5
LS53_s03b_sc01,LS53,19,0,,,10.14,10.14,1,0.2509,53.3
LS53_s05c_sc06,LS53,19,0,,,41.22,41.22,1,0.1316,118.3
LS53_s05c_sc07,LS53,20,0,,,44.63,44.63,1,0.1432,117.1
LS53_s03b_sc03,LS53,21,0,,,9.65,9.65,1,0.2483,62.0
LS53_s05c_sc08,LS53,21,0,,,46.01,46.01,1,0.2832,105.4
LS53_s03b_sc04,LS53,22,0,,,5.53,6.34,2,0.1711,51.8
LS53_s05c_sc09,LS53,22,0,,,41.67,41.67,1,0.2274,131.5
LS53_s03b_sc05,LS53,23,0,,,10.12,10.12,1,0.3111,53.3
LS53_s03b_sc07,LS53,25,0,,,14.22,14.22,1,0.15,51.8
LS53_s03b_sc10,LS53,28,0,,,17.42,17.42,1,0.2528,62.0
LS53_s03b_sc11,LS53,29,0,,,21.41,21.41,1,0.1251,62.0
LS53_s04b_sc00,LS53,30,0,,,26.59,26.59,1,0.0996,92.3
LS53_s04b_sc02,LS53,32,0,,,25.55,25.55,1,0.119,82.2
LS53_s04b_sc03,LS53,33,0,,,27.06,27.06,1,0.1429,79.4
LS53_s04b_sc05,LS53,35,0,,,32.96,32.96,1,0.1288,92.3
LS53_s04b_sc06,LS53,36,0,,,36.09,36.09,1,0.2688,92.3
LS53_s04b_sc07,LS53,37,0,,,30.86,30.86,1,0.3102,102.8
LS53_s04b_sc08,LS53,38,0,,,51.1,51.1,1,0.1112,117.1
LS53_s04b_sc09,LS53,39,0,,,42.21,42.21,1,0.1094,105.4
LS53_s06b_sc00,LS53,41,0,,,23.34,28.73,2,0.0951,118.3
LS53_s06b_sc01,LS53,42,0,,,42.44,42.44,1,0.2684,105.4
LS53_s06b_sc02,LS53,43,0,,,45.25,45.25,1,0.2705,117.1
LS53_s06b_sc03,LS53,44,0,,,44.84,44.84,1,0.2687,102.6
LS53_s06b_sc04,LS53,45,0,,,41.02,41.02,1,0.2604,117.1
LS53_s06b_sc05,LS53,46,0,,,47.08,47.08,1,0.1201,105.4
LS53_s06b_sc06,LS53,47,0,,,44.79,44.79,1,0.3496,118.3
LS53_s06b_sc07,LS53,48,0,,,41.65,41.65,1,0.2532,105.4
LS53_s06b_sc08,LS53,49,0,,,50.96,50.96,1,0.2365,118.3
LS53_s07b_sc00,LS53,51,0,,,59.25,59.25,1,0.1877,105.4
LS53_s07b_sc01,LS53,52,0,,,53.31,53.31,1,0.235,93.7
LS53_s07b_sc02,LS53,53,0,,,40.76,40.76,1,0.1474,117.1
LS53_s07b_sc03,LS53,54,0,,,40.42,40.42,1,0.2293,117.1
LS53_s07b_sc04,LS53,55,0,,,37.13,37.13,1,0.2311,117.1
LS53_s07b_sc06,LS53,57,0,,,35.74,35.74,1,0.2281,117.1
LS53_s07b_sc07,LS53,58,0,,,40.94,40.94,1,0.2571,131.5
LS53_s07b_sc09,LS53,60,0,,,37.45,37.45,1,0.2093,92.3
LS53_s08b_sc01,LS53,62,0,,,39.85,39.85,1,0.2437,93.7
LS53_s08b_sc02,LS53,63,0,,,29.83,29.83,1,0.2338,92.3
LS53_s09b_sc00,LS53,71,0,,,22.19,22.19,1,0.1231,82.2
LS53_s09b_sc02,LS53,73,0,,,27.06,27.06,1,0.3092,72.0
LS53_s09b_sc04,LS53,75,0,,,26.58,26.58,1,0.1489,72.0
LS53_s09b_sc05,LS53,76,0,,,24.26,24.26,1,0.2485,72.0
LS53_s09b_sc06,LS53,77,0,,,26.2,26.2,1,0.1427,70.7
LS53_s09b_sc09,LS53,80,0,,,19.17,19.17,1,0.1156,82.2
LS53_s09b_sc10,LS53,81,0,,,26.74,26.74,1,0.3433,72.0
LS53_s10b_sc00,LS53,82,0,,,19.42,19.42,1,0.204,62.0
LS53_s10b_sc01,LS53,83,0,,,14.26,17.94,2,0.0821,72.0
LS53_s10b_sc06,LS53,88,0,,,9.64,21.18,3,0.108,72.0
LS53_s10b_sc07,LS53,89,0,,,8.24,14.47,3,0.2466,70.7
LS53_s10b_sc08,LS53,90,0,,,8.42,15.12,2,0.2538,70.7
LS53_s10b_sc09,LS53,91,0,,,9.28,17.94,2,0.2428,62.0
LS53_s10b_sc10,LS53,92,0,,,12.22,21.54,2,0.0976,72.0
LS61_s02c_sc02,LS61,3,0,,,16.69,16.69,1,0.2899,62.0
LS61_s01b_sc03,LS61,4,0,,,4.98,5.68,2,0.5107,53.3
LS61_s02c_sc05,LS61,6,0,,,10.54,12.95,2,0.2732,62.0
LS61_s02c_sc06,LS61,7,0,,,5.52,9.4,3,0.371,51.8
LS61_s01b_sc07,LS61,8,0,,,6.58,6.58,1,0.3719,30.0
LS61_s01b_sc09,LS61,10,0,,,4.95,9.71,4,0.4182,62.0
LS61_s01b_sc11,LS61,12,0,,,4.91,7.23,4,0.4223,70.7
LS61_s02c_sc11,LS61,12,0,,,8.3,9.3,2,0.4263,44.6
LS61_s02c_sc12,LS61,13,0,,,10.33,10.33,1,0.2838,30.0
LS61_s02c_sc14,LS61,15,0,,,14.63,14.63,1,0.3567,37.3
LS61_s02c_sc15,LS61,16,0,,,10.29,11.57,2,0.1881,37.3
LS61_s02b_sc01,LS61,17,0,,,13.45,13.45,1,0.2774,62.0
LS61_s04c_sc01,LS61,18,0,,,33.8,33.8,1,0.3316,92.3
LS61_s02b_sc03,LS61,19,0,,,4.96,10.51,4,0.377,51.8
LS61_s04c_sc02,LS61,19,0,,,26.28,26.28,1,0.2744,70.7
LS61_s04c_sc03,LS61,20,0,,,32.13,32.13,1,0.3789,82.2
LS61_s04c_sc04,LS61,21,0,,,31.77,31.77,1,0.2337,92.3
LS61_s04c_sc05,LS61,22,0,,,30.15,30.15,1,0.3478,92.3
LS61_s02b_sc07,LS61,23,0,,,5.6,9.37,3,0.2817,62.0
LS61_s04c_sc06,LS61,23,0,,,19.51,19.51,1,0.2514,93.7
LS61_s02b_sc08,LS61,24,0,,,8.76,10.84,2,0.2299,51.8
LS61_s04c_sc07,LS61,24,0,,,31.67,31.67,1,0.2554,92.3
LS61_s04c_sc08,LS61,25,0,,,33.2,33.2,1,0.2986,92.3
LS61_s04c_sc09,LS61,26,0,,,34.03,34.03,1,0.2732,105.4
LS61_s04c_sc10,LS61,27,0,,,36.34,36.34,1,0.1202,105.4
LS61_s04c_sc11,LS61,28,0,,,37.77,37.77,1,0.2705,105.4
LS61_s03b_sc00,LS61,32,0,,,11.13,11.13,1,0.1241,53.3
LS61_s03b_sc01,LS61,33,0,,,10.18,10.18,1,0.1151,53.3
LS61_s03b_sc03,LS61,35,0,,,12.63,12.63,1,0.1239,62.0
LS61_s03b_sc05,LS61,37,0,,,15.59,15.59,1,0.3347,62.0
LS61_s03b_sc06,LS61,38,0,,,18.07,18.07,1,0.1339,53.3
LS61_s03b_sc07,LS61,39,0,,,18.36,18.36,1,0.1544,53.3
LS61_s03b_sc08,LS61,40,0,,,19.04,19.04,1,0.1528,62.0
LS61_s03b_sc09,LS61,41,0,,,20.87,20.87,1,0.1384,59.1
LS61_s03b_sc10,LS61,42,0,,,21.14,21.14,1,0.1573,62.0
LS61_s03b_sc11,LS61,43,0,,,23.06,23.06,1,0.3116,62.0
LS61_s03b_sc12,LS61,44,0,,,25.95,25.95,1,0.1183,70.7
LS61_s03b_sc13,LS61,45,0,,,34.93,34.93,1,0.1034,70.7
LS61_s04b_sc02,LS61,49,0,,,29.65,29.65,1,0.2498,82.2
LS61_s04b_sc04,LS61,51,0,,,36.59,70.23,2,0.2312,170.4
LS61_s04b_sc05,LS61,52,0,,,32.87,32.87,1,0.2712,102.8
LS61_s04b_sc07,LS61,54,0,,,33.42,33.42,1,0.2486,92.5
LS61_s04b_sc08,LS61,55,0,,,35.85,35.85,1,0.2468,105.4
LS61_s04b_sc09,LS61,56,0,,,25.25,25.25,1,0.2363,105.4
LS61_s05b_sc00,LS61,58,0,,,29.85,29.85,1,0.2004,105.4
LS61_s05b_sc01,LS61,59,0,,,42.66,42.66,1,0.2433,93.7
LS61_s05b_sc02,LS61,60,0,,,36.08,36.08,1,0.2788,105.4
LS61_s05b_sc03,LS61,61,0,,,36.58,36.58,1,0.1692,117.1
LS61_s05b_sc07,LS61,65,0,,,30.3,30.3,1,0.3198,117.1
LS61_s05b_sc08,LS61,66,0,,,59.88,59.88,1,0.1168,118.3
LS61_s06b_sc00,LS61,70,0,,,41.24,41.24,1,0.1913,105.4
LS61_s06b_sc01,LS61,71,0,,,59.2,59.2,1,0.0892,105.4
LS61_s06b_sc02,LS61,72,0,,,37.23,37.23,1,0.2929,105.4
LS61_s06b_sc03,LS61,73,0,,,32.87,32.87,1,0.2558,92.3
LS61_s06b_sc06,LS61,76,0,,,39.32,39.32,1,0.2115,79.4
LS61_s06b_sc08,LS61,78,0,,,33.15,33.15,1,0.1283,92.3
LS61_s07b_sc05,LS61,87,0,,,27.99,27.99,1,0.3416,82.2
LS61_s07b_sc06,LS61,88,0,,,28.37,28.37,1,0.2687,70.7
LS61_s07b_sc07,LS61,89,0,,,28.07,28.07,1,0.3528,82.2
LS61_s08b_sc00,LS61,94,0,,,27.02,27.02,1,0.3567,82.2
LS61_s08b_sc01,LS61,95,0,,,23.25,23.25,1,0.1335,72.0
LS61_s08b_sc03,LS61,97,0,,,23.14,23.14,1,0.2845,62.0
LS61_s08b_sc04,LS61,98,0,,,24.21,24.21,1,0.3256,82.2
LS61_s08b_sc06,LS61,100,0,,,29.78,29.78,1,0.338,82.2
LS61_s08b_sc07,LS61,101,0,,,20.09,23.68,2,0.1367,93.7
LS61_s08b_sc08,LS61,102,0,,,27.36,27.36,1,0.3131,82.2
LS61_s09b_sc02,LS61,109,0,,,23.4,23.4,1,0.3782,82.2
LS61_s09b_sc03,LS61,110,0,,,24.34,24.34,1,0.433,82.2
LS61_s09b_sc04,LS61,111,0,,,28.24,28.24,1,0.4151,70.7
LS61_s09b_sc05,LS61,112,0,,,17.24,20.3,2,0.306,105.4
LS61_s09b_sc06,LS61,113,0,,,19.62,19.62,1,0.3622,93.7
LS61_s09b_sc07,LS61,114,0,,,19.43,19.43,1,0.3354,93.7
LS69_s01b_sc00,LS69,1,0,,,7.25,14.29,2,0.0974,82.2
LS69_s01b_sc01,LS69,2,0,,,7.58,8.51,2,0.1105,37.3
LS69_s01b_sc02,LS69,3,0,,,7.7,7.7,1,0.1277,35.8
LS69_s01b_sc03,LS69,4,0,,,7.09,7.09,1,0.1101,44.6
LS69_s01b_sc04,LS69,5,0,,,8.3,8.3,1,0.1143,44.6
LS69_s01b_sc05,LS69,6,0,,,9.65,9.65,1,0.1014,53.3
LS69_s01b_sc06,LS69,7,0,,,11.0,11.0,1,0.1218,53.3
LS69_s01b_sc07,LS69,8,0,,,10.94,10.94,1,0.1189,44.6
LS69_s01b_sc09,LS69,10,0,,,15.83,18.2,2,0.3476,44.6
LS69_s01b_sc11,LS69,12,0,,,11.59,11.59,1,0.1069,51.8
LS69_s01b_sc12,LS69,13,0,,,13.33,13.33,1,0.3868,51.8
LS69_s01b_sc13,LS69,14,0,,,7.2,7.2,1,0.3827,35.8
LS69_s01b_sc14,LS69,15,0,,,12.39,12.39,1,0.3583,51.8
LS69_s02b_sc00,LS69,18,0,,,7.73,7.73,1,0.3527,44.6
LS69_s02b_sc01,LS69,19,0,,,10.55,10.55,1,0.1124,62.0
LS69_s02b_sc03,LS69,21,0,,,10.68,10.68,1,0.3621,44.6
LS69_s02b_sc05,LS69,23,0,,,8.87,8.87,1,0.1031,44.6
LS69_s02b_sc07,LS69,25,0,,,5.72,5.72,1,0.3521,30.0
LS69_s02b_sc08,LS69,26,0,,,8.56,8.56,1,0.2696,37.3
LS69_s02b_sc10,LS69,28,0,,,9.84,9.84,1,0.4185,44.6
LS69_s02b_sc11,LS69,29,0,,,13.21,15.74,2,0.387,62.0
LS69_s03b_sc04,LS69,38,0,,,23.15,23.15,1,0.1509,92.3
LS69_s03b_sc06,LS69,40,0,,,27.8,27.8,1,0.3255,92.3
LS69_s03b_sc07,LS69,41,0,,,28.85,28.85,1,0.3183,92.3
LS69_s03b_sc08,LS69,42,0,,,27.18,27.18,1,0.3534,92.3
LS69_s04b_sc02,LS69,47,0,,,36.32,36.32,1,0.3068,92.3
LS69_s04b_sc03,LS69,48,0,,,33.9,33.9,1,0.2482,105.4
LS69_s04b_sc05,LS69,50,0,,,40.04,40.04,1,0.3671,92.5
LS69_s04b_sc06,LS69,51,0,,,41.19,41.19,1,0.291,105.4
LS69_s04b_sc07,LS69,52,0,,,29.83,29.83,1,0.1334,117.1
LS69_s04b_sc08,LS69,53,0,,,47.24,81.79,2,0.2905,207.8
LS69_s04b_sc09,LS69,54,0,,,42.05,42.05,1,0.1321,131.5
LS69_s04b_sc10,LS69,55,0,,,46.46,46.46,1,0.1115,105.4
LS69_s05b_sc01,LS69,57,0,,,46.92,46.92,1,0.2272,117.1
LS69_s05b_sc02,LS69,58,0,,,52.32,52.32,1,0.286,105.4
LS69_s05b_sc03,LS69,59,0,,,45.1,53.22,2,0.2393,105.4
LS69_s05b_sc05,LS69,61,0,,,55.07,55.07,1,0.1311,102.6
LS69_s05b_sc06,LS69,62,0,,,43.21,43.21,1,0.2231,117.1
LS69_s05b_sc07,LS69,63,0,,,49.08,49.08,1,0.2394,105.4
LS69_s06b_sc00,LS69,66,0,,,62.18,62.18,1,0.2823,128.6
LS69_s06b_sc01,LS69,67,0,,,52.34,52.34,1,0.2964,118.3
LS69_s06b_sc02,LS69,68,0,,,46.9,46.9,1,0.2257,131.5
LS69_s06b_sc03,LS69,69,0,,,47.55,47.55,1,0.2572,105.4
LS69_s06b_sc04,LS69,70,0,,,47.47,47.47,1,0.2813,105.4
LS69_s06b_sc05,LS69,71,0,,,44.85,44.85,1,0.278,105.4
LS69_s07b_sc01,LS69,78,0,,,38.9,38.9,1,0.2728,82.2
LS69_s07b_sc02,LS69,79,0,,,38.87,38.87,1,0.3269,105.4
LS69_s07b_sc03,LS69,80,0,,,35.66,35.66,1,0.2779,105.4
LS69_s07b_sc05,LS69,82,0,,,37.5,37.5,1,0.251,93.7
LS69_s07b_sc06,LS69,83,0,,,34.27,34.27,1,0.2617,93.7
LS69_s07b_sc07,LS69,84,0,,,35.22,35.22,1,0.2906,92.3
LS69_s07b_sc08,LS69,85,0,,,33.1,33.1,1,0.1417,82.2
LS69_s07b_sc09,LS69,86,0,,,34.98,34.98,1,0.1487,92.3
LS69_s08b_sc00,LS69,89,0,,,27.99,27.99,1,0.2795,72.0
LS69_s08b_sc03,LS69,92,0,,,25.81,25.81,1,0.2571,72.0
LS69_s08b_sc04,LS69,93,0,,,29.28,29.28,1,0.2955,72.0
LS69_s08b_sc05,LS69,94,0,,,26.06,26.06,1,0.149,70.7
LS69_s08b_sc07,LS69,96,0,,,29.14,55.88,2,0.2762,143.0
LS69_s08b_sc08,LS69,97,0,,,24.05,24.05,1,0.2945,62.0
LS69_s08b_sc10,LS69,99,0,,,24.23,24.23,1,0.3072,62.0
LS69_s09b_sc00,LS69,103,0,,,26.53,26.53,1,0.3539,62.0
LS69_s09b_sc01,LS69,104,0,,,25.27,25.27,1,0.1154,82.2
LS69_s09b_sc02,LS69,105,0,,,21.76,21.76,1,0.2014,82.2
LS69_s09b_sc06,LS69,109,0,,,20.73,20.73,1,0.3312,70.7
LS69_s09b_sc07,LS69,110,0,,,19.08,19.08,1,0.1521,82.2
LS69_s09b_sc09,LS69,112,0,,,18.96,18.96,1,0.2539,82.2
LS85_s01b_sc00,LS85,1,0,,,5.31,8.0,3,0.2678,44.6
LS85_s07c_sc00,LS85,1,0,,,57.16,57.16,1,0.1197,105.4
LS85_s07c_sc01,LS85,2,0,,,52.3,52.3,1,0.2217,118.3
LS85_s07c_sc02,LS85,3,0,,,45.36,45.36,1,0.2461,105.4
LS85_s07c_sc03,LS85,4,0,,,41.44,41.44,1,0.2113,105.4
LS85_s01b_sc04,LS85,5,0,,,2.91,7.29,4,0.2266,59.1
LS85_s07c_sc04,LS85,5,0,,,39.38,39.38,1,0.2116,105.4
LS85_s07c_sc05,LS85,6,0,,,43.67,43.67,1,0.1036,105.4
LS85_s01b_sc06,LS85,7,0,,,16.91,16.91,1,0.0891,51.8
LS85_s07c_sc06,LS85,7,0,,,36.79,36.79,1,0.2944,117.1
LS85_s07c_sc07,LS85,8,0,,,38.83,49.52,2,0.1964,117.1
LS85_s07c_sc08,LS85,9,0,,,39.5,39.5,1,0.1406,92.3
LS85_s02b_sc05,LS85,13,0,,,9.9,9.9,1,0.3338,44.6
LS85_s02b_sc06,LS85,14,0,,,6.86,8.01,2,0.3547,44.6
LS85_s02b_sc09,LS85,17,0,,,10.25,12.11,2,0.1116,59.1
LS85_s03b_sc01,LS85,19,0,,,9.88,11.89,2,0.2334,51.8
LS85_s03b_sc03,LS85,21,0,,,8.22,9.9,2,0.1014,51.8
LS85_s03b_sc05,LS85,23,0,,,10.34,10.34,1,0.3217,44.6
LS85_s03b_sc06,LS85,24,0,,,7.21,8.77,2,0.2724,41.7
LS85_s03b_sc07,LS85,25,0,,,5.51,8.18,2,0.3449,37.3
LS85_s03b_sc09,LS85,27,0,,,9.21,9.21,1,0.1925,51.8
LS85_s04b_sc02,LS85,32,0,,,15.1,15.1,1,0.2475,79.4
LS85_s04b_sc03,LS85,33,0,,,17.12,17.12,1,0.1026,82.2
LS85_s04b_sc04,LS85,34,0,,,16.72,16.72,1,0.2162,70.7
LS85_s04b_sc06,LS85,36,0,,,17.9,17.9,1,0.1277,79.4
LS85_s04b_sc07,LS85,37,0,,,21.79,21.79,1,0.2186,72.0
LS85_s04b_sc08,LS85,38,0,,,15.04,15.04,1,0.1034,70.7
LS85_s04b_sc10,LS85,40,0,,,23.27,23.27,1,0.0781,82.2
LS85_s04b_sc11,LS85,41,0,,,26.75,26.75,1,0.0785,62.0
LS85_s05b_sc00,LS85,42,0,,,28.97,28.97,1,0.3818,92.3
LS85_s05b_sc01,LS85,43,0,,,30.25,30.25,1,0.2354,92.5
LS85_s05b_sc02,LS85,44,0,,,32.7,32.7,1,0.1378,105.4
LS85_s05b_sc03,LS85,45,0,,,36.69,36.69,1,0.3518,105.4
LS85_s05b_sc04,LS85,46,0,,,35.35,35.35,1,0.286,92.3
LS85_s05b_sc05,LS85,47,0,,,35.76,35.76,1,0.2812,105.4
LS85_s05b_sc06,LS85,48,0,,,36.81,36.81,1,0.2976,105.4
LS85_s05b_sc07,LS85,49,0,,,39.04,39.04,1,0.3337,118.3
LS85_s06b_sc00,LS85,52,0,,,42.04,42.04,1,0.2162,105.4
LS85_s06b_sc01,LS85,53,0,,,43.72,43.72,1,0.3081,105.4
LS85_s06b_sc02,LS85,54,0,,,44.02,44.02,1,0.3544,93.7
LS85_s06b_sc03,LS85,55,0,,,39.63,39.63,1,0.2581,105.4
LS85_s06b_sc04,LS85,56,0,,,48.04,48.04,1,0.1308,118.3
LS85_s06b_sc05,LS85,57,0,,,45.94,45.94,1,0.1322,118.3
LS85_s06b_sc07,LS85,59,0,,,41.39,41.39,1,0.2385,92.3
LS85_s06b_sc08,LS85,60,0,,,39.79,39.79,1,0.2638,117.1
LS85_s06b_sc09,LS85,61,0,,,41.1,41.1,1,0.2655,105.4
LS85_s08b_sc01,LS85,63,0,,,33.14,33.14,1,0.1126,105.4
LS85_s08b_sc03,LS85,65,0,,,30.99,30.99,1,0.2261,93.7
LS85_s08b_sc04,LS85,66,0,,,41.03,41.03,1,0.1216,105.4
LS85_s08b_sc05,LS85,67,0,,,28.94,28.94,1,0.2584,92.3
LS85_s08b_sc07,LS85,69,0,,,30.81,30.81,1,0.2299,92.5
LS85_s08b_sc08,LS85,70,0,,,32.92,32.92,1,0.089,118.3
LS85_s08b_sc09,LS85,71,0,,,30.45,30.45,1,0.098,92.3
LS85_s09b_sc05,LS85,77,0,,,27.45,27.45,1,0.1227,93.7
LS85_s09b_sc06,LS85,78,0,,,27.55,27.55,1,0.1741,93.7
LS85_s09b_sc07,LS85,79,0,,,26.43,26.43,1,0.281,82.2
LS85_s10b_sc00,LS85,84,0,,,25.86,25.86,1,0.269,72.0
LS85_s10b_sc01,LS85,85,0,,,26.07,26.07,1,0.239,72.0
LS85_s10b_sc06,LS85,90,0,,,21.82,21.82,1,0.1306,82.2
LS85_s10b_sc07,LS85,91,0,,,24.23,24.23,1,0.1783,93.7
LS87_s01b_sc00,LS87,1,0,,,4.93,5.61,2,0.3942,13.8
LS87_s01b_sc01,LS87,2,0,,,3.6,4.3,2,0.188,30.0
LS87_s01b_sc02,LS87,3,0,,,7.64,11.92,2,0.0779,30.0
LS87_s01b_sc04,LS87,5,0,,,8.23,8.23,1,0.2637,30.0
LS87_s01b_sc05,LS87,6,0,,,15.48,15.48,1,0.1117,30.0
LS87_s01b_sc10,LS87,11,0,,,8.7,8.7,1,0.3025,30.0
LS87_s01b_sc11,LS87,12,0,,,22.84,22.84,1,0.0755,44.6
LS87_s01b_sc14,LS87,15,0,,,7.09,9.02,2,0.1054,44.6
LS87_s01b_sc15,LS87,16,0,,,7.25,9.38,2,0.0776,44.6
LS87_s02b_sc07,LS87,28,0,,,16.43,16.43,1,0.2634,62.0
LS87_s02b_sc08,LS87,29,0,,,21.6,21.6,1,0.0872,82.2
LS87_s02b_sc09,LS87,30,0,,,14.72,14.72,1,0.1516,72.0
LS87_s03b_sc01,LS87,35,0,,,30.98,30.98,1,0.267,82.2
LS87_s03b_sc07,LS87,41,0,,,35.74,35.74,1,0.097,105.4
LS87_s04b_sc00,LS87,45,0,,,59.57,59.57,1,0.1513,117.1
LS87_s04b_sc01,LS87,46,0,,,46.83,46.83,1,0.1052,92.3
LS87_s04b_sc02,LS87,47,0,,,39.62,39.62,1,0.2917,117.1
LS87_s04b_sc03,LS87,48,0,,,37.46,37.46,1,0.2538,117.1
LS87_s04b_sc04,LS87,49,0,,,38.96,38.96,1,0.2212,118.3
LS87_s04b_sc05,LS87,50,0,,,42.6,42.6,1,0.123,105.4
LS87_s04b_sc06,LS87,51,0,,,40.51,40.51,1,0.2556,105.4
LS87_s04b_sc07,LS87,52,0,,,40.82,40.82,1,0.251,105.4
LS87_s04b_sc08,LS87,53,0,,,44.32,44.32,1,0.2507,105.4
LS87_s04b_sc09,LS87,54,0,,,27.44,27.44,1,0.1102,118.3
LS87_s05b_sc00,LS87,55,0,,,35.19,35.19,1,0.1254,131.5
LS87_s05b_sc01,LS87,56,0,,,64.89,64.89,1,0.1557,117.1
LS87_s05b_sc02,LS87,57,0,,,44.79,44.79,1,0.2954,117.1
LS87_s05b_sc03,LS87,58,0,,,49.7,49.7,1,0.3128,118.3
LS87_s05b_sc04,LS87,59,0,,,46.76,46.76,1,0.2025,105.4
LS87_s05b_sc05,LS87,60,0,,,46.6,46.6,1,0.2704,117.1
LS87_s05b_sc07,LS87,62,0,,,47.03,47.03,1,0.1184,128.6
LS87_s05b_sc09,LS87,64,0,,,47.25,47.25,1,0.1069,92.3
LS87_s06b_sc00,LS87,66,0,,,51.11,51.11,1,0.1105,92.3
LS87_s06b_sc01,LS87,67,0,,,48.78,48.78,1,0.104,102.6
LS87_s06b_sc02,LS87,68,0,,,41.29,41.29,1,0.2285,105.4
LS87_s06b_sc03,LS87,69,0,,,39.88,39.88,1,0.2078,82.2
LS87_s06b_sc04,LS87,70,0,,,40.71,40.71,1,0.2754,105.4
LS87_s06b_sc05,LS87,71,0,,,44.58,44.58,1,0.278,82.2
LS87_s06b_sc06,LS87,72,0,,,25.13,25.13,1,0.1753,93.7
LS87_s07b_sc01,LS87,79,0,,,36.42,36.42,1,0.113,93.7
LS87_s08b_sc02,LS87,91,0,,,21.76,21.76,1,0.2811,82.2
LS87_s08b_sc03,LS87,92,0,,,28.75,28.75,1,0.2624,82.2
LS87_s08b_sc05,LS87,94,0,,,28.68,28.68,1,0.2445,72.0
LS87_s08b_sc06,LS87,95,0,,,31.27,31.27,1,0.289,72.0
LS87_s08b_sc07,LS87,96,0,,,28.61,28.61,1,0.2659,72.0
LS87_s09b_sc00,LS87,101,0,,,32.89,32.89,1,0.12,105.4
LS87_s09b_sc01,LS87,102,0,,,35.68,35.68,1,0.1126,93.7
LS87_s09b_sc02,LS87,103,0,,,26.77,26.77,1,0.3191,82.2
LS87_s09b_sc03,LS87,104,0,,,28.97,28.97,1,0.319,82.2
LS87_s09b_sc04,LS87,105,0,,,33.57,33.57,1,0.2925,92.3
LS87_s09b_sc05,LS87,106,0,,,29.94,29.94,1,0.2641,72.0
