scene_uid,animal,section_order,censored_fraction,censored_fraction_in_tissue,recorded_saturated_fraction,recorded_saturated_fraction_raw,in_analysis_set,reason
LS105_s10a_sc01,LS105,100,0.200276,0.222376,0.106689,0.200276,0,20.0% of pixels at the 16-bit ceiling (tolerance 1%)
LS105_s10a_sc03,LS105,102,0.21493,0.240635,0.109304,0.21493,0,21.5% of pixels at the 16-bit ceiling (tolerance 1%)
LS105_s10a_sc04,LS105,103,0.149689,0.15361,0.083835,0.149689,0,15.0% of pixels at the 16-bit ceiling (tolerance 1%)
LS105_s10a_sc05,LS105,104,0.226269,0.252183,0.111779,0.226269,0,22.6% of pixels at the 16-bit ceiling (tolerance 1%)
LS105_s10a_sc06,LS105,105,0.173828,0.205088,0.085874,0.173828,0,17.4% of pixels at the 16-bit ceiling (tolerance 1%)
LS105_s10a_sc07,LS105,106,0.168887,0.193052,0.093236,0.168887,0,16.9% of pixels at the 16-bit ceiling (tolerance 1%)
LS105_s10a_sc08,LS105,107,0.158712,0.190975,0.079833,0.158712,0,15.9% of pixels at the 16-bit ceiling (tolerance 1%)
LS105_s10a_sc09,LS105,108,0.211065,0.23739,0.105858,0.211065,0,21.1% of pixels at the 16-bit ceiling (tolerance 1%)
LS105_s01a_sc00,LS105,1,0.254651,0.297033,0.133283,0.254651,0,25.5% of pixels at the 16-bit ceiling (tolerance 1%)
LS105_s01a_sc06,LS105,7,0.256868,0.258126,0.132896,0.256868,0,25.7% of pixels at the 16-bit ceiling (tolerance 1%)
LS105_s01a_sc09,LS105,10,0.233917,0.262296,0.11862,0.233917,0,23.4% of pixels at the 16-bit ceiling (tolerance 1%)
LS105_s01a_sc13,LS105,14,0.198911,0.235182,0.103948,0.198911,0,19.9% of pixels at the 16-bit ceiling (tolerance 1%)
LS105_s02a_sc02,LS105,17,0.20479,0.225377,0.102502,0.20479,0,20.5% of pixels at the 16-bit ceiling (tolerance 1%)
LS105_s02a_sc03,LS105,18,0.205684,0.247301,0.103861,0.205684,0,20.6% of pixels at the 16-bit ceiling (tolerance 1%)
LS105_s02a_sc04,LS105,19,0.233034,0.287376,0.108059,0.233034,0,23.3% of pixels at the 16-bit ceiling (tolerance 1%)
LS105_s02a_sc05,LS105,20,0.203542,0.228914,0.102138,0.203542,0,20.4% of pixels at the 16-bit ceiling (tolerance 1%)
LS105_s02a_sc06,LS105,21,0.2343,0.230615,0.118952,0.2343,0,23.4% of pixels at the 16-bit ceiling (tolerance 1%)
LS105_s02a_sc07,LS105,22,0.243507,0.262113,0.126894,0.243507,0,24.4% of pixels at the 16-bit ceiling (tolerance 1%)
LS105_s02a_sc08,LS105,23,0.235459,0.25082,0.124954,0.235459,0,23.5% of pixels at the 16-bit ceiling (tolerance 1%)
LS105_s02a_sc09,LS105,24,0.255779,0.313455,0.126151,0.255779,0,25.6% of pixels at the 16-bit ceiling (tolerance 1%)
LS105_s02a_sc10,LS105,25,0.211418,0.255064,0.113431,0.211418,0,21.1% of pixels at the 16-bit ceiling (tolerance 1%)
LS105_s03a_sc00,LS105,27,0.214212,0.24355,0.101695,0.214212,0,21.4% of pixels at the 16-bit ceiling (tolerance 1%)
LS105_s03a_sc03,LS105,30,0.227033,0.233312,0.130483,0.227033,0,22.7% of pixels at the 16-bit ceiling (tolerance 1%)
LS105_s03a_sc04,LS105,31,0.228823,0.262136,0.119894,0.228823,0,22.9% of pixels at the 16-bit ceiling (tolerance 1%)
LS105_s03a_sc05,LS105,32,0.244254,0.283534,0.121133,0.244254,0,24.4% of pixels at the 16-bit ceiling (tolerance 1%)
LS105_s03a_sc06,LS105,33,0.235135,0.253603,0.125328,0.235135,0,23.5% of pixels at the 16-bit ceiling (tolerance 1%)
LS105_s03a_sc07,LS105,34,0.234706,0.260327,0.117532,0.234706,0,23.5% of pixels at the 16-bit ceiling (tolerance 1%)
LS105_s03a_sc09,LS105,36,0.197547,0.221006,0.099758,0.197547,0,19.8% of pixels at the 16-bit ceiling (tolerance 1%)
LS105_s03a_sc10,LS105,37,0.180757,0.220851,0.096719,0.180757,0,18.1% of pixels at the 16-bit ceiling (tolerance 1%)
LS105_s03a_sc11,LS105,38,0.199901,0.233852,0.09907,0.199901,0,20.0% of pixels at the 16-bit ceiling (tolerance 1%)
LS105_s04a_sc01,LS105,40,0.238853,0.278352,0.117124,0.238853,0,23.9% of pixels at the 16-bit ceiling (tolerance 1%)
LS105_s04a_sc04,LS105,43,0.248468,0.289243,0.121182,0.248468,0,24.8% of pixels at the 16-bit ceiling (tolerance 1%)
LS105_s04a_sc06,LS105,45,0.221398,0.242706,0.112279,0.221398,0,22.1% of pixels at the 16-bit ceiling (tolerance 1%)
LS105_s04a_sc07,LS105,46,0.174031,0.185462,0.091906,0.174031,0,17.4% of pixels at the 16-bit ceiling (tolerance 1%)
LS105_s04a_sc08,LS105,47,0.218415,0.242957,0.105241,0.218415,0,21.8% of pixels at the 16-bit ceiling (tolerance 1%)
LS105_s04a_sc09,LS105,48,0.219766,0.230904,0.114916,0.219766,0,22.0% of pixels at the 16-bit ceiling (tolerance 1%)
LS105_s04a_sc10,LS105,49,0.235194,0.244291,0.115567,0.235194,0,23.5% of pixels at the 16-bit ceiling (tolerance 1%)
LS105_s04a_sc11,LS105,50,0.265875,0.282426,0.125586,0.265875,0,26.6% of pixels at the 16-bit ceiling (tolerance 1%)
LS105_s05a_sc01,LS105,53,0.007754,0.010097,5e-05,0.007754,1,
LS105_s05a_sc02,LS105,54,0.001448,0.001569,0.000302,0.001448,1,
LS105_s05a_sc03,LS105,55,0.023835,0.027885,0.009518,0.023835,0,2.4% of pixels at the 16-bit ceiling (tolerance 1%)
LS105_s05a_sc04,LS105,56,0.001053,0.001229,2.6e-05,0.001053,1,
LS105_s05a_sc05,LS105,57,0.001524,0.001523,0.001398,0.001524,1,
LS105_s05a_sc06,LS105,58,0.002456,0.002847,0.0,0.002456,1,
LS105_s05a_sc07,LS105,59,0.001391,0.001662,9e-06,0.001391,1,
LS105_s05a_sc08,LS105,60,0.001234,0.001439,6e-06,0.001234,1,
LS105_s05a_sc09,LS105,61,0.011091,0.012296,0.006288,0.011091,0,1.1% of pixels at the 16-bit ceiling (tolerance 1%)
LS105_s05a_sc11,LS105,63,0.011126,0.01535,0.005193,0.011126,0,1.1% of pixels at the 16-bit ceiling (tolerance 1%)
LS105_s06a_sc00,LS105,64,0.003262,0.003888,0.0,0.003262,1,
LS105_s06a_sc01,LS105,65,0.003429,0.003907,9.5e-05,0.003429,1,
LS105_s06a_sc02,LS105,66,0.003365,0.003808,7.2e-05,0.003365,1,
LS105_s06a_sc04,LS105,68,0.001015,0.001163,1.6e-05,0.001015,1,
LS105_s06a_sc05,LS105,69,0.006175,0.007016,0.000615,0.006175,1,
LS105_s06a_sc06,LS105,70,0.00325,0.003655,2e-05,0.00325,1,
LS105_s06a_sc07,LS105,71,0.003085,0.003813,0.0,0.003085,1,
LS105_s06a_sc08,LS105,72,0.003295,0.004054,4.1e-05,0.003295,1,
LS105_s08a_sc00,LS105,76,0.00183,0.00218,0.0,0.00183,1,
LS105_s08a_sc01,LS105,77,0.000112,0.000128,8.9e-05,0.000112,1,
LS105_s08a_sc02,LS105,78,0.000895,0.001022,0.0,0.000895,1,
LS105_s08a_sc03,LS105,79,0.001128,0.001264,0.000593,0.001128,1,
LS105_s08a_sc05,LS105,81,6.9e-05,8.5e-05,0.0,6.9e-05,1,
LS105_s08a_sc06,LS105,82,2.7e-05,3e-05,0.0,2.7e-05,1,
LS105_s08a_sc07,LS105,83,0.000552,0.000706,0.000153,0.000552,1,
LS105_s08a_sc08,LS105,84,0.001117,0.001314,0.0,0.001117,1,
LS105_s08a_sc09,LS105,85,0.001246,0.00155,0.000178,0.001246,1,
LS105_s08a_sc11,LS105,87,0.00147,0.001982,3e-06,0.00147,1,
LS105_s09a_sc07,LS105,95,0.187694,0.191034,0.105758,0.187694,0,18.8% of pixels at the 16-bit ceiling (tolerance 1%)
LS105_s09a_sc08,LS105,96,0.224756,0.247042,0.116809,0.224756,0,22.5% of pixels at the 16-bit ceiling (tolerance 1%)
LS120_s01a_sc00,LS120,1,0.001262,0.001618,0.0,0.001262,1,
LS120_s01a_sc02,LS120,3,0.000388,0.000431,0.0,0.000388,1,
LS120_s01a_sc03,LS120,4,0.003349,0.003971,0.000981,0.003349,1,
LS120_s01a_sc04,LS120,5,0.000179,0.000183,9.7e-05,0.000179,1,
LS120_s01a_sc05,LS120,6,0.00101,0.0,0.0,0.00101,1,
LS120_s01a_sc06,LS120,7,0.000893,0.001916,2.9e-05,0.000893,1,
LS120_s01a_sc09,LS120,10,0.002489,0.002549,0.0,0.002489,1,
LS120_s01a_sc11,LS120,12,0.000413,0.000213,4.1e-05,0.000413,1,
LS120_s01a_sc12,LS120,13,0.003844,0.00171,2.7e-05,0.003844,1,
LS120_s01a_sc14,LS120,15,0.000188,0.0,0.0,0.000188,1,
LS120_s01a_sc15,LS120,16,0.000109,3e-06,9.3e-05,0.000109,1,
LS120_s01a_sc16,LS120,17,0.001172,0.000589,2e-06,0.001172,1,
LS120_s01a_sc17,LS120,18,0.001055,0.00233,0.0,0.001055,1,
LS120_s01a_sc18,LS120,19,0.000248,0.000316,0.0,0.000248,1,
LS120_s01a_sc19,LS120,20,0.000389,0.000548,0.000252,0.000389,1,
LS120_s02a_sc00,LS120,21,0.000946,0.001431,0.000218,0.000946,1,
LS120_s02a_sc01,LS120,22,0.003198,0.001515,0.000398,0.003198,1,
LS120_s02a_sc02,LS120,23,0.005493,0.006749,0.001553,0.005493,1,
LS120_s02a_sc03,LS120,24,0.000333,0.000431,0.0,0.000333,1,
LS120_s02a_sc04,LS120,25,2.6e-05,7.1e-05,8e-05,2.6e-05,1,
LS120_s02a_sc06,LS120,27,0.003544,0.005729,0.000211,0.003544,1,
LS120_s02a_sc07,LS120,28,0.002955,0.000629,0.0,0.002955,1,
LS120_s02a_sc08,LS120,29,0.000928,0.001443,0.0,0.000928,1,
LS120_s02a_sc09,LS120,30,0.000524,0.000448,0.000337,0.000524,1,
LS120_s02a_sc11,LS120,32,0.000303,0.000122,0.00021,0.000303,1,
LS120_s02a_sc12,LS120,33,0.001988,0.001477,2.5e-05,0.001988,1,
LS120_s02a_sc13,LS120,34,0.00219,0.000205,0.0,0.00219,1,
LS120_s03a_sc00,LS120,35,1.9e-05,2.1e-05,0.0,1.9e-05,1,
LS120_s03a_sc06,LS120,41,0.000589,0.000477,0.000448,0.000589,1,
LS120_s03a_sc07,LS120,42,0.000146,0.000177,0.000169,0.000146,1,
LS120_s03a_sc08,LS120,43,7.7e-05,2e-06,0.0,7.7e-05,1,
LS120_s03a_sc09,LS120,44,0.000187,0.000252,0.0,0.000187,1,
LS120_s03a_sc10,LS120,45,1.9e-05,1.7e-05,5e-06,1.9e-05,1,
LS120_s03a_sc11,LS120,46,8.6e-05,0.000101,0.0,8.6e-05,1,
LS120_s04a_sc00,LS120,49,0.000386,0.000463,0.000583,0.000386,1,
LS120_s04a_sc01,LS120,50,0.0,0.0,0.0,0.0,1,
LS120_s04a_sc02,LS120,51,9.7e-05,0.000105,2.5e-05,9.7e-05,1,
LS120_s04a_sc03,LS120,52,0.0,0.0,0.0,0.0,1,
LS120_s04a_sc04,LS120,53,0.000377,0.000429,0.000787,0.000377,1,
LS120_s04a_sc06,LS120,55,0.0,0.0,0.0,0.0,1,
LS120_s04a_sc07,LS120,56,5.6e-05,7.9e-05,6.4e-05,5.6e-05,1,
LS120_s04a_sc08,LS120,57,8.1e-05,9.2e-05,1.1e-05,8.1e-05,1,
LS120_s04a_sc09,LS120,58,0.000927,0.001108,0.001666,0.000927,1,
LS120_s05a_sc00,LS120,59,0.002394,0.002624,0.0,0.002394,1,
LS120_s05a_sc01,LS120,60,0.002315,0.002786,6.6e-05,0.002315,1,
LS120_s05a_sc02,LS120,61,0.002999,0.003649,0.000339,0.002999,1,
LS120_s05a_sc03,LS120,62,0.00068,0.000853,0.0,0.00068,1,
LS120_s05a_sc05,LS120,64,0.004734,0.005537,0.000238,0.004734,1,
LS120_s05a_sc07,LS120,66,0.002476,0.003179,6.1e-05,0.002476,1,
LS120_s05a_sc09,LS120,68,0.002491,0.002991,7.9e-05,0.002491,1,
LS120_s06a_sc00,LS120,70,4.9e-05,5.8e-05,0.0,4.9e-05,1,
LS120_s06a_sc02,LS120,72,0.000874,0.001012,8.6e-05,0.000874,1,
LS120_s06a_sc03,LS120,73,0.000243,0.000299,0.0,0.000243,1,
LS120_s06a_sc04,LS120,74,5.6e-05,5.9e-05,0.0,5.6e-05,1,
LS120_s06a_sc06,LS120,76,3.8e-05,4.9e-05,1e-06,3.8e-05,1,
LS120_s06a_sc07,LS120,77,0.000195,0.000249,0.000226,0.000195,1,
LS120_s06a_sc08,LS120,78,4.6e-05,5.8e-05,3.5e-05,4.6e-05,1,
LS120_s07a_sc00,LS120,80,8.8e-05,0.000112,7.8e-05,8.8e-05,1,
LS120_s07a_sc08,LS120,88,1.3e-05,1.4e-05,2e-05,1.3e-05,1,
LS120_s07a_sc11,LS120,91,0.000699,0.000803,0.000873,0.000699,1,
LS120_s08a_sc00,LS120,92,2.9e-05,3.4e-05,5.8e-05,2.9e-05,1,
LS120_s08a_sc01,LS120,93,0.001241,0.001495,0.000562,0.001241,1,
LS120_s08a_sc04,LS120,96,0.000261,0.000285,0.000421,0.000261,1,
LS120_s08a_sc06,LS120,98,0.000345,0.000416,0.00029,0.000345,1,
LS120_s08a_sc08,LS120,100,0.0,0.0,0.0,0.0,1,
LS120_s08a_sc10,LS120,102,0.0,0.0,0.0,0.0,1,
LS120_s09a_sc00,LS120,103,0.000155,0.000213,0.0,0.000155,1,
LS120_s09a_sc01,LS120,104,0.000643,0.000692,0.000954,0.000643,1,
LS120_s09a_sc02,LS120,105,0.000414,0.000549,0.000183,0.000414,1,
LS120_s09a_sc03,LS120,106,0.000541,0.000571,0.0,0.000541,1,
LS136_s01a_sc00,LS136,1,0.279772,0.308139,0.140143,0.279772,0,28.0% of pixels at the 16-bit ceiling (tolerance 1%)
LS136_s01a_sc03,LS136,4,0.313809,0.33161,0.151351,0.313809,0,31.4% of pixels at the 16-bit ceiling (tolerance 1%)
LS136_s01a_sc08,LS136,9,0.291042,0.348896,0.134284,0.291042,0,29.1% of pixels at the 16-bit ceiling (tolerance 1%)
LS136_s01a_sc10,LS136,11,0.3174,0.364349,0.161318,0.3174,0,31.7% of pixels at the 16-bit ceiling (tolerance 1%)
LS136_s01a_sc11,LS136,12,0.292567,0.342317,0.138802,0.292567,0,29.3% of pixels at the 16-bit ceiling (tolerance 1%)
LS136_s01a_sc12,LS136,13,0.313493,0.379906,0.154745,0.313493,0,31.3% of pixels at the 16-bit ceiling (tolerance 1%)
LS136_s01a_sc13,LS136,14,0.22802,0.258031,0.120086,0.22802,0,22.8% of pixels at the 16-bit ceiling (tolerance 1%)
LS136_s01a_sc14,LS136,15,0.352071,0.372225,0.181603,0.352071,0,35.2% of pixels at the 16-bit ceiling (tolerance 1%)
LS136_s02a_sc00,LS136,17,0.0,0.0,0.0,0.0,1,
LS136_s02a_sc01,LS136,18,2.5e-05,2.9e-05,8.1e-05,2.5e-05,1,
LS136_s02a_sc02,LS136,19,0.000699,0.000733,0.0,0.000699,1,
LS136_s02a_sc03,LS136,20,0.000814,0.00094,0.000567,0.000814,1,
LS136_s02a_sc05,LS136,22,2.8e-05,2.9e-05,0.0,2.8e-05,1,
LS136_s02a_sc07,LS136,24,9.3e-05,0.000115,0.0,9.3e-05,1,
LS136_s02a_sc08,LS136,25,1.5e-05,1.8e-05,6.2e-05,1.5e-05,1,
LS136_s02a_sc10,LS136,27,1.7e-05,2.1e-05,5.5e-05,1.7e-05,1,
LS136_s02a_sc12,LS136,29,0.0,0.0,0.0,0.0,1,
LS136_s03a_sc03,LS136,35,0.000257,0.000288,8.3e-05,0.000257,1,
LS136_s03a_sc04,LS136,36,0.002659,0.003028,0.000311,0.002659,1,
LS136_s04a_sc01,LS136,45,0.000279,0.000365,0.0,0.000279,1,
LS136_s04a_sc02,LS136,46,1.4e-05,1.7e-05,0.0,1.4e-05,1,
LS136_s04a_sc03,LS136,47,2e-06,2e-06,0.0,2e-06,1,
LS136_s04a_sc05,LS136,49,0.000306,0.000366,0.0,0.000306,1,
LS136_s04a_sc07,LS136,51,1.5e-05,1.7e-05,6.3e-05,1.5e-05,1,
LS136_s04a_sc08,LS136,52,0.000148,0.000169,9.5e-05,0.000148,1,
LS136_s04a_sc09,LS136,53,1.9e-05,2.4e-05,8.4e-05,1.9e-05,1,
LS136_s04a_sc10,LS136,54,3.2e-05,3.8e-05,3e-06,3.2e-05,1,
LS136_s04a_sc11,LS136,55,1e-06,2e-06,0.0,1e-06,1,
LS136_s05a_sc00,LS136,57,0.193282,0.214517,0.093597,0.193282,0,19.3% of pixels at the 16-bit ceiling (tolerance 1%)
LS136_s05a_sc01,LS136,58,0.236963,0.290968,0.113615,0.236963,0,23.7% of pixels at the 16-bit ceiling (tolerance 1%)
LS136_s05a_sc02,LS136,59,0.258781,0.310146,0.132071,0.258781,0,25.9% of pixels at the 16-bit ceiling (tolerance 1%)
LS136_s05a_sc03,LS136,60,0.225513,0.245182,0.114486,0.225513,0,22.6% of pixels at the 16-bit ceiling (tolerance 1%)
LS136_s05a_sc04,LS136,61,0.200834,0.21247,0.101745,0.200834,0,20.1% of pixels at the 16-bit ceiling (tolerance 1%)
LS136_s05a_sc05,LS136,62,0.18781,0.213426,0.100954,0.18781,0,18.8% of pixels at the 16-bit ceiling (tolerance 1%)
LS136_s05a_sc09,LS136,66,0.189827,0.223736,0.098744,0.189827,0,19.0% of pixels at the 16-bit ceiling (tolerance 1%)
LS136_s05a_sc10,LS136,67,0.206031,0.225204,0.10558,0.206031,0,20.6% of pixels at the 16-bit ceiling (tolerance 1%)
LS136_s05a_sc11,LS136,68,0.21944,0.227263,0.112257,0.21944,0,21.9% of pixels at the 16-bit ceiling (tolerance 1%)
LS136_s06a_sc00,LS136,69,5.4e-05,6.6e-05,0.0,5.4e-05,1,
LS136_s06a_sc03,LS136,72,3.5e-05,4.2e-05,9.9e-05,3.5e-05,1,
LS136_s06a_sc05,LS136,74,0.0,0.0,0.0,0.0,1,
LS136_s06a_sc07,LS136,76,3.9e-05,4.7e-05,9.8e-05,3.9e-05,1,
LS136_s07a_sc00,LS136,78,0.0,0.0,0.0,0.0,1,
LS136_s08a_sc07,LS136,93,0.000278,0.000368,0.0,0.000278,1,
LS136_s08a_sc08,LS136,94,0.001899,0.002231,0.0,0.001899,1,
LS136_s09a_sc00,LS136,96,0.185596,0.202611,0.100437,0.185596,0,18.6% of pixels at the 16-bit ceiling (tolerance 1%)
LS136_s09a_sc01,LS136,97,0.201793,0.220494,0.115759,0.201793,0,20.2% of pixels at the 16-bit ceiling (tolerance 1%)
LS136_s09a_sc02,LS136,98,0.20275,0.23047,0.10528,0.20275,0,20.3% of pixels at the 16-bit ceiling (tolerance 1%)
LS136_s09a_sc03,LS136,99,0.222354,0.267924,0.115879,0.222354,0,22.2% of pixels at the 16-bit ceiling (tolerance 1%)
LS136_s09a_sc04,LS136,100,0.209428,0.269661,0.100019,0.209428,0,20.9% of pixels at the 16-bit ceiling (tolerance 1%)
LS136_s09a_sc05,LS136,101,0.264829,0.339946,0.129267,0.264829,0,26.5% of pixels at the 16-bit ceiling (tolerance 1%)
LS138_s01a_sc00,LS138,1,0.000147,0.000188,0.000333,0.000147,1,
LS138_s01a_sc01,LS138,2,0.002087,0.003091,0.00056,0.002087,1,
LS138_s01a_sc02,LS138,3,0.000988,0.001226,0.001348,0.000988,1,
LS138_s01a_sc05,LS138,6,3.5e-05,4.6e-05,0.0,3.5e-05,1,
LS138_s01a_sc06,LS138,7,0.000392,0.00058,0.0,0.000392,1,
LS138_s01a_sc07,LS138,8,4.7e-05,5.7e-05,0.0,4.7e-05,1,
LS138_s01a_sc08,LS138,9,0.000501,0.00085,0.0,0.000501,1,
LS138_s01a_sc09,LS138,10,0.0,0.0,0.0,0.0,1,
LS138_s01a_sc10,LS138,11,0.000101,1.3e-05,0.0,0.000101,1,
LS138_s02a_sc01,LS138,13,0.260232,0.30469,0.124254,0.260232,0,26.0% of pixels at the 16-bit ceiling (tolerance 1%)
LS138_s02a_sc02,LS138,14,0.320686,0.355008,0.147444,0.320686,0,32.1% of pixels at the 16-bit ceiling (tolerance 1%)
LS138_s02a_sc03,LS138,15,0.204422,0.25642,0.102938,0.204422,0,20.4% of pixels at the 16-bit ceiling (tolerance 1%)
LS138_s02a_sc06,LS138,18,0.237775,0.269492,0.111036,0.237775,0,23.8% of pixels at the 16-bit ceiling (tolerance 1%)
LS138_s02a_sc07,LS138,19,0.212071,0.232447,0.109368,0.212071,0,21.2% of pixels at the 16-bit ceiling (tolerance 1%)
LS138_s02a_sc08,LS138,20,0.188461,0.204999,0.099079,0.188461,0,18.8% of pixels at the 16-bit ceiling (tolerance 1%)
LS138_s02a_sc10,LS138,22,0.21066,0.243022,0.11398,0.21066,0,21.1% of pixels at the 16-bit ceiling (tolerance 1%)
LS138_s03a_sc01,LS138,25,0.228742,0.260054,0.111029,0.228742,0,22.9% of pixels at the 16-bit ceiling (tolerance 1%)
LS138_s03a_sc04,LS138,28,0.217902,0.238952,0.114541,0.217902,0,21.8% of pixels at the 16-bit ceiling (tolerance 1%)
LS138_s03a_sc05,LS138,29,0.211902,0.240353,0.104277,0.211902,0,21.2% of pixels at the 16-bit ceiling (tolerance 1%)
LS138_s03a_sc07,LS138,31,0.245011,0.281911,0.117571,0.245011,0,24.5% of pixels at the 16-bit ceiling (tolerance 1%)
LS138_s03a_sc08,LS138,32,0.178758,0.201666,0.100433,0.178758,0,17.9% of pixels at the 16-bit ceiling (tolerance 1%)
LS138_s04a_sc00,LS138,36,0.217289,0.239561,0.105625,0.217289,0,21.7% of pixels at the 16-bit ceiling (tolerance 1%)
LS138_s04a_sc01,LS138,37,0.213026,0.232561,0.111832,0.213026,0,21.3% of pixels at the 16-bit ceiling (tolerance 1%)
LS138_s04a_sc02,LS138,38,0.222979,0.288684,0.098112,0.222979,0,22.3% of pixels at the 16-bit ceiling (tolerance 1%)
LS138_s04a_sc03,LS138,39,0.197354,0.238448,0.100467,0.197354,0,19.7% of pixels at the 16-bit ceiling (tolerance 1%)
LS138_s04a_sc04,LS138,40,0.183063,0.24248,0.091562,0.183063,0,18.3% of pixels at the 16-bit ceiling (tolerance 1%)
LS138_s04a_sc05,LS138,41,0.201328,0.257141,0.10613,0.201328,0,20.1% of pixels at the 16-bit ceiling (tolerance 1%)
LS138_s04a_sc06,LS138,42,0.212162,0.254492,0.102055,0.212162,0,21.2% of pixels at the 16-bit ceiling (tolerance 1%)
LS138_s04a_sc07,LS138,43,0.206783,0.227981,0.109861,0.206783,0,20.7% of pixels at the 16-bit ceiling (tolerance 1%)
LS138_s05a_sc00,LS138,44,0.201455,0.226135,0.110231,0.201455,0,20.1% of pixels at the 16-bit ceiling (tolerance 1%)
LS138_s05a_sc02,LS138,46,0.192705,0.242747,0.099186,0.192705,0,19.3% of pixels at the 16-bit ceiling (tolerance 1%)
LS138_s05a_sc03,LS138,47,0.219641,0.265743,0.104021,0.219641,0,22.0% of pixels at the 16-bit ceiling (tolerance 1%)
LS138_s05a_sc04,LS138,48,0.19729,0.235337,0.087456,0.19729,0,19.7% of pixels at the 16-bit ceiling (tolerance 1%)
LS138_s05a_sc05,LS138,49,0.194819,0.231275,0.089757,0.194819,0,19.5% of pixels at the 16-bit ceiling (tolerance 1%)
LS138_s06a_sc00,LS138,54,0.207073,0.241592,0.097807,0.207073,0,20.7% of pixels at the 16-bit ceiling (tolerance 1%)
LS138_s06a_sc02,LS138,56,0.200481,0.205073,0.106773,0.200481,0,20.0% of pixels at the 16-bit ceiling (tolerance 1%)
LS138_s06a_sc03,LS138,57,0.209506,0.230195,0.110192,0.209506,0,21.0% of pixels at the 16-bit ceiling (tolerance 1%)
LS138_s06a_sc04,LS138,58,0.205227,0.218791,0.103457,0.205227,0,20.5% of pixels at the 16-bit ceiling (tolerance 1%)
LS138_s06a_sc05,LS138,59,0.190784,0.208785,0.098713,0.190784,0,19.1% of pixels at the 16-bit ceiling (tolerance 1%)
LS138_s06a_sc06,LS138,60,0.16901,0.170336,0.091691,0.16901,0,16.9% of pixels at the 16-bit ceiling (tolerance 1%)
LS138_s06a_sc07,LS138,61,0.177226,0.190408,0.097656,0.177226,0,17.7% of pixels at the 16-bit ceiling (tolerance 1%)
LS138_s06a_sc08,LS138,62,0.172544,0.183255,0.086422,0.172544,0,17.3% of pixels at the 16-bit ceiling (tolerance 1%)
LS138_s07a_sc00,LS138,64,0.0,0.0,0.0,0.0,1,
LS138_s07a_sc02,LS138,66,2.4e-05,2.7e-05,3.1e-05,2.4e-05,1,
LS138_s07a_sc03,LS138,67,5.5e-05,6.9e-05,0.0,5.5e-05,1,
LS138_s07a_sc04,LS138,68,0.002101,0.002438,0.001628,0.002101,1,
LS138_s07a_sc05,LS138,69,6e-06,7e-06,0.0,6e-06,1,
LS138_s07a_sc06,LS138,70,1.3e-05,1.5e-05,2.7e-05,1.3e-05,1,
LS138_s07a_sc07,LS138,71,0.000221,0.000252,9.7e-05,0.000221,1,
LS138_s08a_sc04,LS138,78,0.205177,0.229398,0.103017,0.205177,0,20.5% of pixels at the 16-bit ceiling (tolerance 1%)
LS138_s08a_sc05,LS138,79,0.182877,0.229836,0.092285,0.182877,0,18.3% of pixels at the 16-bit ceiling (tolerance 1%)
LS138_s09a_sc07,LS138,92,0.261935,0.296678,0.126195,0.261935,0,26.2% of pixels at the 16-bit ceiling (tolerance 1%)
LS138_s09a_sc08,LS138,93,0.197861,0.259371,0.097024,0.197861,0,19.8% of pixels at the 16-bit ceiling (tolerance 1%)
LS22_s01a_sc00,LS22,1,0.000687,0.000747,3e-06,0.000687,1,
LS22_s01a_sc01,LS22,2,0.0,0.0,0.0,0.0,1,
LS22_s01a_sc02,LS22,3,0.001594,0.001963,0.000765,0.001594,1,
LS22_s01a_sc03,LS22,4,0.001309,0.001531,0.0,0.001309,1,
LS22_s01a_sc05,LS22,6,0.002082,0.002489,0.002201,0.002082,1,
LS22_s01a_sc06,LS22,7,0.001043,0.001186,0.0,0.001043,1,
LS22_s01a_sc08,LS22,9,0.000182,0.000191,0.0,0.000182,1,
LS22_s01a_sc09,LS22,10,5e-06,6e-06,0.0,5e-06,1,
LS22_s01a_sc10,LS22,11,0.000542,0.000579,0.000595,0.000542,1,
LS22_s01a_sc12,LS22,13,0.00102,0.00122,0.000478,0.00102,1,
LS22_s02a_sc00,LS22,15,1.7e-05,2e-05,5.8e-05,1.7e-05,1,
LS22_s02a_sc01,LS22,16,0.000601,0.000717,0.0,0.000601,1,
LS22_s02a_sc02,LS22,17,0.000584,0.000765,0.000117,0.000584,1,
LS22_s02a_sc03,LS22,18,0.0,0.0,0.0,0.0,1,
LS22_s02a_sc04,LS22,19,0.0,1e-06,1.9e-05,0.0,1,
LS22_s02a_sc05,LS22,20,0.0,0.0,0.0,0.0,1,
LS22_s02a_sc07,LS22,22,0.00023,0.000323,0.000489,0.00023,1,
LS22_s02a_sc08,LS22,23,0.000247,0.00034,0.000618,0.000247,1,
LS22_s02a_sc09,LS22,24,0.000341,0.000398,0.000412,0.000341,1,
LS22_s02a_sc10,LS22,25,0.000558,0.000735,0.00013,0.000558,1,
LS22_s02a_sc11,LS22,26,0.001269,0.001485,0.000433,0.001269,1,
LS22_s03a_sc00,LS22,27,3.6e-05,4.5e-05,0.000135,3.6e-05,1,
LS22_s03a_sc06,LS22,33,7.8e-05,0.000109,1e-06,7.8e-05,1,
LS22_s03a_sc07,LS22,34,0.000128,0.000163,0.000138,0.000128,1,
LS22_s03a_sc08,LS22,35,0.000775,0.000905,0.000128,0.000775,1,
LS22_s04a_sc00,LS22,37,0.002462,0.0021,0.0,0.002462,1,
LS22_s04a_sc01,LS22,38,0.00179,0.002028,0.0,0.00179,1,
LS22_s04a_sc02,LS22,39,0.000922,0.000111,9.9e-05,0.000922,1,
LS22_s04a_sc03,LS22,40,0.0002,0.0,0.0,0.0002,1,
LS22_s04a_sc05,LS22,42,0.001529,0.0,5e-06,0.001529,1,
LS22_s04a_sc06,LS22,43,0.0,0.0,0.0,0.0,1,
LS22_s05a_sc00,LS22,48,2.7e-05,3.3e-05,0.0,2.7e-05,1,
LS22_s05a_sc01,LS22,49,0.000123,0.000147,5e-06,0.000123,1,
LS22_s05a_sc02,LS22,50,0.000186,0.000222,0.0,0.000186,1,
LS22_s05a_sc04,LS22,52,0.001186,0.001426,0.000969,0.001186,1,
LS22_s06a_sc00,LS22,58,0.0,0.0,0.0,0.0,1,
LS22_s06a_sc01,LS22,59,2e-06,2e-06,3.1e-05,2e-06,1,
LS22_s06a_sc02,LS22,60,0.000536,0.000657,7.8e-05,0.000536,1,
LS22_s06a_sc03,LS22,61,4.7e-05,5.5e-05,0.0,4.7e-05,1,
LS22_s06a_sc04,LS22,62,2.5e-05,3e-05,8.6e-05,2.5e-05,1,
LS22_s06a_sc05,LS22,63,4.6e-05,5.7e-05,0.0,4.6e-05,1,
LS22_s06a_sc06,LS22,64,1.7e-05,2e-05,0.0,1.7e-05,1,
LS22_s06a_sc07,LS22,65,0.000858,0.000992,0.0,0.000858,1,
LS22_s06a_sc08,LS22,66,0.000621,0.000725,0.000112,0.000621,1,
LS22_s07a_sc00,LS22,68,0.001568,0.001862,0.000188,0.001568,1,
LS22_s07a_sc02,LS22,70,0.000179,0.000205,0.000249,0.000179,1,
LS22_s07a_sc05,LS22,73,0.000907,0.000974,0.000236,0.000907,1,
LS22_s08a_sc00,LS22,79,0.000652,0.000893,1e-06,0.000652,1,
LS22_s08a_sc02,LS22,81,0.000321,4.2e-05,1.3e-05,0.000321,1,
LS22_s08a_sc03,LS22,82,0.000977,0.001271,0.0,0.000977,1,
LS22_s08a_sc04,LS22,83,0.000966,0.001177,0.0,0.000966,1,
LS22_s08a_sc05,LS22,84,0.000145,0.00018,0.000153,0.000145,1,
LS22_s08a_sc06,LS22,85,4.2e-05,5.2e-05,6.1e-05,4.2e-05,1,
LS22_s08a_sc07,LS22,86,9.5e-05,0.000115,0.00013,9.5e-05,1,
LS22_s08a_sc08,LS22,87,0.001101,0.001263,3.4e-05,0.001101,1,
LS22_s09a_sc01,LS22,91,0.000246,0.000294,1.3e-05,0.000246,1,
LS22_s09a_sc02,LS22,92,0.000621,0.000725,0.000288,0.000621,1,
LS22_s09a_sc03,LS22,93,0.001076,0.001376,0.000643,0.001076,1,
LS22_s09a_sc04,LS22,94,0.000625,0.000795,0.000773,0.000625,1,
LS22_s09a_sc05,LS22,95,0.000256,0.000316,0.000479,0.000256,1,
LS22_s09a_sc06,LS22,96,0.00026,0.00034,0.000287,0.00026,1,
LS22_s09a_sc12,LS22,102,0.0,0.0,0.0,0.0,1,
LS37_s10a_sc00,LS37,106,0.209713,0.239124,0.109375,0.209713,0,21.0% of pixels at the 16-bit ceiling (tolerance 1%)
LS37_s10a_sc01,LS37,107,0.175898,0.1975,0.095449,0.175898,0,17.6% of pixels at the 16-bit ceiling (tolerance 1%)
LS37_s10a_sc02,LS37,108,0.187979,0.21426,0.097854,0.187979,0,18.8% of pixels at the 16-bit ceiling (tolerance 1%)
LS37_s10a_sc03,LS37,109,0.189266,0.215665,0.096306,0.189266,0,18.9% of pixels at the 16-bit ceiling (tolerance 1%)
LS37_s10a_sc04,LS37,110,0.1904,0.22841,0.093553,0.1904,0,19.0% of pixels at the 16-bit ceiling (tolerance 1%)
LS37_s10a_sc05,LS37,111,0.175348,0.19734,0.091038,0.175348,0,17.5% of pixels at the 16-bit ceiling (tolerance 1%)
LS37_s10a_sc06,LS37,112,0.160344,0.108844,0.084013,0.160344,0,16.0% of pixels at the 16-bit ceiling (tolerance 1%)
LS37_s10a_sc07,LS37,113,0.191024,0.200794,0.095307,0.191024,0,19.1% of pixels at the 16-bit ceiling (tolerance 1%)
LS37_s01a_sc01,LS37,2,0.000349,0.00039,1e-06,0.000349,1,
LS37_s01a_sc02,LS37,3,0.0,0.0,0.0,0.0,1,
LS37_s01a_sc03,LS37,4,0.000397,0.000468,0.0,0.000397,1,
LS37_s01a_sc04,LS37,5,0.002211,0.002631,0.0,0.002211,1,
LS37_s01a_sc05,LS37,6,0.000408,0.000529,0.0,0.000408,1,
LS37_s01a_sc06,LS37,7,0.005251,0.006706,0.0,0.005251,1,
LS37_s01a_sc07,LS37,8,0.000534,0.000357,0.0,0.000534,1,
LS37_s01a_sc08,LS37,9,0.005012,0.006384,7.2e-05,0.005012,1,
LS37_s01a_sc09,LS37,10,0.000618,0.000511,0.0,0.000618,1,
LS37_s01a_sc10,LS37,11,0.000539,0.000806,0.0,0.000539,1,
LS37_s01a_sc11,LS37,12,0.000156,0.000158,2.1e-05,0.000156,1,
LS37_s01a_sc12,LS37,13,0.000132,6e-06,0.0,0.000132,1,
LS37_s02a_sc00,LS37,14,0.199477,0.233311,0.104179,0.199477,0,19.9% of pixels at the 16-bit ceiling (tolerance 1%)
LS37_s02a_sc01,LS37,15,0.199754,0.219934,0.107922,0.199754,0,20.0% of pixels at the 16-bit ceiling (tolerance 1%)
LS37_s02a_sc02,LS37,16,0.206287,0.233561,0.108353,0.206287,0,20.6% of pixels at the 16-bit ceiling (tolerance 1%)
LS37_s02a_sc03,LS37,17,0.202367,0.232584,0.108459,0.202367,0,20.2% of pixels at the 16-bit ceiling (tolerance 1%)
LS37_s02a_sc04,LS37,18,0.212563,0.224559,0.103259,0.212563,0,21.3% of pixels at the 16-bit ceiling (tolerance 1%)
LS37_s02a_sc05,LS37,19,0.221364,0.27096,0.105481,0.221364,0,22.1% of pixels at the 16-bit ceiling (tolerance 1%)
LS37_s02a_sc06,LS37,20,0.192908,0.211543,0.101713,0.192908,0,19.3% of pixels at the 16-bit ceiling (tolerance 1%)
LS37_s02a_sc07,LS37,21,0.201162,0.230514,0.1082,0.201162,0,20.1% of pixels at the 16-bit ceiling (tolerance 1%)
LS37_s02a_sc08,LS37,22,0.199499,0.218192,0.104895,0.199499,0,19.9% of pixels at the 16-bit ceiling (tolerance 1%)
LS37_s02a_sc10,LS37,24,0.177212,0.191123,0.099328,0.177212,0,17.7% of pixels at the 16-bit ceiling (tolerance 1%)
LS37_s03a_sc01,LS37,27,0.0,0.0,0.0,0.0,1,
LS37_s03a_sc02,LS37,28,0.000105,0.000121,0.0,0.000105,1,
LS37_s03a_sc03,LS37,29,0.0,0.0,0.0,0.0,1,
LS37_s03a_sc04,LS37,30,9.4e-05,0.000112,6.9e-05,9.4e-05,1,
LS37_s03a_sc05,LS37,31,0.0,0.0,0.0,0.0,1,
LS37_s03a_sc06,LS37,32,0.0,0.0,0.0,0.0,1,
LS37_s03a_sc07,LS37,33,0.000335,0.000387,0.0,0.000335,1,
LS37_s04a_sc00,LS37,37,0.000319,0.000382,0.000424,0.000319,1,
LS37_s04a_sc02,LS37,39,0.001683,0.002141,0.0,0.001683,1,
LS37_s04a_sc03,LS37,40,0.000397,0.00049,0.0,0.000397,1,
LS37_s04a_sc04,LS37,41,0.001649,0.002169,3.8e-05,0.001649,1,
LS37_s04a_sc05,LS37,42,0.000302,0.000326,0.0,0.000302,1,
LS37_s04a_sc06,LS37,43,0.0,0.0,0.0,0.0,1,
LS37_s04a_sc08,LS37,45,7.3e-05,9.6e-05,0.000142,7.3e-05,1,
LS37_s04a_sc09,LS37,46,4.3e-05,5.1e-05,0.000164,4.3e-05,1,
LS37_s04a_sc10,LS37,47,6.5e-05,8.3e-05,0.000158,6.5e-05,1,
LS37_s04a_sc11,LS37,48,0.000423,0.000524,0.000233,0.000423,1,
LS37_s05a_sc00,LS37,49,3.9e-05,4.5e-05,0.0,3.9e-05,1,
LS37_s05a_sc01,LS37,50,0.0,0.0,0.0,0.0,1,
LS37_s05a_sc03,LS37,52,0.000136,0.000202,0.0,0.000136,1,
LS37_s05a_sc04,LS37,53,0.000188,0.000235,0.000103,0.000188,1,
LS37_s05a_sc05,LS37,54,0.000198,3.7e-05,0.0,0.000198,1,
LS37_s05a_sc06,LS37,55,2.4e-05,3.2e-05,6e-05,2.4e-05,1,
LS37_s05a_sc07,LS37,56,0.000651,0.000807,0.0,0.000651,1,
LS37_s05a_sc08,LS37,57,0.000349,0.00042,0.000418,0.000349,1,
LS37_s06a_sc00,LS37,60,0.000369,0.0004,3.4e-05,0.000369,1,
LS37_s06a_sc01,LS37,61,8e-06,9e-06,3.1e-05,8e-06,1,
LS37_s06a_sc02,LS37,62,0.0,0.0,0.0,0.0,1,
LS37_s06a_sc03,LS37,63,8.9e-05,0.000107,7.6e-05,8.9e-05,1,
LS37_s06a_sc04,LS37,64,3.6e-05,4.3e-05,8.2e-05,3.6e-05,1,
LS37_s06a_sc05,LS37,65,0.00011,0.000135,0.00015,0.00011,1,
LS37_s06a_sc06,LS37,66,0.000399,0.000488,0.000114,0.000399,1,
LS37_s06a_sc07,LS37,67,0.000405,0.000481,0.000401,0.000405,1,
LS37_s06a_sc08,LS37,68,6e-06,9e-06,0.0,6e-06,1,
LS37_s07a_sc00,LS37,72,0.000276,0.000357,4.7e-05,0.000276,1,
LS37_s07a_sc02,LS37,74,0.000131,0.0002,0.000109,0.000131,1,
LS37_s07a_sc03,LS37,75,0.001547,0.001144,4.9e-05,0.001547,1,
LS37_s07a_sc04,LS37,76,0.00043,0.000281,0.000242,0.00043,1,
LS37_s07a_sc05,LS37,77,0.000184,0.00016,0.0,0.000184,1,
LS37_s07a_sc06,LS37,78,0.000277,0.000482,7.3e-05,0.000277,1,
LS37_s07a_sc07,LS37,79,0.000273,0.000218,0.000134,0.000273,1,
LS37_s08a_sc00,LS37,82,0.000359,0.000417,1e-06,0.000359,1,
LS37_s08a_sc02,LS37,84,0.000378,4.1e-05,0.0,0.000378,1,
LS37_s08a_sc03,LS37,85,0.000152,0.000216,6.4e-05,0.000152,1,
LS37_s08a_sc05,LS37,87,4.4e-05,5.9e-05,5.3e-05,4.4e-05,1,
LS37_s08a_sc07,LS37,89,0.001097,0.001567,0.0,0.001097,1,
LS37_s08a_sc08,LS37,90,0.000342,0.0002,0.000201,0.000342,1,
LS37_s09a_sc00,LS37,94,6.8e-05,7.8e-05,9.9e-05,6.8e-05,1,
LS37_s09a_sc01,LS37,95,2.7e-05,3.2e-05,0.000218,2.7e-05,1,
LS37_s09a_sc02,LS37,96,0.000331,0.000377,0.000149,0.000331,1,
LS37_s09a_sc03,LS37,97,0.000133,0.000153,0.0,0.000133,1,
LS37_s09a_sc05,LS37,99,0.000551,0.000649,0.0,0.000551,1,
LS37_s09a_sc07,LS37,101,1e-06,1e-06,1.5e-05,1e-06,1,
LS37_s09a_sc09,LS37,103,0.000207,0.000226,0.000454,0.000207,1,
LS37_s09a_sc10,LS37,104,0.000122,0.00014,0.0,0.000122,1,
LS45_s10a_sc00,LS45,108,1.7e-05,2.1e-05,2.5e-05,1.7e-05,1,
LS45_s10a_sc02,LS45,110,0.00086,0.001274,0.0,0.00086,1,
LS45_s10a_sc03,LS45,111,0.000934,0.000404,0.0,0.000934,1,
LS45_s10a_sc05,LS45,113,0.000293,4e-06,0.0,0.000293,1,
LS45_s10a_sc06,LS45,114,0.000103,0.00012,2.3e-05,0.000103,1,
LS45_s10a_sc07,LS45,115,0.0,0.0,0.0,0.0,1,
LS45_s10a_sc08,LS45,116,0.001253,0.001108,0.0,0.001253,1,
LS45_s01a_sc00,LS45,1,0.266418,0.305674,0.126269,0.266418,0,26.6% of pixels at the 16-bit ceiling (tolerance 1%)
LS45_s01a_sc01,LS45,2,0.298952,0.298623,0.139789,0.298952,0,29.9% of pixels at the 16-bit ceiling (tolerance 1%)
LS45_s01a_sc02,LS45,3,0.283875,0.333768,0.141625,0.283875,0,28.4% of pixels at the 16-bit ceiling (tolerance 1%)
LS45_s01a_sc03,LS45,4,0.298767,0.27182,0.143175,0.298767,0,29.9% of pixels at the 16-bit ceiling (tolerance 1%)
LS45_s01a_sc04,LS45,5,0.291482,0.263639,0.132788,0.291482,0,29.1% of pixels at the 16-bit ceiling (tolerance 1%)
LS45_s01a_sc05,LS45,6,0.275956,0.206615,0.140906,0.275956,0,27.6% of pixels at the 16-bit ceiling (tolerance 1%)
LS45_s01a_sc06,LS45,7,0.318951,0.330867,0.154178,0.318951,0,31.9% of pixels at the 16-bit ceiling (tolerance 1%)
LS45_s01a_sc07,LS45,8,0.257581,0.118797,0.13715,0.257581,0,25.8% of pixels at the 16-bit ceiling (tolerance 1%)
LS45_s01a_sc08,LS45,9,0.241237,0.216724,0.122494,0.241237,0,24.1% of pixels at the 16-bit ceiling (tolerance 1%)
LS45_s01a_sc09,LS45,10,0.299584,0.02547,0.154612,0.299584,0,30.0% of pixels at the 16-bit ceiling (tolerance 1%)
LS45_s01a_sc10,LS45,11,0.276274,0.123432,0.143437,0.276274,0,27.6% of pixels at the 16-bit ceiling (tolerance 1%)
LS45_s01a_sc11,LS45,12,0.245399,0.191293,0.135704,0.245399,0,24.5% of pixels at the 16-bit ceiling (tolerance 1%)
LS45_s01a_sc12,LS45,13,0.267797,0.291928,0.134706,0.267797,0,26.8% of pixels at the 16-bit ceiling (tolerance 1%)
LS45_s01a_sc13,LS45,14,0.221077,0.269877,0.11763,0.221077,0,22.1% of pixels at the 16-bit ceiling (tolerance 1%)
LS45_s01a_sc14,LS45,15,0.283137,0.343392,0.136108,0.283137,0,28.3% of pixels at the 16-bit ceiling (tolerance 1%)
LS45_s02a_sc00,LS45,16,0.23057,0.243903,0.125064,0.23057,0,23.1% of pixels at the 16-bit ceiling (tolerance 1%)
LS45_s02a_sc01,LS45,17,0.29329,0.303488,0.142764,0.29329,0,29.3% of pixels at the 16-bit ceiling (tolerance 1%)
LS45_s02a_sc02,LS45,18,0.302282,0.275519,0.158514,0.302282,0,30.2% of pixels at the 16-bit ceiling (tolerance 1%)
LS45_s02a_sc05,LS45,21,0.284996,0.271787,0.131046,0.284996,0,28.5% of pixels at the 16-bit ceiling (tolerance 1%)
LS45_s02a_sc06,LS45,22,0.28667,0.263537,0.126699,0.28667,0,28.7% of pixels at the 16-bit ceiling (tolerance 1%)
LS45_s02a_sc08,LS45,24,0.286852,0.274548,0.14214,0.286852,0,28.7% of pixels at the 16-bit ceiling (tolerance 1%)
LS45_s02a_sc09,LS45,25,0.328848,0.280932,0.162129,0.328848,0,32.9% of pixels at the 16-bit ceiling (tolerance 1%)
LS45_s02a_sc10,LS45,26,0.292001,0.329508,0.142078,0.292001,0,29.2% of pixels at the 16-bit ceiling (tolerance 1%)
LS45_s02a_sc12,LS45,28,0.239469,0.282588,0.111635,0.239469,0,23.9% of pixels at the 16-bit ceiling (tolerance 1%)
LS45_s02a_sc13,LS45,29,0.290119,0.296558,0.146126,0.290119,0,29.0% of pixels at the 16-bit ceiling (tolerance 1%)
LS45_s03a_sc01,LS45,31,6.2e-05,6.7e-05,0.0,6.2e-05,1,
LS45_s03a_sc02,LS45,32,0.000176,0.000198,6.9e-05,0.000176,1,
LS45_s03a_sc03,LS45,33,0.00015,0.000165,0.000108,0.00015,1,
LS45_s03a_sc04,LS45,34,0.0004,0.000511,0.0,0.0004,1,
LS45_s03a_sc05,LS45,35,1e-05,1.1e-05,4.5e-05,1e-05,1,
LS45_s03a_sc06,LS45,36,4.4e-05,5.1e-05,0.00015,4.4e-05,1,
LS45_s03a_sc07,LS45,37,0.001511,0.002225,3.3e-05,0.001511,1,
LS45_s03a_sc08,LS45,38,0.000495,0.000597,0.0,0.000495,1,
LS45_s03a_sc09,LS45,39,0.006545,0.007702,0.003399,0.006545,1,
LS45_s03a_sc10,LS45,40,1.1e-05,1.2e-05,6.5e-05,1.1e-05,1,
LS45_s03a_sc12,LS45,42,5.3e-05,5.9e-05,7.3e-05,5.3e-05,1,
LS45_s03a_sc13,LS45,43,5.6e-05,6.7e-05,0.000128,5.6e-05,1,
LS45_s04a_sc00,LS45,44,0.000625,0.000793,0.00094,0.000625,1,
LS45_s04a_sc03,LS45,47,0.000148,0.000179,1.3e-05,0.000148,1,
LS45_s04a_sc04,LS45,48,0.0,0.0,1e-06,0.0,1,
LS45_s04a_sc05,LS45,49,0.000154,0.00017,3.5e-05,0.000154,1,
LS45_s04a_sc06,LS45,50,0.000127,0.000154,0.000149,0.000127,1,
LS45_s04a_sc08,LS45,52,9.5e-05,0.000112,6.7e-05,9.5e-05,1,
LS45_s04a_sc09,LS45,53,0.000188,0.000212,0.0,0.000188,1,
LS45_s05a_sc00,LS45,57,9.2e-05,0.000112,0.0,9.2e-05,1,
LS45_s05a_sc01,LS45,58,7.5e-05,8.9e-05,8e-06,7.5e-05,1,
LS45_s05a_sc02,LS45,59,0.000318,0.000419,9e-06,0.000318,1,
LS45_s05a_sc03,LS45,60,1.1e-05,1.3e-05,4.5e-05,1.1e-05,1,
LS45_s05a_sc05,LS45,62,0.000241,0.000303,0.000449,0.000241,1,
LS45_s06a_sc01,LS45,68,3.9e-05,4.5e-05,0.000128,3.9e-05,1,
LS45_s06a_sc02,LS45,69,0.003989,0.004541,0.003121,0.003989,1,
LS45_s06a_sc03,LS45,70,0.00021,0.00031,7.6e-05,0.00021,1,
LS45_s06a_sc04,LS45,71,0.000137,0.00017,0.000282,0.000137,1,
LS45_s06a_sc05,LS45,72,0.000217,0.000327,0.000389,0.000217,1,
LS45_s06a_sc06,LS45,73,0.002447,0.00339,0.001942,0.002447,1,
LS45_s06a_sc09,LS45,76,0.000223,0.000298,0.000109,0.000223,1,
LS45_s07a_sc00,LS45,77,1e-06,2e-06,2e-05,1e-06,1,
LS45_s07a_sc01,LS45,78,5.7e-05,6.6e-05,0.000126,5.7e-05,1,
LS45_s08a_sc01,LS45,87,9.7e-05,0.00013,0.0,9.7e-05,1,
LS45_s08a_sc02,LS45,88,0.000109,0.000201,0.0,0.000109,1,
LS45_s08a_sc03,LS45,89,0.0,0.0,0.0,0.0,1,
LS45_s08a_sc04,LS45,90,0.0,0.0,0.0,0.0,1,
LS45_s08a_sc05,LS45,91,0.0,0.0,0.0,0.0,1,
LS45_s08a_sc07,LS45,93,0.00036,0.000405,2.3e-05,0.00036,1,
LS45_s09a_sc00,LS45,96,0.0,0.0,0.0,0.0,1,
LS45_s09a_sc02,LS45,98,4.1e-05,4.7e-05,4.7e-05,4.1e-05,1,
LS45_s09a_sc03,LS45,99,0.0,0.0,0.0,0.0,1,
LS45_s09a_sc04,LS45,100,0.0,0.0,0.0,0.0,1,
LS45_s09a_sc05,LS45,101,0.0,0.0,0.0,0.0,1,
LS45_s09a_sc06,LS45,102,0.0,0.0,0.0,0.0,1,
LS45_s09a_sc07,LS45,103,0.0,0.0,0.0,0.0,1,
LS45_s09a_sc09,LS45,105,0.0,0.0,0.0,0.0,1,
LS45_s09a_sc11,LS45,107,0.0,0.0,0.0,0.0,1,
LS53_s02b_sc00,LS53,1,0.259737,0.303896,0.127353,0.259737,0,26.0% of pixels at the 16-bit ceiling (tolerance 1%)
LS53_s02b_sc01,LS53,2,0.288924,0.331685,0.14839,0.288924,0,28.9% of pixels at the 16-bit ceiling (tolerance 1%)
LS53_s02b_sc03,LS53,4,0.213923,0.283479,0.101815,0.213923,0,21.4% of pixels at the 16-bit ceiling (tolerance 1%)
LS53_s02b_sc04,LS53,5,0.239823,0.240195,0.140218,0.239823,0,24.0% of pixels at the 16-bit ceiling (tolerance 1%)
LS53_s05b_sc00,LS53,13,0.175527,0.212671,0.083492,0.175527,0,17.6% of pixels at the 16-bit ceiling (tolerance 1%)
LS53_s05b_sc01,LS53,14,0.166683,0.200628,0.082529,0.166683,0,16.7% of pixels at the 16-bit ceiling (tolerance 1%)
LS53_s05b_sc02,LS53,15,0.199641,0.222058,0.100014,0.199641,0,20.0% of pixels at the 16-bit ceiling (tolerance 1%)
LS53_s05b_sc03,LS53,16,0.1949,0.229504,0.101131,0.1949,0,19.5% of pixels at the 16-bit ceiling (tolerance 1%)
LS53_s05b_sc04,LS53,17,0.159057,0.178832,0.081834,0.159057,0,15.9% of pixels at the 16-bit ceiling (tolerance 1%)
LS53_s05b_sc05,LS53,18,0.179557,0.219464,0.095565,0.179557,0,18.0% of pixels at the 16-bit ceiling (tolerance 1%)
LS53_s05b_sc06,LS53,19,0.198654,0.228469,0.098354,0.198654,0,19.9% of pixels at the 16-bit ceiling (tolerance 1%)
LS53_s05b_sc07,LS53,20,0.183389,0.20679,0.09105,0.183389,0,18.3% of pixels at the 16-bit ceiling (tolerance 1%)
LS53_s05b_sc08,LS53,21,0.140976,0.159569,0.072918,0.140976,0,14.1% of pixels at the 16-bit ceiling (tolerance 1%)
LS61_s01a_sc02,LS61,3,3e-06,3e-06,1.1e-05,3e-06,1,
LS61_s01a_sc03,LS61,4,0.0,0.0,0.0,0.0,1,
LS61_s01a_sc05,LS61,6,4.1e-05,4.1e-05,0.000144,4.1e-05,1,
LS61_s01a_sc06,LS61,7,0.000538,0.000707,0.000111,0.000538,1,
LS61_s01a_sc07,LS61,8,1e-06,1e-06,0.0,1e-06,1,
LS61_s01a_sc09,LS61,10,0.000105,0.000139,0.000355,0.000105,1,
LS61_s01a_sc11,LS61,12,0.000195,0.000255,0.000379,0.000195,1,
LS61_s02a_sc01,LS61,17,7.7e-05,8.3e-05,0.000231,7.7e-05,1,
LS61_s02a_sc03,LS61,19,0.000975,0.001136,0.000389,0.000975,1,
LS61_s02a_sc05,LS61,21,0.000191,0.000241,0.000212,0.000191,1,
LS61_s03a_sc00,LS61,28,0.000867,0.001009,0.000244,0.000867,1,
LS61_s03a_sc01,LS61,29,0.002382,0.002714,0.0,0.002382,1,
LS61_s03a_sc03,LS61,31,0.000235,0.000274,0.000172,0.000235,1,
LS61_s03a_sc05,LS61,33,0.000897,0.001085,8.2e-05,0.000897,1,
LS61_s03a_sc06,LS61,34,0.001624,0.0021,0.000116,0.001624,1,
LS61_s03a_sc07,LS61,35,0.000697,0.000939,0.000497,0.000697,1,
LS61_s03a_sc08,LS61,36,0.000169,0.000218,0.0,0.000169,1,
LS61_s03a_sc09,LS61,37,0.000549,0.000642,0.0,0.000549,1,
LS61_s03a_sc10,LS61,38,0.000557,0.000773,0.000257,0.000557,1,
LS61_s03a_sc11,LS61,39,0.01064,0.012553,0.005135,0.01064,0,1.1% of pixels at the 16-bit ceiling (tolerance 1%)
LS61_s03a_sc12,LS61,40,0.000172,0.000185,0.000361,0.000172,1,
LS61_s04a_sc01,LS61,43,1.1e-05,1.2e-05,6.1e-05,1.1e-05,1,
LS61_s04a_sc02,LS61,44,0.000186,0.000236,0.000188,0.000186,1,
LS61_s04a_sc03,LS61,45,4.8e-05,5.8e-05,2.9e-05,4.8e-05,1,
LS61_s04a_sc04,LS61,46,1e-05,1.2e-05,5.9e-05,1e-05,1,
LS61_s04a_sc05,LS61,47,1e-06,2e-06,0.0,1e-06,1,
LS61_s04a_sc06,LS61,48,1.8e-05,2.1e-05,7.6e-05,1.8e-05,1,
LS61_s04a_sc07,LS61,49,0.000108,0.00014,0.000107,0.000108,1,
LS61_s04a_sc08,LS61,50,0.0,0.0,0.0,0.0,1,
LS61_s04a_sc09,LS61,51,0.000595,0.000776,8e-05,0.000595,1,
LS61_s04a_sc10,LS61,52,0.001115,0.001341,0.00102,0.001115,1,
LS61_s05a_sc00,LS61,53,8.2e-05,0.000101,0.0,8.2e-05,1,
LS61_s05a_sc01,LS61,54,2e-06,3e-06,1.6e-05,2e-06,1,
LS61_s05a_sc02,LS61,55,0.000127,0.000161,0.0,0.000127,1,
LS61_s05a_sc03,LS61,56,0.000101,0.000122,9.8e-05,0.000101,1,
LS61_s05a_sc07,LS61,60,0.0,0.0,0.0,0.0,1,
LS61_s05a_sc08,LS61,61,0.000175,0.000191,6e-06,0.000175,1,
LS61_s06a_sc00,LS61,65,0.000103,0.00012,6e-06,0.000103,1,
LS61_s06a_sc01,LS61,66,0.000231,0.000294,0.00016,0.000231,1,
LS61_s06a_sc02,LS61,67,3.6e-05,3.9e-05,4.4e-05,3.6e-05,1,
LS61_s06a_sc05,LS61,70,0.000339,0.00039,8.2e-05,0.000339,1,
LS61_s06a_sc07,LS61,72,4.6e-05,5.8e-05,5.3e-05,4.6e-05,1,
LS61_s07a_sc05,LS61,81,0.000349,0.00039,0.00059,0.000349,1,
LS61_s07a_sc06,LS61,82,1.3e-05,1.6e-05,0.0,1.3e-05,1,
LS61_s07a_sc07,LS61,83,1e-06,1e-06,0.0,1e-06,1,
LS61_s08a_sc00,LS61,87,0.002431,0.003046,2e-05,0.002431,1,
LS61_s08a_sc03,LS61,90,0.0,0.0,1e-06,0.0,1,
LS61_s09a_sc01,LS61,95,0.000303,0.000347,0.0,0.000303,1,
LS61_s09a_sc02,LS61,96,0.000134,0.000159,0.0,0.000134,1,
LS61_s09a_sc03,LS61,97,0.003313,0.003958,0.002787,0.003313,1,
LS61_s09a_sc04,LS61,98,0.000498,0.000576,0.0,0.000498,1,
LS61_s09a_sc05,LS61,99,4e-06,5e-06,0.0,4e-06,1,
LS61_s09a_sc06,LS61,100,8.5e-05,0.000104,9e-05,8.5e-05,1,
LS69_s01a_sc00,LS69,1,5.1e-05,5.1e-05,9e-06,5.1e-05,1,
LS69_s01a_sc01,LS69,2,0.0,0.0,0.0,0.0,1,
LS69_s01a_sc02,LS69,3,0.0,0.0,1.5e-05,0.0,1,
LS69_s01a_sc03,LS69,4,1.7e-05,1.7e-05,0.0,1.7e-05,1,
LS69_s01a_sc04,LS69,5,0.000353,0.000412,0.000638,0.000353,1,
LS69_s01a_sc05,LS69,6,0.0,0.0,0.0,0.0,1,
LS69_s01a_sc06,LS69,7,2.8e-05,4e-05,0.000118,2.8e-05,1,
LS69_s01a_sc08,LS69,9,0.000163,0.000219,0.0,0.000163,1,
LS69_s01a_sc10,LS69,11,1.4e-05,1.8e-05,0.0,1.4e-05,1,
LS69_s01a_sc11,LS69,12,0.000146,0.000199,0.0,0.000146,1,
LS69_s01a_sc12,LS69,13,0.0,0.0,0.0,0.0,1,
LS69_s01a_sc13,LS69,14,7.6e-05,8.5e-05,0.0,7.6e-05,1,
LS69_s02a_sc00,LS69,17,0.000364,0.000422,6.3e-05,0.000364,1,
LS69_s02a_sc01,LS69,18,0.0,0.0,0.0,0.0,1,
LS69_s02a_sc02,LS69,19,0.0015,0.001728,0.000123,0.0015,1,
LS69_s02a_sc04,LS69,21,0.000518,0.00065,0.0,0.000518,1,
LS69_s02a_sc06,LS69,23,0.000167,0.000182,0.0,0.000167,1,
LS69_s02a_sc08,LS69,25,0.001253,0.001636,0.0,0.001253,1,
LS69_s02a_sc09,LS69,26,0.0,0.0,7e-06,0.0,1,
LS69_s02a_sc11,LS69,28,6.9e-05,8.9e-05,9.9e-05,6.9e-05,1,
LS69_s03a_sc04,LS69,36,0.259737,0.282169,0.131086,0.259737,0,26.0% of pixels at the 16-bit ceiling (tolerance 1%)
LS69_s03a_sc06,LS69,38,0.216797,0.241556,0.117752,0.216797,0,21.7% of pixels at the 16-bit ceiling (tolerance 1%)
LS69_s03a_sc07,LS69,39,0.214369,0.260633,0.105838,0.214369,0,21.4% of pixels at the 16-bit ceiling (tolerance 1%)
LS69_s03a_sc08,LS69,40,0.198846,0.232567,0.097318,0.198846,0,19.9% of pixels at the 16-bit ceiling (tolerance 1%)
LS69_s03a_sc10,LS69,42,0.193651,0.222418,0.093086,0.193651,0,19.4% of pixels at the 16-bit ceiling (tolerance 1%)
LS69_s03a_sc11,LS69,43,0.201197,0.233738,0.095691,0.201197,0,20.1% of pixels at the 16-bit ceiling (tolerance 1%)
LS69_s04a_sc02,LS69,46,0.220831,0.201204,0.113783,0.220831,0,22.1% of pixels at the 16-bit ceiling (tolerance 1%)
LS69_s04a_sc03,LS69,47,0.197815,0.181324,0.10052,0.197815,0,19.8% of pixels at the 16-bit ceiling (tolerance 1%)
LS69_s04a_sc05,LS69,49,0.218854,0.2182,0.11125,0.218854,0,21.9% of pixels at the 16-bit ceiling (tolerance 1%)
LS69_s04a_sc06,LS69,50,0.228931,0.24191,0.110586,0.228931,0,22.9% of pixels at the 16-bit ceiling (tolerance 1%)
LS69_s04a_sc07,LS69,51,0.230142,0.264351,0.110941,0.230142,0,23.0% of pixels at the 16-bit ceiling (tolerance 1%)
LS69_s04a_sc08,LS69,52,0.193447,0.242831,0.095896,0.193447,0,19.3% of pixels at the 16-bit ceiling (tolerance 1%)
LS69_s04a_sc09,LS69,53,0.208876,0.253807,0.102422,0.208876,0,20.9% of pixels at the 16-bit ceiling (tolerance 1%)
LS69_s04a_sc10,LS69,54,0.189899,0.230521,0.093144,0.189899,0,19.0% of pixels at the 16-bit ceiling (tolerance 1%)
LS69_s04a_sc11,LS69,55,0.217775,0.281544,0.105314,0.217775,0,21.8% of pixels at the 16-bit ceiling (tolerance 1%)
LS69_s05a_sc01,LS69,57,0.186935,0.237737,0.088286,0.186935,0,18.7% of pixels at the 16-bit ceiling (tolerance 1%)
LS69_s05a_sc03,LS69,59,0.180682,0.194206,0.094911,0.180682,0,18.1% of pixels at the 16-bit ceiling (tolerance 1%)
LS69_s05a_sc04,LS69,60,0.168515,0.221682,0.084945,0.168515,0,16.9% of pixels at the 16-bit ceiling (tolerance 1%)
LS69_s05a_sc05,LS69,61,0.180022,0.217451,0.09466,0.180022,0,18.0% of pixels at the 16-bit ceiling (tolerance 1%)
LS69_s06a_sc00,LS69,64,0.203323,0.219131,0.105879,0.203323,0,20.3% of pixels at the 16-bit ceiling (tolerance 1%)
LS69_s06a_sc01,LS69,65,0.206504,0.239668,0.10748,0.206504,0,20.7% of pixels at the 16-bit ceiling (tolerance 1%)
LS69_s06a_sc02,LS69,66,0.176917,0.197122,0.094645,0.176917,0,17.7% of pixels at the 16-bit ceiling (tolerance 1%)
LS69_s06a_sc03,LS69,67,0.303922,0.316977,0.155385,0.303922,0,30.4% of pixels at the 16-bit ceiling (tolerance 1%)
LS69_s06a_sc04,LS69,68,0.216137,0.248792,0.109933,0.216137,0,21.6% of pixels at the 16-bit ceiling (tolerance 1%)
LS69_s06a_sc05,LS69,69,0.506283,0.539739,0.239956,0.506283,0,50.6% of pixels at the 16-bit ceiling (tolerance 1%)
LS69_s06a_sc10,LS69,74,0.207251,0.259888,0.10419,0.207251,0,20.7% of pixels at the 16-bit ceiling (tolerance 1%)
LS69_s07a_sc01,LS69,77,0.203353,0.220398,0.103481,0.203353,0,20.3% of pixels at the 16-bit ceiling (tolerance 1%)
LS69_s07a_sc02,LS69,78,0.184976,0.193961,0.097149,0.184976,0,18.5% of pixels at the 16-bit ceiling (tolerance 1%)
LS69_s07a_sc03,LS69,79,0.21329,0.217419,0.110481,0.21329,0,21.3% of pixels at the 16-bit ceiling (tolerance 1%)
LS69_s07a_sc05,LS69,81,0.242624,0.267035,0.124783,0.242624,0,24.3% of pixels at the 16-bit ceiling (tolerance 1%)
LS69_s07a_sc06,LS69,82,0.211532,0.213451,0.105947,0.211532,0,21.2% of pixels at the 16-bit ceiling (tolerance 1%)
LS69_s07a_sc07,LS69,83,0.195388,0.223847,0.101816,0.195388,0,19.5% of pixels at the 16-bit ceiling (tolerance 1%)
LS69_s07a_sc08,LS69,84,0.186518,0.205539,0.090076,0.186518,0,18.7% of pixels at the 16-bit ceiling (tolerance 1%)
LS69_s07a_sc09,LS69,85,0.248301,0.282607,0.124619,0.248301,0,24.8% of pixels at the 16-bit ceiling (tolerance 1%)
LS69_s08a_sc00,LS69,88,0.223726,0.259412,0.104213,0.223726,0,22.4% of pixels at the 16-bit ceiling (tolerance 1%)
LS69_s08a_sc03,LS69,91,0.234182,0.245498,0.118703,0.234182,0,23.4% of pixels at the 16-bit ceiling (tolerance 1%)
LS69_s08a_sc04,LS69,92,0.258927,0.276879,0.132745,0.258927,0,25.9% of pixels at the 16-bit ceiling (tolerance 1%)
LS69_s08a_sc05,LS69,93,0.275257,0.277603,0.142092,0.275257,0,27.5% of pixels at the 16-bit ceiling (tolerance 1%)
LS69_s08a_sc06,LS69,94,0.231656,0.266149,0.103249,0.231656,0,23.2% of pixels at the 16-bit ceiling (tolerance 1%)
LS69_s08a_sc07,LS69,95,0.25012,0.240152,0.1338,0.25012,0,25.0% of pixels at the 16-bit ceiling (tolerance 1%)
LS69_s08a_sc09,LS69,97,0.229999,0.255834,0.112181,0.229999,0,23.0% of pixels at the 16-bit ceiling (tolerance 1%)
LS69_s09a_sc00,LS69,101,0.0,0.0,0.0,0.0,1,
LS69_s09a_sc04,LS69,105,3e-06,5e-06,0.0,3e-06,1,
LS69_s09a_sc05,LS69,106,0.000224,0.0,7.4e-05,0.000224,1,
LS69_s09a_sc07,LS69,108,0.00037,0.000677,0.000551,0.00037,1,
LS85_s10a_sc00,LS85,91,0.237994,0.25041,0.117059,0.237994,0,23.8% of pixels at the 16-bit ceiling (tolerance 1%)
LS85_s10a_sc01,LS85,92,0.210978,0.252184,0.101745,0.210978,0,21.1% of pixels at the 16-bit ceiling (tolerance 1%)
LS85_s10a_sc06,LS85,97,0.207059,0.255252,0.102388,0.207059,0,20.7% of pixels at the 16-bit ceiling (tolerance 1%)
LS85_s10a_sc07,LS85,98,0.217888,0.244855,0.112685,0.217888,0,21.8% of pixels at the 16-bit ceiling (tolerance 1%)
LS85_s01a_sc00,LS85,1,0.2723,0.328498,0.125024,0.2723,0,27.2% of pixels at the 16-bit ceiling (tolerance 1%)
LS85_s01a_sc04,LS85,5,0.226465,0.244898,0.124218,0.226465,0,22.6% of pixels at the 16-bit ceiling (tolerance 1%)
LS85_s01a_sc06,LS85,7,0.245209,0.286192,0.113492,0.245209,0,24.5% of pixels at the 16-bit ceiling (tolerance 1%)
LS85_s02a_sc05,LS85,13,9.8e-05,0.000114,0.0001,9.8e-05,1,
LS85_s02a_sc06,LS85,14,0.0,0.0,0.0,0.0,1,
LS85_s02a_sc09,LS85,17,4.5e-05,5.6e-05,0.000129,4.5e-05,1,
LS85_s03a_sc01,LS85,19,0.215395,0.256569,0.103089,0.215395,0,21.5% of pixels at the 16-bit ceiling (tolerance 1%)
LS85_s03a_sc03,LS85,21,0.255209,0.270361,0.12543,0.255209,0,25.5% of pixels at the 16-bit ceiling (tolerance 1%)
LS85_s03a_sc05,LS85,23,0.244389,0.246444,0.137152,0.244389,0,24.4% of pixels at the 16-bit ceiling (tolerance 1%)
LS85_s03a_sc06,LS85,24,0.241252,0.275423,0.124805,0.241252,0,24.1% of pixels at the 16-bit ceiling (tolerance 1%)
LS85_s03a_sc07,LS85,25,0.220094,0.262357,0.1044,0.220094,0,22.0% of pixels at the 16-bit ceiling (tolerance 1%)
LS85_s03a_sc09,LS85,27,0.242555,0.257686,0.122377,0.242555,0,24.3% of pixels at the 16-bit ceiling (tolerance 1%)
LS85_s04a_sc02,LS85,32,0.242048,0.287523,0.110174,0.242048,0,24.2% of pixels at the 16-bit ceiling (tolerance 1%)
LS85_s04a_sc03,LS85,33,0.230775,0.262529,0.110441,0.230775,0,23.1% of pixels at the 16-bit ceiling (tolerance 1%)
LS85_s04a_sc04,LS85,34,0.232435,0.265961,0.115188,0.232435,0,23.2% of pixels at the 16-bit ceiling (tolerance 1%)
LS85_s04a_sc06,LS85,36,0.214055,0.252649,0.105701,0.214055,0,21.4% of pixels at the 16-bit ceiling (tolerance 1%)
LS85_s04a_sc07,LS85,37,0.210317,0.261091,0.09533,0.210317,0,21.0% of pixels at the 16-bit ceiling (tolerance 1%)
LS85_s04a_sc08,LS85,38,0.239335,0.284515,0.114157,0.239335,0,23.9% of pixels at the 16-bit ceiling (tolerance 1%)
LS85_s04a_sc09,LS85,39,0.144576,0.174362,0.077943,0.144576,0,14.5% of pixels at the 16-bit ceiling (tolerance 1%)
LS85_s04a_sc10,LS85,40,0.190103,0.241987,0.096932,0.190103,0,19.0% of pixels at the 16-bit ceiling (tolerance 1%)
LS85_s05a_sc00,LS85,41,0.224161,0.265177,0.109996,0.224161,0,22.4% of pixels at the 16-bit ceiling (tolerance 1%)
LS85_s05a_sc01,LS85,42,0.202544,0.228447,0.103194,0.202544,0,20.3% of pixels at the 16-bit ceiling (tolerance 1%)
LS85_s05a_sc02,LS85,43,0.196234,0.216314,0.105991,0.196234,0,19.6% of pixels at the 16-bit ceiling (tolerance 1%)
LS85_s05a_sc03,LS85,44,0.190921,0.202236,0.101361,0.190921,0,19.1% of pixels at the 16-bit ceiling (tolerance 1%)
LS85_s05a_sc04,LS85,45,0.195058,0.221961,0.094438,0.195058,0,19.5% of pixels at the 16-bit ceiling (tolerance 1%)
LS85_s05a_sc05,LS85,46,0.202158,0.234262,0.101853,0.202158,0,20.2% of pixels at the 16-bit ceiling (tolerance 1%)
LS85_s05a_sc06,LS85,47,0.162334,0.164968,0.090388,0.162334,0,16.2% of pixels at the 16-bit ceiling (tolerance 1%)
LS85_s05a_sc07,LS85,48,0.217424,0.255662,0.106084,0.217424,0,21.7% of pixels at the 16-bit ceiling (tolerance 1%)
LS85_s06a_sc00,LS85,51,0.187593,0.218884,0.099406,0.187593,0,18.8% of pixels at the 16-bit ceiling (tolerance 1%)
LS85_s06a_sc01,LS85,52,0.166619,0.195445,0.086837,0.166619,0,16.7% of pixels at the 16-bit ceiling (tolerance 1%)
LS85_s06a_sc02,LS85,53,0.167364,0.186395,0.082783,0.167364,0,16.7% of pixels at the 16-bit ceiling (tolerance 1%)
LS85_s06a_sc03,LS85,54,0.179581,0.215162,0.087607,0.179581,0,18.0% of pixels at the 16-bit ceiling (tolerance 1%)
LS85_s06a_sc05,LS85,56,0.151833,0.172522,0.076353,0.151833,0,15.2% of pixels at the 16-bit ceiling (tolerance 1%)
LS85_s06a_sc06,LS85,57,0.152729,0.184169,0.078765,0.152729,0,15.3% of pixels at the 16-bit ceiling (tolerance 1%)
LS85_s06a_sc07,LS85,58,0.198804,0.199776,0.102177,0.198804,0,19.9% of pixels at the 16-bit ceiling (tolerance 1%)
LS85_s07a_sc00,LS85,59,0.20232,0.226549,0.099277,0.20232,0,20.2% of pixels at the 16-bit ceiling (tolerance 1%)
LS85_s07a_sc01,LS85,60,0.175016,0.197227,0.092073,0.175016,0,17.5% of pixels at the 16-bit ceiling (tolerance 1%)
LS85_s07a_sc02,LS85,61,0.169773,0.194777,0.088578,0.169773,0,17.0% of pixels at the 16-bit ceiling (tolerance 1%)
LS85_s07a_sc03,LS85,62,0.223303,0.267755,0.106682,0.223303,0,22.3% of pixels at the 16-bit ceiling (tolerance 1%)
LS85_s07a_sc04,LS85,63,0.175037,0.207607,0.082315,0.175037,0,17.5% of pixels at the 16-bit ceiling (tolerance 1%)
LS85_s07a_sc05,LS85,64,0.182233,0.228891,0.08477,0.182233,0,18.2% of pixels at the 16-bit ceiling (tolerance 1%)
LS85_s07a_sc06,LS85,65,0.151813,0.180764,0.089185,0.151813,0,15.2% of pixels at the 16-bit ceiling (tolerance 1%)
LS85_s07a_sc07,LS85,66,0.170703,0.188906,0.087037,0.170703,0,17.1% of pixels at the 16-bit ceiling (tolerance 1%)
LS85_s07a_sc08,LS85,67,0.164104,0.181097,0.091267,0.164104,0,16.4% of pixels at the 16-bit ceiling (tolerance 1%)
LS85_s07b_sc00,LS85,1,0.209481,0.234541,0.104241,0.209481,0,20.9% of pixels at the 16-bit ceiling (tolerance 1%)
LS85_s07b_sc01,LS85,2,0.199492,0.223387,0.097279,0.199492,0,19.9% of pixels at the 16-bit ceiling (tolerance 1%)
LS85_s07b_sc02,LS85,3,0.193161,0.228319,0.096286,0.193161,0,19.3% of pixels at the 16-bit ceiling (tolerance 1%)
LS85_s07b_sc03,LS85,4,0.187915,0.214593,0.09739,0.187915,0,18.8% of pixels at the 16-bit ceiling (tolerance 1%)
LS85_s07b_sc04,LS85,5,0.168238,0.199103,0.085333,0.168238,0,16.8% of pixels at the 16-bit ceiling (tolerance 1%)
LS85_s07b_sc05,LS85,6,0.204714,0.232719,0.096556,0.204714,0,20.5% of pixels at the 16-bit ceiling (tolerance 1%)
LS85_s07b_sc06,LS85,7,0.193788,0.231741,0.088651,0.193788,0,19.4% of pixels at the 16-bit ceiling (tolerance 1%)
LS85_s07b_sc07,LS85,8,0.178069,0.225779,0.084719,0.178069,0,17.8% of pixels at the 16-bit ceiling (tolerance 1%)
LS85_s07b_sc08,LS85,9,0.153992,0.182721,0.078097,0.153992,0,15.4% of pixels at the 16-bit ceiling (tolerance 1%)
LS85_s07b_sc09,LS85,10,0.180756,0.215033,0.093669,0.180756,0,18.1% of pixels at the 16-bit ceiling (tolerance 1%)
LS85_s08a_sc01,LS85,70,0.203547,0.228401,0.100842,0.203547,0,20.4% of pixels at the 16-bit ceiling (tolerance 1%)
LS85_s08a_sc03,LS85,72,0.22873,0.279432,0.118242,0.22873,0,22.9% of pixels at the 16-bit ceiling (tolerance 1%)
LS85_s08a_sc04,LS85,73,0.180582,0.209278,0.087666,0.180582,0,18.1% of pixels at the 16-bit ceiling (tolerance 1%)
LS85_s08a_sc05,LS85,74,0.204465,0.237092,0.099331,0.204465,0,20.4% of pixels at the 16-bit ceiling (tolerance 1%)
LS85_s08a_sc07,LS85,76,0.185267,0.230829,0.085884,0.185267,0,18.5% of pixels at the 16-bit ceiling (tolerance 1%)
LS85_s08a_sc08,LS85,77,0.175478,0.200354,0.088,0.175478,0,17.5% of pixels at the 16-bit ceiling (tolerance 1%)
LS85_s08a_sc09,LS85,78,0.171237,0.215582,0.090145,0.171237,0,17.1% of pixels at the 16-bit ceiling (tolerance 1%)
LS85_s09a_sc05,LS85,84,0.185394,0.19874,0.100323,0.185394,0,18.5% of pixels at the 16-bit ceiling (tolerance 1%)
LS85_s09a_sc06,LS85,85,0.216134,0.234813,0.107617,0.216134,0,21.6% of pixels at the 16-bit ceiling (tolerance 1%)
LS85_s09a_sc07,LS85,86,0.185563,0.21946,0.083981,0.185563,0,18.6% of pixels at the 16-bit ceiling (tolerance 1%)
LS87_s01a_sc00,LS87,1,0.000104,0.000116,2.9e-05,0.000104,1,
LS87_s01a_sc01,LS87,2,0.000669,0.000727,0.0,0.000669,1,
LS87_s01a_sc02,LS87,3,0.0,0.0,0.0,0.0,1,
LS87_s01a_sc04,LS87,5,0.000781,0.000935,0.0,0.000781,1,
LS87_s01a_sc05,LS87,6,0.000353,0.000385,0.000414,0.000353,1,
LS87_s01a_sc10,LS87,11,0.001963,0.002668,0.0,0.001963,1,
LS87_s01a_sc11,LS87,12,0.001124,0.001686,9.3e-05,0.001124,1,
LS87_s01a_sc14,LS87,15,0.000429,0.000472,0.0,0.000429,1,
LS87_s02a_sc05,LS87,24,0.000699,0.000953,0.000216,0.000699,1,
LS87_s02a_sc06,LS87,25,0.000524,0.000579,0.000399,0.000524,1,
LS87_s02a_sc07,LS87,26,6.4e-05,8.5e-05,0.000182,6.4e-05,1,
LS87_s03a_sc05,LS87,35,0.190774,0.217611,0.097441,0.190774,0,19.1% of pixels at the 16-bit ceiling (tolerance 1%)
LS87_s04a_sc00,LS87,39,0.000579,0.000676,0.000579,0.000579,1,
LS87_s04a_sc01,LS87,40,0.29962,0.373543,0.150272,0.29962,0,30.0% of pixels at the 16-bit ceiling (tolerance 1%)
LS87_s04a_sc02,LS87,41,0.002698,0.003561,0.0,0.002698,1,
LS87_s04a_sc03,LS87,42,0.005306,0.00679,5.2e-05,0.005306,1,
LS87_s04a_sc04,LS87,43,0.001809,0.00207,0.000247,0.001809,1,
LS87_s04a_sc05,LS87,44,0.001849,0.002225,8.9e-05,0.001849,1,
LS87_s04a_sc06,LS87,45,0.001888,0.002288,0.000438,0.001888,1,
LS87_s04a_sc07,LS87,46,0.001706,0.001958,0.000386,0.001706,1,
LS87_s04a_sc08,LS87,47,0.000296,0.000394,0.000227,0.000296,1,
LS87_s04a_sc09,LS87,48,0.004632,0.006001,9.4e-05,0.004632,1,
LS87_s05a_sc00,LS87,49,0.000145,0.000176,0.00023,0.000145,1,
LS87_s05a_sc01,LS87,50,0.001166,0.001423,0.000527,0.001166,1,
LS87_s05a_sc02,LS87,51,0.001374,0.001622,0.000202,0.001374,1,
LS87_s05a_sc03,LS87,52,0.001855,0.002353,0.000169,0.001855,1,
LS87_s05a_sc04,LS87,53,0.001627,0.00223,0.0,0.001627,1,
LS87_s05a_sc05,LS87,54,0.002212,0.002747,0.0,0.002212,1,
LS87_s05a_sc07,LS87,56,0.000902,0.001182,2e-05,0.000902,1,
LS87_s05a_sc09,LS87,58,0.00169,0.001916,5e-05,0.00169,1,
LS87_s06a_sc00,LS87,60,0.000426,0.000459,6e-06,0.000426,1,
LS87_s06a_sc01,LS87,61,0.000386,0.000441,4.3e-05,0.000386,1,
LS87_s06a_sc02,LS87,62,0.001735,0.001977,0.0,0.001735,1,
LS87_s06a_sc03,LS87,63,0.002315,0.002914,4.5e-05,0.002315,1,
LS87_s06a_sc04,LS87,64,0.001903,0.002288,0.000366,0.001903,1,
LS87_s06a_sc05,LS87,65,0.002004,0.002288,8.6e-05,0.002004,1,
LS87_s06a_sc06,LS87,66,0.004305,0.005229,0.0,0.004305,1,
LS87_s07a_sc01,LS87,73,8.4e-05,9.7e-05,0.0,8.4e-05,1,
LS87_s07a_sc06,LS87,78,0.001166,0.003085,0.00128,0.001166,1,
LS87_s07a_sc12,LS87,84,0.00211,0.002806,2.1e-05,0.00211,1,
LS87_s08a_sc02,LS87,87,0.0,0.0,0.0,0.0,1,
LS87_s08a_sc03,LS87,88,0.000214,0.000275,0.000399,0.000214,1,
LS87_s08a_sc05,LS87,90,0.000282,0.000374,0.000116,0.000282,1,
LS87_s08a_sc06,LS87,91,0.000456,0.000593,0.0,0.000456,1,
LS87_s08a_sc07,LS87,92,0.0,0.0,0.0,0.0,1,
LS87_s09a_sc00,LS87,97,0.000292,0.000327,7e-05,0.000292,1,
LS87_s09a_sc01,LS87,98,0.000105,0.000125,8.5e-05,0.000105,1,
LS87_s09a_sc02,LS87,99,0.001094,0.001226,0.001188,0.001094,1,
LS87_s09a_sc03,LS87,100,5e-06,6e-06,0.0,5e-06,1,
LS87_s09a_sc04,LS87,101,2e-05,2.5e-05,6e-06,2e-05,1,
LS87_s09a_sc05,LS87,102,0.0,0.0,0.0,0.0,1,
