kind,id,angle,fill,animal,section_order,regions,manual_rotation,manual_flip
plate,plate_001,152.8,0.4706,,,,,
plate,plate_002,152.2,0.5413,,,,,
plate,plate_003,331.0,0.578,,,,,
plate,plate_004,332.1,0.6168,,,,,
plate,plate_005,150.4,0.5227,,,,,
plate,plate_006,152.6,0.558,,,,,
plate,plate_007,150.3,0.4422,,,,,
plate,plate_008,324.1,0.4524,,,,,
plate,plate_009,324.0,0.4907,,,Dl;Dm,,
plate,plate_010,322.6,0.4408,,,Dl;Dm,,
plate,plate_011,327.3,0.5486,,,Dl;Dm;Vd;Vl;Vv,,
plate,plate_012,33.2,0.5208,,,Dl;Dm;Vd;Vl;Vv,,
plate,plate_013,20.3,0.5891,,,Dl;Dm;Vd;Vl;Vv,,
plate,plate_014,325.9,0.6162,,,Dl;Dm;Vd;Vl;Vv,,
plate,plate_015,28.6,0.6107,,,Dl;Dm;Vd;Vl;Vv,,
plate,plate_016,31.4,0.5986,,,Dl;Dm;Vc;Vs,,
plate,plate_017,40.4,0.5857,,,Dl;Dm;Vc;Vs,,
plate,plate_018,47.1,0.6943,,,Dl;Dm,,
plate,plate_019,28.4,0.6166,,,Dl;Dm,,
plate,plate_020,27.4,0.5674,,,Dl;Dm;POA,,
plate,plate_021,33.1,0.5211,,,Dl;Dm;POA,,
plate,plate_022,30.5,0.5123,,,Dl;Dm;POA,,
plate,plate_023,41.5,0.5024,,,Dl;Dm;POA,,
plate,plate_024,47.1,0.5273,,,Dl;Dm;POA,,
plate,plate_025,34.5,0.4716,,,Dl;Dm;POA,,
plate,plate_026,267.3,0.5183,,,,,
plate,plate_027,19.4,0.4517,,,,,
plate,plate_028,330.4,0.5559,,,,,
plate,plate_029,27.2,0.6269,,,,,
plate,plate_030,347.4,0.6172,,,,,
plate,plate_031,346.1,0.6053,,,,,
plate,plate_032,351.5,0.6577,,,,,
plate,plate_033,346.2,0.6535,,,,,
plate,plate_034,349.8,0.6358,,,,,
plate,plate_035,330.5,0.6781,,,,,
plate,plate_036,343.7,0.6894,,,,,
plate,plate_037,294.9,0.5455,,,,,
plate,plate_038,102.6,0.4902,,,Nucleus Anterior tuberal;Nucleus Lateral tuberal,,
plate,plate_039,87.7,0.5305,,,Nucleus Anterior tuberal;Nucleus Lateral tuberal,,
plate,plate_040,118.3,0.6108,,,Nucleus Anterior tuberal;Nucleus Lateral tuberal,,
plate,plate_041,54.3,0.6758,,,Migrated posterior tuberal nucleus;Nucleus Anterior tuberal;Nucleus Lateral tuberal,,
plate,plate_042,102.4,0.639,,,Migrated posterior tuberal nucleus;Nucleus Anterior tuberal;Nucleus Lateral tuberal,,
plate,plate_043,307.9,0.6511,,,Nucleus Posterior Tuberal,,
plate,plate_044,265.8,0.7328,,,Nucleus Posterior Tuberal,,
plate,plate_045,258.7,0.68,,,,,
plate,plate_046,248.1,0.5785,,,,,
plate,plate_047,66.9,0.656,,,,,
plate,plate_048,33.9,0.6776,,,,,
plate,plate_049,326.8,0.7117,,,,,
plate,plate_050,329.0,0.7525,,,,,
plate,plate_051,317.8,0.7126,,,Rm,,
plate,plate_052,86.1,0.5872,,,Rm,,
plate,plate_053,315.2,0.7253,,,Rm,,
plate,plate_054,94.2,0.5001,,,Rm,,
plate,plate_055,288.0,0.6992,,,Rm,,
plate,plate_056,91.2,0.4885,,,Rm,,
plate,plate_057,255.7,0.6876,,,Rm,,
plate,plate_058,260.5,0.7189,,,,,
plate,plate_059,278.8,0.7068,,,,,
plate,plate_060,262.2,0.5828,,,,,
plate,plate_061,258.5,0.5839,,,,,
plate,plate_062,69.7,0.5465,,,,,
plate,plate_063,70.0,0.5988,,,,,
plate,plate_064,103.1,0.5582,,,,,
section,LS105_s10b_sc01,294.1,0.4745,LS105,113,,102.0,0
section,LS105_s10b_sc03,330.4,0.6391,LS105,115,,309.0,0
section,LS105_s10b_sc04,311.6,0.4215,LS105,116,,121.0,0
section,LS105_s10b_sc05,310.2,0.3493,LS105,117,,298.0,0
section,LS105_s10b_sc06,328.5,0.3712,LS105,118,,324.0,0
section,LS105_s10b_sc07,261.7,0.2434,LS105,119,,263.0,0
section,LS105_s10b_sc08,347.6,0.3653,LS105,120,,327.0,0
section,LS105_s10b_sc09,101.2,0.4006,LS105,121,,100.0,0
section,LS105_s01b_sc00,233.7,0.34,LS105,1,,69.0,0
section,LS105_s01b_sc07,16.0,0.4158,LS105,8,,58.0,0
section,LS105_s01b_sc10,32.5,0.437,LS105,11,,273.0,0
section,LS105_s01b_sc13,307.9,0.3321,LS105,14,,25.0,0
section,LS105_s02b_sc02,292.4,0.5032,LS105,18,,24.0,0
section,LS105_s02b_sc03,1.8,0.299,LS105,19,,255.0,0
section,LS105_s02b_sc04,237.8,0.3542,LS105,20,,344.0,0
section,LS105_s02b_sc05,259.0,0.3393,LS105,21,,354.0,0
section,LS105_s02b_sc06,259.9,0.2293,LS105,22,,3.0,0
section,LS105_s02b_sc07,266.3,0.372,LS105,23,,2.0,0
section,LS105_s02b_sc08,265.0,0.2937,LS105,24,,0.0,0
section,LS105_s02b_sc09,266.8,0.2089,LS105,25,,0.0,0
section,LS105_s02b_sc10,272.9,0.2261,LS105,26,,185.0,0
section,LS105_s03b_sc00,263.9,0.3204,LS105,28,,358.0,0
section,LS105_s03b_sc03,269.8,0.2421,LS105,31,,1.0,0
section,LS105_s03b_sc04,265.8,0.2421,LS105,32,,4.0,0
section,LS105_s03b_sc05,283.8,0.3564,LS105,33,,21.0,0
section,LS105_s03b_sc06,197.6,0.2553,LS105,34,,310.0,0
section,LS105_s03b_sc07,304.0,0.2537,LS105,35,,23.0,0
section,LS105_s03b_sc09,290.7,0.244,LS105,37,,358.0,0
section,LS105_s03b_sc10,194.7,0.2792,LS105,38,,300.0,0
section,LS105_s03b_sc11,191.1,0.2309,LS105,39,,114.0,0
section,LS105_s04b_sc01,278.5,0.3005,LS105,41,,7.0,0
section,LS105_s04b_sc04,150.5,0.2015,LS105,44,,88.0,0
section,LS105_s04b_sc06,286.2,0.2949,LS105,46,,14.0,0
section,LS105_s04b_sc07,220.7,0.2559,LS105,47,,321.0,0
section,LS105_s04b_sc08,247.0,0.3378,LS105,48,,342.0,0
section,LS105_s04b_sc09,286.9,0.3297,LS105,49,,6.0,0
section,LS105_s04b_sc10,307.9,0.2969,LS105,50,,29.0,0
section,LS105_s04b_sc11,233.7,0.3629,LS105,51,,149.0,0
section,LS105_s05b_sc01,271.0,0.4002,LS105,54,,9.0,0
section,LS105_s05b_sc02,243.3,0.4961,LS105,55,,154.0,0
section,LS105_s05b_sc03,231.1,0.4425,LS105,56,,145.0,0
section,LS105_s05b_sc04,274.8,0.5717,LS105,57,,359.0,0
section,LS105_s05b_sc05,285.6,0.4722,LS105,58,,194.0,0
section,LS105_s05b_sc06,279.9,0.4947,LS105,59,,188.0,0
section,LS105_s05b_sc07,261.9,0.3806,LS105,60,,179.0,0
section,LS105_s05b_sc08,225.5,0.469,LS105,61,,150.0,0
section,LS105_s05b_sc09,262.0,0.3402,LS105,62,,178.0,0
section,LS105_s05b_sc11,254.7,0.4384,LS105,64,,345.0,0
section,LS105_s06b_sc00,252.7,0.3173,LS105,65,,173.0,0
section,LS105_s06b_sc01,259.1,0.2721,LS105,66,,175.0,0
section,LS105_s06b_sc02,73.8,0.384,LS105,67,,297.0,0
section,LS105_s06b_sc04,331.1,0.4249,LS105,69,,310.0,0
section,LS105_s06b_sc05,77.5,0.654,LS105,70,,33.0,0
section,LS105_s06b_sc06,298.4,0.4064,LS105,71,,15.0,0
section,LS105_s06b_sc07,276.4,0.4731,LS105,72,,0.0,0
section,LS105_s06b_sc08,279.4,0.5328,LS105,73,,185.0,0
section,LS105_s07b_sc01,311.5,0.4466,LS105,78,,207.0,0
section,LS105_s07b_sc02,201.9,0.4487,LS105,79,,126.0,0
section,LS105_s07b_sc03,284.1,0.6028,LS105,80,,279.0,0
section,LS105_s07b_sc04,200.1,0.5938,LS105,81,,309.0,0
section,LS105_s07b_sc06,111.7,0.5368,LS105,83,,60.0,0
section,LS105_s07b_sc07,237.4,0.6032,LS105,84,,332.0,0
section,LS105_s07b_sc08,263.8,0.5678,LS105,85,,176.0,0
section,LS105_s07b_sc09,295.0,0.5018,LS105,86,,178.0,0
section,LS105_s08b_sc00,267.5,0.5298,LS105,88,,4.0,0
section,LS105_s08b_sc01,266.2,0.5864,LS105,89,,358.0,0
section,LS105_s08b_sc02,229.3,0.5167,LS105,90,,338.0,0
section,LS105_s08b_sc04,153.9,0.6027,LS105,92,,270.0,0
section,LS105_s08b_sc06,37.8,0.6158,LS105,94,,92.0,0
section,LS105_s08b_sc07,267.6,0.4393,LS105,95,,174.0,0
section,LS105_s08b_sc09,192.2,0.5478,LS105,97,,103.0,0
section,LS105_s09b_sc07,224.3,0.5578,LS105,105,,326.0,0
section,LS105_s09b_sc08,15.6,0.4821,LS105,106,,351.0,0
section,LS105_s09b_sc09,327.9,0.6096,LS105,107,,312.0,0
section,LS105_s09b_sc10,310.0,0.4089,LS105,108,,299.0,0
section,LS120_s01b_sc00,55.2,0.4265,LS120,1,,107.0,0
section,LS120_s01b_sc02,105.0,0.536,LS120,3,,353.0,0
section,LS120_s01b_sc03,101.6,0.4638,LS120,4,,1.0,0
section,LS120_s01b_sc04,182.0,0.5222,LS120,5,,30.0,0
section,LS120_s01b_sc05,294.2,0.4965,LS120,6,,346.0,0
section,LS120_s01b_sc07,200.3,0.4457,LS120,8,,22.0,0
section,LS120_s01b_sc10,156.3,0.3201,LS120,11,,356.0,0
section,LS120_s01b_sc11,24.8,0.3644,LS120,12,,153.0,0
section,LS120_s01b_sc13,133.5,0.5905,LS120,14,,152.0,0
section,LS120_s01b_sc14,165.1,0.5641,LS120,15,,159.0,0
section,LS120_s01b_sc15,131.6,0.6102,LS120,16,,130.0,0
section,LS120_s01b_sc16,149.6,0.596,LS120,17,,158.0,0
section,LS120_s01b_sc17,322.9,0.3442,LS120,18,,115.0,0
section,LS120_s01b_sc18,82.6,0.4116,LS120,19,,203.0,0
section,LS120_s02b_sc00,73.1,0.5443,LS120,20,,96.0,0
section,LS120_s02b_sc01,7.4,0.5546,LS120,21,,147.0,0
section,LS120_s02b_sc02,55.6,0.5602,LS120,22,,191.0,0
section,LS120_s02b_sc03,44.1,0.2883,LS120,23,,170.0,0
section,LS120_s02b_sc04,325.8,0.4042,LS120,24,,289.0,0
section,LS120_s02b_sc06,25.5,0.4902,LS120,26,,172.0,0
section,LS120_s02b_sc07,19.2,0.524,LS120,27,,152.0,0
section,LS120_s02b_sc08,253.8,0.6038,LS120,28,,237.0,0
section,LS120_s02b_sc09,314.5,0.4686,LS120,29,,105.0,0
section,LS120_s02b_sc11,305.2,0.5178,LS120,31,,105.0,0
section,LS120_s02b_sc12,252.8,0.4014,LS120,32,,341.0,0
section,LS120_s02b_sc13,183.9,0.4328,LS120,33,,283.0,0
section,LS120_s03b_sc00,291.3,0.4732,LS120,34,,285.0,0
section,LS120_s03b_sc06,230.0,0.398,LS120,40,,54.0,0
section,LS120_s03b_sc07,327.6,0.433,LS120,41,,31.0,0
section,LS120_s03b_sc08,337.7,0.5073,LS120,42,,41.0,0
section,LS120_s03b_sc09,331.2,0.5309,LS120,43,,34.0,0
section,LS120_s03b_sc10,282.1,0.2995,LS120,44,,0.0,0
section,LS120_s04b_sc00,342.5,0.6171,LS120,47,,231.0,0
section,LS120_s04b_sc01,305.2,0.3796,LS120,48,,192.0,0
section,LS120_s04b_sc02,66.6,0.4844,LS120,49,,294.0,0
section,LS120_s04b_sc03,313.3,0.6246,LS120,50,,21.0,0
section,LS120_s04b_sc04,324.9,0.5816,LS120,51,,201.0,0
section,LS120_s04b_sc05,316.2,0.6238,LS120,52,,204.0,0
section,LS120_s04b_sc06,346.7,0.6398,LS120,53,,222.0,0
section,LS120_s04b_sc08,341.6,0.6404,LS120,55,,35.0,0
section,LS120_s04b_sc09,339.3,0.4348,LS120,56,,34.0,0
section,LS120_s04b_sc10,27.9,0.6302,LS120,57,,79.0,0
section,LS120_s04b_sc11,1.8,0.7296,LS120,58,,67.0,0
section,LS120_s05b_sc00,313.5,0.5726,LS120,59,,205.0,0
section,LS120_s05b_sc01,302.3,0.5629,LS120,60,,192.0,0
section,LS120_s05b_sc02,98.6,0.5985,LS120,61,,313.0,0
section,LS120_s05b_sc03,190.0,0.7118,LS120,62,,291.0,0
section,LS120_s05b_sc04,85.1,0.5721,LS120,63,,117.0,0
section,LS120_s05b_sc06,208.7,0.7032,LS120,65,,301.0,0
section,LS120_s05b_sc08,200.7,0.6716,LS120,67,,210.0,0
section,LS120_s05b_sc10,230.4,0.6907,LS120,69,,320.0,0
section,LS120_s06b_sc00,195.2,0.5982,LS120,71,,300.0,0
section,LS120_s06b_sc02,225.0,0.6712,LS120,73,,47.0,0
section,LS120_s06b_sc03,292.4,0.6341,LS120,74,,13.0,0
section,LS120_s06b_sc04,243.3,0.6635,LS120,75,,157.0,0
section,LS120_s06b_sc06,273.7,0.6087,LS120,77,,358.0,0
section,LS120_s06b_sc07,248.9,0.6008,LS120,78,,337.0,0
section,LS120_s06b_sc08,200.4,0.6371,LS120,79,,295.0,0
section,LS120_s07b_sc00,83.3,0.6042,LS120,81,,39.0,0
section,LS120_s07b_sc08,73.6,0.5828,LS120,89,,61.0,0
section,LS120_s08b_sc01,339.2,0.6656,LS120,93,,288.0,0
section,LS120_s08b_sc02,14.5,0.5226,LS120,94,,334.0,0
section,LS120_s09b_sc00,355.1,0.5253,LS120,103,,325.0,0
section,LS120_s09b_sc02,327.6,0.5397,LS120,105,,309.0,0
section,LS120_s09b_sc03,293.0,0.4491,LS120,106,,282.0,0
section,LS120_s09b_sc04,323.7,0.5073,LS120,107,,112.0,0
section,LS120_s09b_sc05,288.7,0.4502,LS120,108,,94.0,0
section,LS120_s09b_sc07,58.3,0.4523,LS120,110,,193.0,0
section,LS136_s01b_sc10,217.5,0.3778,LS136,11,,121.0,0
section,LS136_s01b_sc12,264.7,0.4355,LS136,13,,154.0,0
section,LS136_s01b_sc13,311.9,0.3321,LS136,14,,9.0,0
section,LS136_s01b_sc14,240.0,0.435,LS136,15,,134.0,0
section,LS136_s01b_sc16,246.7,0.4415,LS136,17,,141.0,0
section,LS136_s02b_sc00,244.7,0.3458,LS136,20,,136.0,0
section,LS136_s02b_sc01,296.8,0.3992,LS136,21,,7.0,0
section,LS136_s02b_sc03,294.2,0.3108,LS136,23,,356.0,0
section,LS136_s02b_sc04,313.9,0.3441,LS136,24,,198.0,0
section,LS136_s02b_sc06,187.1,0.2818,LS136,26,,9.0,0
section,LS136_s02b_sc08,133.7,0.2307,LS136,28,,322.0,0
section,LS136_s02b_sc10,311.0,0.2398,LS136,30,,182.0,0
section,LS136_s02b_sc12,299.1,0.1712,LS136,32,,179.0,0
section,LS136_s02b_sc14,309.8,0.148,LS136,34,,0.0,0
section,LS136_s03b_sc03,264.4,0.4715,LS136,40,,158.0,0
section,LS136_s03b_sc04,298.3,0.2652,LS136,41,,357.0,0
section,LS136_s04b_sc01,299.8,0.4454,LS136,50,,11.0,0
section,LS136_s04b_sc02,301.8,0.3355,LS136,51,,187.0,0
section,LS136_s04b_sc03,303.2,0.3554,LS136,52,,7.0,0
section,LS136_s04b_sc06,270.3,0.4765,LS136,55,,172.0,0
section,LS136_s04b_sc08,268.7,0.5156,LS136,57,,173.0,0
section,LS136_s04b_sc09,281.8,0.3421,LS136,58,,180.0,0
section,LS136_s04b_sc10,287.3,0.3412,LS136,59,,181.0,0
section,LS136_s04b_sc11,306.8,0.3588,LS136,60,,184.0,0
section,LS136_s04b_sc12,288.1,0.317,LS136,61,,177.0,0
section,LS136_s05b_sc00,24.9,0.3935,LS136,63,,249.0,0
section,LS136_s05b_sc01,331.2,0.4673,LS136,64,,209.0,0
section,LS136_s05b_sc02,271.8,0.3284,LS136,65,,3.0,0
section,LS136_s05b_sc03,251.8,0.4043,LS136,66,,249.0,0
section,LS136_s05b_sc04,298.6,0.4208,LS136,67,,189.0,0
section,LS136_s05b_sc05,119.7,0.277,LS136,68,,98.0,0
section,LS136_s05b_sc09,293.1,0.2525,LS136,72,,173.0,0
section,LS136_s06b_sc00,18.7,0.4452,LS136,74,,67.0,0
section,LS136_s07b_sc00,28.2,0.5882,LS136,84,,60.0,0
section,LS136_s08b_sc09,52.8,0.4628,LS136,105,,252.0,0
section,LS136_s08b_sc10,15.8,0.5339,LS136,106,,143.0,0
section,LS136_s09b_sc00,301.0,0.4064,LS136,108,,276.0,0
section,LS136_s09b_sc01,331.1,0.5797,LS136,109,,298.0,0
section,LS136_s09b_sc02,358.6,0.6401,LS136,110,,317.0,0
section,LS136_s09b_sc03,15.4,0.5132,LS136,111,,320.0,0
section,LS136_s09b_sc04,34.3,0.4836,LS136,112,,336.0,0
section,LS136_s09b_sc05,324.4,0.4085,LS136,113,,283.0,0
section,LS136_s09b_sc06,348.8,0.496,LS136,114,,306.0,0
section,LS136_s09b_sc07,293.2,0.3864,LS136,115,,264.0,0
section,LS136_s09b_sc08,118.7,0.3608,LS136,116,,89.0,0
section,LS138_s01b_sc01,71.7,0.2567,LS138,2,,4.0,0
section,LS138_s01b_sc02,240.1,0.2422,LS138,3,,5.0,0
section,LS138_s01b_sc03,69.4,0.2783,LS138,4,,0.0,0
section,LS138_s01b_sc06,210.1,0.3891,LS138,7,,143.0,0
section,LS138_s01b_sc07,189.9,0.3593,LS138,8,,136.0,0
section,LS138_s01b_sc08,199.4,0.3999,LS138,9,,138.0,0
section,LS138_s01b_sc09,173.0,0.4201,LS138,10,,122.0,0
section,LS138_s01b_sc10,214.6,0.3074,LS138,11,,131.0,0
section,LS138_s01b_sc11,184.1,0.3851,LS138,12,,103.0,0
section,LS138_s02b_sc01,300.1,0.1556,LS138,14,,144.0,0
section,LS138_s02b_sc02,176.5,0.3002,LS138,15,,92.0,0
section,LS138_s02b_sc03,162.1,0.3463,LS138,16,,89.0,0
section,LS138_s02b_sc06,9.3,0.3989,LS138,19,,41.0,0
section,LS138_s02b_sc07,313.5,0.4022,LS138,20,,12.0,0
section,LS138_s02b_sc08,325.4,0.4216,LS138,21,,184.0,0
section,LS138_s03b_sc01,321.1,0.2509,LS138,25,,359.0,0
section,LS138_s03b_sc04,37.6,0.3305,LS138,28,,231.0,0
section,LS138_s03b_sc05,247.4,0.2532,LS138,29,,129.0,0
section,LS138_s03b_sc07,51.7,0.4583,LS138,31,,51.0,0
section,LS138_s03b_sc08,69.4,0.2705,LS138,32,,71.0,0
section,LS138_s04b_sc00,305.9,0.327,LS138,36,,6.0,0
section,LS138_s04b_sc01,327.4,0.403,LS138,37,,358.0,0
section,LS138_s04b_sc02,316.7,0.4449,LS138,38,,3.0,0
section,LS138_s04b_sc03,310.2,0.4105,LS138,39,,1.0,0
section,LS138_s04b_sc04,307.1,0.4193,LS138,40,,176.0,0
section,LS138_s04b_sc05,319.0,0.4246,LS138,41,,358.0,0
section,LS138_s04b_sc06,304.8,0.3272,LS138,42,,171.0,0
section,LS138_s04b_sc07,307.4,0.4133,LS138,43,,357.0,0
section,LS138_s05b_sc00,86.1,0.4218,LS138,44,,284.0,0
section,LS138_s05b_sc02,325.7,0.3687,LS138,46,,9.0,0
section,LS138_s05b_sc03,309.7,0.4334,LS138,47,,359.0,0
section,LS138_s05b_sc04,305.9,0.3422,LS138,48,,179.0,0
section,LS138_s05b_sc05,329.8,0.5183,LS138,49,,192.0,0
section,LS138_s06b_sc00,308.4,0.563,LS138,54,,197.0,0
section,LS138_s06b_sc02,344.1,0.5499,LS138,56,,207.0,0
section,LS138_s06b_sc03,301.6,0.4019,LS138,57,,355.0,0
section,LS138_s06b_sc04,308.6,0.5573,LS138,58,,8.0,0
section,LS138_s06b_sc05,311.0,0.5251,LS138,59,,8.0,0
section,LS138_s06b_sc06,274.0,0.4515,LS138,60,,349.0,0
section,LS138_s06b_sc07,290.5,0.2968,LS138,61,,353.0,0
section,LS138_s06b_sc08,288.2,0.4864,LS138,62,,0.0,0
section,LS138_s07b_sc00,326.0,0.5165,LS138,64,,358.0,0
section,LS138_s07b_sc02,313.9,0.4822,LS138,66,,187.0,0
section,LS138_s07b_sc03,295.6,0.5222,LS138,67,,180.0,0
section,LS138_s07b_sc04,339.4,0.4475,LS138,68,,9.0,0
section,LS138_s07b_sc05,304.4,0.3689,LS138,69,,182.0,0
section,LS138_s07b_sc06,290.7,0.4718,LS138,70,,172.0,0
section,LS138_s07b_sc07,311.8,0.5146,LS138,71,,1.0,0
section,LS138_s08b_sc04,355.2,0.521,LS138,78,,23.0,0
section,LS138_s08b_sc05,338.5,0.5817,LS138,79,,17.0,0
section,LS22_s01b_sc00,248.7,0.3109,LS22,1,,332.0,0
section,LS22_s01b_sc01,73.7,0.3992,LS22,2,,342.0,0
section,LS22_s01b_sc02,329.1,0.3538,LS22,3,,250.0,0
section,LS22_s01b_sc04,214.1,0.3725,LS22,5,,301.0,0
section,LS22_s01b_sc05,298.2,0.5991,LS22,6,,13.0,0
section,LS22_s01b_sc07,186.8,0.3558,LS22,8,,94.0,0
section,LS22_s01b_sc08,314.0,0.5526,LS22,9,,11.0,0
section,LS22_s01b_sc09,256.4,0.4261,LS22,10,,161.0,0
section,LS22_s01b_sc11,124.1,0.2957,LS22,12,,108.0,0
section,LS22_s02b_sc00,57.8,0.4353,LS22,14,,253.0,0
section,LS22_s02b_sc01,120.0,0.4983,LS22,15,,218.0,0
section,LS22_s02b_sc02,16.8,0.6285,LS22,16,,56.0,0
section,LS22_s02b_sc03,153.7,0.3235,LS22,17,,60.0,0
section,LS22_s02b_sc04,320.8,0.2659,LS22,18,,3.0,0
section,LS22_s02b_sc05,29.5,0.4318,LS22,19,,53.0,0
section,LS22_s02b_sc07,154.1,0.4765,LS22,21,,327.0,0
section,LS22_s02b_sc08,172.7,0.4061,LS22,22,,176.0,0
section,LS22_s02b_sc09,132.7,0.4595,LS22,23,,128.0,0
section,LS22_s02b_sc10,173.6,0.3995,LS22,24,,171.0,0
section,LS22_s02b_sc11,244.9,0.348,LS22,25,,222.0,0
section,LS22_s03b_sc00,214.0,0.2958,LS22,26,,189.0,0
section,LS22_s03b_sc06,91.3,0.2984,LS22,32,,116.0,0
section,LS22_s03b_sc07,4.8,0.5059,LS22,33,,228.0,0
section,LS22_s03b_sc08,55.2,0.3501,LS22,34,,78.0,0
section,LS22_s04b_sc00,300.4,0.4271,LS22,36,,0.0,0
section,LS22_s04b_sc01,307.3,0.3983,LS22,37,,356.0,0
section,LS22_s04b_sc02,313.4,0.4601,LS22,38,,4.0,0
section,LS22_s04b_sc03,300.7,0.4539,LS22,39,,181.0,0
section,LS22_s04b_sc05,227.1,0.512,LS22,41,,291.0,0
section,LS22_s04b_sc06,71.8,0.5699,LS22,42,,206.0,0
section,LS22_s05b_sc00,233.7,0.553,LS22,47,,306.0,0
section,LS22_s05b_sc01,300.4,0.4977,LS22,48,,2.0,0
section,LS22_s05b_sc02,292.1,0.5093,LS22,49,,3.0,0
section,LS22_s05b_sc04,297.4,0.5933,LS22,51,,357.0,0
section,LS22_s06b_sc00,143.8,0.5087,LS22,57,,157.0,0
section,LS22_s06b_sc01,318.4,0.4425,LS22,58,,10.0,0
section,LS22_s06b_sc02,300.7,0.4969,LS22,59,,2.0,0
section,LS22_s06b_sc03,65.1,0.5854,LS22,60,,271.0,0
section,LS22_s06b_sc04,300.8,0.5353,LS22,61,,6.0,0
section,LS22_s06b_sc05,304.9,0.5922,LS22,62,,350.0,0
section,LS22_s06b_sc06,311.7,0.6229,LS22,63,,185.0,0
section,LS22_s06b_sc07,275.7,0.5652,LS22,64,,350.0,0
section,LS22_s06b_sc08,331.9,0.6113,LS22,65,,196.0,0
section,LS22_s07b_sc00,359.2,0.601,LS22,67,,218.0,0
section,LS22_s07b_sc02,309.7,0.5876,LS22,69,,177.0,0
section,LS22_s07b_sc05,298.8,0.6071,LS22,72,,7.0,0
section,LS22_s08b_sc00,308.0,0.3786,LS22,79,,0.0,0
section,LS22_s08b_sc02,191.9,0.5311,LS22,81,,281.0,0
section,LS22_s08b_sc03,349.0,0.3933,LS22,82,,296.0,0
section,LS22_s08b_sc04,352.7,0.6692,LS22,83,,314.0,0
section,LS22_s08b_sc05,15.1,0.6241,LS22,84,,322.0,0
section,LS22_s08b_sc06,316.2,0.4817,LS22,85,,277.0,0
section,LS22_s08b_sc07,320.9,0.4875,LS22,86,,272.0,0
section,LS22_s08b_sc08,318.8,0.4147,LS22,87,,275.0,0
section,LS22_s09b_sc01,329.1,0.4798,LS22,92,,285.0,0
section,LS22_s09b_sc02,323.5,0.4215,LS22,93,,103.0,0
section,LS22_s09b_sc03,325.8,0.4859,LS22,94,,102.0,0
section,LS22_s09b_sc04,344.0,0.4426,LS22,95,,293.0,0
section,LS22_s09b_sc05,349.0,0.4976,LS22,96,,297.0,0
section,LS22_s09b_sc06,127.7,0.4497,LS22,97,,275.0,0
section,LS37_s10b_sc00,239.4,0.5345,LS37,104,,85.0,0
section,LS37_s10b_sc01,204.0,0.6481,LS37,105,,233.0,0
section,LS37_s10b_sc02,182.4,0.6128,LS37,106,,41.0,0
section,LS37_s10b_sc03,141.5,0.4475,LS37,107,,6.0,0
section,LS37_s10b_sc04,247.5,0.5117,LS37,108,,98.0,0
section,LS37_s10b_sc05,213.3,0.6391,LS37,109,,244.0,0
section,LS37_s10b_sc06,182.6,0.6849,LS37,110,,226.0,0
section,LS37_s10b_sc07,126.0,0.5013,LS37,111,,182.0,0
section,LS37_s01b_sc01,237.5,0.3112,LS37,2,,188.0,0
section,LS37_s01b_sc02,208.6,0.3943,LS37,3,,166.0,0
section,LS37_s01b_sc03,215.2,0.3834,LS37,4,,172.0,0
section,LS37_s01b_sc04,111.8,0.3198,LS37,5,,90.0,0
section,LS37_s01b_sc05,188.9,0.4736,LS37,6,,151.0,0
section,LS37_s01b_sc06,211.7,0.4149,LS37,7,,173.0,0
section,LS37_s01b_sc07,218.1,0.397,LS37,8,,174.0,0
section,LS37_s01b_sc08,205.0,0.4212,LS37,9,,166.0,0
section,LS37_s01b_sc09,211.8,0.4212,LS37,10,,168.0,0
section,LS37_s01b_sc10,222.8,0.209,LS37,11,,178.0,0
section,LS37_s01b_sc11,207.7,0.3107,LS37,12,,172.0,0
section,LS37_s02b_sc00,19.4,0.3947,LS37,13,,26.0,0
section,LS37_s02b_sc01,270.2,0.5415,LS37,14,,31.0,0
section,LS37_s02b_sc02,163.4,0.2407,LS37,15,,50.0,0
section,LS37_s02b_sc03,257.4,0.4073,LS37,16,,20.0,0
section,LS37_s02b_sc04,353.4,0.2998,LS37,17,,249.0,0
section,LS37_s02b_sc05,228.1,0.3741,LS37,18,,183.0,0
section,LS37_s02b_sc06,194.6,0.4522,LS37,19,,338.0,0
section,LS37_s02b_sc07,182.9,0.4902,LS37,20,,152.0,0
section,LS37_s02b_sc08,123.2,0.3921,LS37,21,,104.0,0
section,LS37_s02b_sc10,203.9,0.2969,LS37,23,,169.0,0
section,LS37_s03b_sc01,281.7,0.345,LS37,26,,46.0,0
section,LS37_s03b_sc02,300.4,0.3418,LS37,27,,52.0,0
section,LS37_s03b_sc03,300.4,0.3024,LS37,28,,220.0,0
section,LS37_s03b_sc04,195.3,0.361,LS37,29,,161.0,0
section,LS37_s03b_sc05,333.3,0.2993,LS37,30,,250.0,0
section,LS37_s03b_sc06,261.5,0.3848,LS37,31,,21.0,0
section,LS37_s03b_sc07,247.1,0.3917,LS37,32,,191.0,0
section,LS37_s03b_sc08,225.6,0.3116,LS37,33,,173.0,0
section,LS37_s04b_sc00,155.7,0.4107,LS37,37,,119.0,0
section,LS37_s04b_sc02,240.7,0.3396,LS37,39,,179.0,0
section,LS37_s04b_sc03,237.9,0.3325,LS37,40,,172.0,0
section,LS37_s04b_sc04,229.5,0.3654,LS37,41,,169.0,0
section,LS37_s04b_sc05,224.0,0.3754,LS37,42,,165.0,0
section,LS37_s04b_sc06,227.8,0.379,LS37,43,,176.0,0
section,LS37_s04b_sc08,243.6,0.4038,LS37,45,,182.0,0
section,LS37_s04b_sc09,237.9,0.4159,LS37,46,,180.0,0
section,LS37_s04b_sc10,239.7,0.3121,LS37,47,,189.0,0
section,LS37_s04b_sc11,250.8,0.321,LS37,48,,189.0,0
section,LS37_s05b_sc01,225.8,0.5127,LS37,50,,172.0,0
section,LS37_s05b_sc02,239.0,0.4624,LS37,51,,2.0,0
section,LS37_s05b_sc04,220.9,0.3329,LS37,53,,354.0,0
section,LS37_s05b_sc05,249.2,0.486,LS37,54,,0.0,0
section,LS37_s05b_sc06,238.3,0.3477,LS37,55,,1.0,0
section,LS37_s05b_sc07,250.0,0.4619,LS37,56,,188.0,0
section,LS37_s05b_sc08,231.5,0.2423,LS37,57,,177.0,0
section,LS37_s05b_sc09,249.8,0.3161,LS37,58,,358.0,0
section,LS37_s06b_sc00,232.4,0.4446,LS37,61,,1.0,0
section,LS37_s06b_sc01,203.8,0.4946,LS37,62,,163.0,0
section,LS37_s06b_sc02,250.6,0.5048,LS37,63,,359.0,0
section,LS37_s06b_sc03,236.7,0.4516,LS37,64,,175.0,0
section,LS37_s06b_sc04,234.7,0.5231,LS37,65,,354.0,0
section,LS37_s06b_sc05,229.8,0.484,LS37,66,,177.0,0
section,LS37_s06b_sc06,245.6,0.4527,LS37,67,,0.0,0
section,LS37_s06b_sc07,245.6,0.3015,LS37,68,,177.0,0
section,LS37_s06b_sc08,229.3,0.4382,LS37,69,,177.0,0
section,LS37_s07b_sc01,228.5,0.3461,LS37,74,,173.0,0
section,LS37_s07b_sc02,235.9,0.2941,LS37,75,,180.0,0
section,LS37_s07b_sc03,250.5,0.4422,LS37,76,,0.0,0
section,LS37_s07b_sc04,243.0,0.4014,LS37,77,,179.0,0
section,LS37_s07b_sc05,246.1,0.4612,LS37,78,,182.0,0
section,LS37_s07b_sc06,249.1,0.3149,LS37,79,,177.0,0
section,LS37_s08b_sc00,246.2,0.4927,LS37,82,,1.0,0
section,LS37_s08b_sc02,250.0,0.5199,LS37,84,,186.0,0
section,LS37_s08b_sc03,248.3,0.4554,LS37,85,,187.0,0
section,LS37_s08b_sc05,256.9,0.4766,LS37,87,,186.0,0
section,LS37_s08b_sc07,231.7,0.4853,LS37,89,,179.0,0
section,LS37_s08b_sc08,262.1,0.4402,LS37,90,,189.0,0
section,LS37_s09b_sc00,225.0,0.3898,LS37,94,,357.0,0
section,LS37_s09b_sc01,272.7,0.4579,LS37,95,,186.0,0
section,LS37_s09b_sc04,233.4,0.6077,LS37,98,,176.0,0
section,LS37_s09b_sc06,34.4,0.6792,LS37,100,,71.0,0
section,LS37_s09b_sc08,62.2,0.6075,LS37,102,,271.0,0
section,LS45_s10b_sc00,285.8,0.471,LS45,110,,270.0,0
section,LS45_s10b_sc02,14.6,0.4014,LS45,112,,162.0,0
section,LS45_s10b_sc03,333.5,0.4634,LS45,113,,324.0,0
section,LS45_s10b_sc05,313.6,0.3122,LS45,115,,296.0,0
section,LS45_s10b_sc06,271.6,0.3656,LS45,116,,268.0,0
section,LS45_s10b_sc07,254.6,0.3844,LS45,117,,249.0,0
section,LS45_s10b_sc08,260.0,0.202,LS45,118,,77.0,0
section,LS45_s01b_sc00,78.5,0.3582,LS45,1,,354.0,0
section,LS45_s01b_sc01,259.7,0.3274,LS45,2,,351.0,0
section,LS45_s01b_sc02,264.4,0.3364,LS45,3,,354.0,0
section,LS45_s01b_sc03,283.0,0.2912,LS45,4,,11.0,0
section,LS45_s01b_sc04,275.5,0.366,LS45,5,,177.0,0
section,LS45_s01b_sc05,329.7,0.3564,LS45,6,,35.0,0
section,LS45_s01b_sc06,9.4,0.3888,LS45,7,,246.0,0
section,LS45_s01b_sc07,340.1,0.4317,LS45,8,,47.0,0
section,LS45_s01b_sc08,170.5,0.3726,LS45,9,,11.0,0
section,LS45_s01b_sc09,281.7,0.3838,LS45,10,,359.0,0
section,LS45_s01b_sc10,290.1,0.1903,LS45,11,,0.0,0
section,LS45_s01b_sc11,1.5,0.3579,LS45,12,,56.0,0
section,LS45_s01b_sc12,281.3,0.3975,LS45,13,,180.0,0
section,LS45_s01b_sc13,51.5,0.3919,LS45,14,,282.0,0
section,LS45_s02b_sc00,274.4,0.4891,LS45,15,,181.0,0
section,LS45_s02b_sc01,277.0,0.4537,LS45,16,,355.0,0
section,LS45_s02b_sc02,7.3,0.3584,LS45,17,,248.0,0
section,LS45_s02b_sc05,359.0,0.3958,LS45,20,,54.0,0
section,LS45_s02b_sc06,270.6,0.4174,LS45,21,,169.0,0
section,LS45_s02b_sc08,180.5,0.3509,LS45,23,,12.0,0
section,LS45_s02b_sc09,184.7,0.3147,LS45,24,,199.0,0
section,LS45_s02b_sc11,248.3,0.4306,LS45,26,,248.0,0
section,LS45_s02b_sc12,188.1,0.5087,LS45,27,,203.0,0
section,LS45_s03b_sc01,283.6,0.4291,LS45,29,,6.0,0
section,LS45_s03b_sc02,85.8,0.5603,LS45,30,,36.0,0
section,LS45_s03b_sc03,165.0,0.4543,LS45,31,,90.0,0
section,LS45_s03b_sc04,217.5,0.4637,LS45,32,,130.0,0
section,LS45_s03b_sc05,264.1,0.3624,LS45,33,,172.0,0
section,LS45_s03b_sc06,105.3,0.5436,LS45,34,,54.0,0
section,LS45_s03b_sc07,279.3,0.5692,LS45,35,,179.0,0
section,LS45_s03b_sc08,277.4,0.5322,LS45,36,,176.0,0
section,LS45_s03b_sc09,76.5,0.6444,LS45,37,,110.0,0
section,LS45_s03b_sc10,13.8,0.5843,LS45,38,,232.0,0
section,LS45_s03b_sc12,226.8,0.6083,LS45,40,,135.0,0
section,LS45_s03b_sc13,180.1,0.6963,LS45,41,,202.0,0
section,LS45_s04b_sc00,356.5,0.578,LS45,42,,235.0,0
section,LS45_s04b_sc03,286.6,0.4228,LS45,45,,185.0,0
section,LS45_s04b_sc04,294.4,0.5245,LS45,46,,359.0,0
section,LS45_s04b_sc05,252.6,0.5816,LS45,47,,152.0,0
section,LS45_s04b_sc06,290.8,0.5836,LS45,48,,187.0,0
section,LS45_s04b_sc08,271.6,0.5559,LS45,50,,1.0,0
section,LS45_s04b_sc09,284.8,0.4351,LS45,51,,3.0,0
section,LS45_s05b_sc00,9.8,0.5683,LS45,56,,75.0,0
section,LS45_s05b_sc01,9.1,0.5842,LS45,57,,69.0,0
section,LS45_s05b_sc02,65.2,0.6021,LS45,58,,297.0,0
section,LS45_s05b_sc03,305.5,0.6095,LS45,59,,16.0,0
section,LS45_s05b_sc05,210.5,0.5988,LS45,61,,300.0,0
section,LS45_s06b_sc01,315.4,0.6493,LS45,67,,24.0,0
section,LS45_s06b_sc02,319.7,0.6465,LS45,68,,208.0,0
section,LS45_s06b_sc03,49.8,0.6455,LS45,69,,96.0,0
section,LS45_s06b_sc04,172.5,0.5616,LS45,70,,6.0,0
section,LS45_s06b_sc05,250.5,0.5403,LS45,71,,246.0,0
section,LS45_s06b_sc06,54.3,0.605,LS45,72,,105.0,0
section,LS45_s06b_sc09,287.9,0.5926,LS45,75,,1.0,0
section,LS45_s07b_sc00,335.5,0.5611,LS45,76,,215.0,0
section,LS45_s07b_sc01,346.5,0.4575,LS45,77,,50.0,0
section,LS45_s08b_sc01,54.5,0.5864,LS45,88,,280.0,0
section,LS45_s08b_sc02,95.3,0.5507,LS45,89,,139.0,0
section,LS45_s08b_sc03,3.9,0.5984,LS45,90,,64.0,0
section,LS45_s08b_sc04,69.5,0.5966,LS45,91,,300.0,0
section,LS45_s08b_sc05,186.1,0.6521,LS45,92,,32.0,0
section,LS45_s08b_sc06,242.9,0.5819,LS45,93,,67.0,0
section,LS45_s08b_sc08,273.7,0.6008,LS45,95,,91.0,0
section,LS45_s08c_sc03,351.2,0.6007,LS45,4,,44.0,0
section,LS45_s08c_sc05,205.0,0.6329,LS45,6,,219.0,0
section,LS45_s08c_sc08,241.1,0.4877,LS45,9,,251.0,0
section,LS45_s08c_sc09,199.6,0.5888,LS45,10,,216.0,0
section,LS45_s09b_sc01,295.7,0.4664,LS45,100,,291.0,0
section,LS45_s09b_sc02,356.8,0.5119,LS45,101,,336.0,0
section,LS45_s09b_sc03,321.4,0.547,LS45,102,,304.0,0
section,LS45_s09b_sc04,266.3,0.5012,LS45,103,,70.0,0
section,LS45_s09b_sc05,161.1,0.5471,LS45,104,,128.0,0
section,LS45_s09b_sc06,113.1,0.4573,LS45,105,,100.0,0
section,LS45_s09b_sc08,315.2,0.3479,LS45,107,,118.0,0
section,LS45_s09b_sc10,278.0,0.3371,LS45,109,,80.0,0
section,LS45_s09c_sc00,194.2,0.55,LS45,13,,209.0,0
section,LS45_s09c_sc01,221.6,0.5403,LS45,14,,44.0,0
section,LS45_s09c_sc03,75.2,0.6146,LS45,16,,27.0,0
section,LS45_s09c_sc04,182.5,0.5274,LS45,17,,198.0,0
section,LS45_s09c_sc05,255.6,0.5885,LS45,18,,244.0,0
section,LS53_s10b_sc00,251.8,0.5607,LS53,82,,247.0,0
section,LS53_s10b_sc01,253.2,0.276,LS53,83,,260.0,0
section,LS53_s10b_sc06,211.7,0.3608,LS53,88,,47.0,0
section,LS53_s10b_sc07,271.4,0.4094,LS53,89,,269.0,0
section,LS53_s10b_sc08,264.9,0.3963,LS53,90,,279.0,0
section,LS53_s10b_sc09,258.4,0.403,LS53,91,,264.0,0
section,LS53_s10b_sc10,292.7,0.4585,LS53,92,,298.0,0
section,LS53_s01b_sc03,67.1,0.5825,LS53,4,,31.0,0
section,LS53_s01b_sc04,108.9,0.3558,LS53,5,,30.0,0
section,LS53_s01b_sc06,254.1,0.3289,LS53,7,,177.0,0
section,LS53_s01b_sc07,74.7,0.3562,LS53,8,,3.0,0
section,LS53_s01b_sc08,231.7,0.3392,LS53,9,,157.0,0
section,LS53_s01b_sc09,278.2,0.6056,LS53,10,,187.0,0
section,LS53_s01b_sc10,278.3,0.4408,LS53,11,,179.0,0
section,LS53_s01b_sc11,276.9,0.3372,LS53,12,,180.0,0
section,LS53_s01b_sc14,263.3,0.2867,LS53,15,,354.0,0
section,LS53_s01b_sc15,246.9,0.1235,LS53,16,,350.0,0
section,LS53_s01b_sc16,263.7,0.2113,LS53,17,,356.0,0
section,LS53_s02c_sc00,25.3,0.2965,LS53,1,,79.0,0
section,LS53_s02c_sc01,266.5,0.2879,LS53,2,,183.0,0
section,LS53_s02c_sc03,250.7,0.2606,LS53,4,,353.0,0
section,LS53_s02c_sc04,125.4,0.2757,LS53,5,,10.0,0
section,LS53_s03b_sc01,53.0,0.5151,LS53,19,,288.0,0
section,LS53_s03b_sc03,112.5,0.4877,LS53,21,,338.0,0
section,LS53_s03b_sc04,139.6,0.3254,LS53,22,,164.0,0
section,LS53_s03b_sc05,4.4,0.5459,LS53,23,,72.0,0
section,LS53_s03b_sc07,75.7,0.6112,LS53,25,,220.0,0
section,LS53_s03b_sc10,266.7,0.4443,LS53,28,,180.0,0
section,LS53_s03b_sc11,270.4,0.5301,LS53,29,,358.0,0
section,LS53_s04b_sc00,273.3,0.5518,LS53,30,,349.0,0
section,LS53_s04b_sc02,269.0,0.4859,LS53,32,,1.0,0
section,LS53_s04b_sc03,235.4,0.6803,LS53,33,,150.0,0
section,LS53_s04b_sc05,271.3,0.6098,LS53,35,,177.0,0
section,LS53_s04b_sc06,266.7,0.5372,LS53,36,,358.0,0
section,LS53_s04b_sc07,266.6,0.6355,LS53,37,,182.0,0
section,LS53_s04b_sc08,242.2,0.4783,LS53,38,,341.0,0
section,LS53_s04b_sc09,265.9,0.4367,LS53,39,,357.0,0
section,LS53_s05c_sc00,287.4,0.4224,LS53,13,,10.0,0
section,LS53_s05c_sc01,292.0,0.6622,LS53,14,,12.0,0
section,LS53_s05c_sc02,277.5,0.5927,LS53,15,,1.0,0
section,LS53_s05c_sc03,266.5,0.5387,LS53,16,,1.0,0
section,LS53_s05c_sc04,265.4,0.5346,LS53,17,,175.0,0
section,LS53_s05c_sc05,272.1,0.565,LS53,18,,178.0,0
section,LS53_s05c_sc06,269.0,0.518,LS53,19,,2.0,0
section,LS53_s05c_sc07,289.4,0.6958,LS53,20,,1.0,0
section,LS53_s05c_sc08,267.7,0.5829,LS53,21,,349.0,0
section,LS53_s05c_sc09,269.5,0.5148,LS53,22,,0.0,0
section,LS53_s06b_sc00,264.7,0.342,LS53,41,,174.0,0
section,LS53_s06b_sc01,300.7,0.6368,LS53,42,,15.0,0
section,LS53_s06b_sc02,269.6,0.6472,LS53,43,,346.0,0
section,LS53_s06b_sc03,0.9,0.6344,LS53,44,,346.0,0
section,LS53_s06b_sc04,352.1,0.602,LS53,45,,237.0,0
section,LS53_s06b_sc05,283.5,0.6139,LS53,46,,189.0,0
section,LS53_s06b_sc06,269.2,0.5395,LS53,47,,354.0,0
section,LS53_s06b_sc07,269.9,0.5666,LS53,48,,350.0,0
section,LS53_s06b_sc08,249.9,0.5592,LS53,49,,176.0,0
section,LS53_s07b_sc00,6.9,0.6463,LS53,51,,50.0,0
section,LS53_s07b_sc01,177.2,0.6755,LS53,52,,139.0,0
section,LS53_s07b_sc02,43.9,0.6027,LS53,53,,235.0,0
section,LS53_s07b_sc03,185.2,0.6432,LS53,54,,135.0,0
section,LS53_s07b_sc04,240.1,0.5245,LS53,55,,72.0,0
section,LS53_s07b_sc06,302.6,0.6095,LS53,57,,117.0,0
section,LS53_s07b_sc07,253.6,0.6134,LS53,58,,356.0,0
section,LS53_s07b_sc09,105.8,0.6339,LS53,60,,62.0,0
section,LS53_s08b_sc01,227.6,0.5579,LS53,62,,157.0,0
section,LS53_s08b_sc02,76.2,0.4987,LS53,63,,308.0,0
section,LS53_s09b_sc00,278.4,0.5246,LS53,71,,185.0,0
section,LS53_s09b_sc02,250.2,0.5293,LS53,73,,84.0,0
section,LS53_s09b_sc04,250.3,0.5053,LS53,75,,72.0,0
section,LS53_s09b_sc05,278.3,0.5432,LS53,76,,95.0,0
section,LS53_s09b_sc06,220.9,0.7455,LS53,77,,147.0,0
section,LS53_s09b_sc09,286.5,0.401,LS53,80,,106.0,0
section,LS53_s09b_sc10,277.9,0.5422,LS53,81,,270.0,0
section,LS61_s01b_sc03,210.3,0.2629,LS61,4,,189.0,0
section,LS61_s01b_sc07,118.0,0.3987,LS61,8,,2.0,0
section,LS61_s01b_sc09,301.4,0.2042,LS61,10,,215.0,0
section,LS61_s01b_sc11,219.6,0.156,LS61,12,,68.0,0
section,LS61_s02b_sc01,161.6,0.3732,LS61,17,,26.0,0
section,LS61_s02b_sc03,209.3,0.3191,LS61,19,,52.0,0
section,LS61_s02b_sc07,72.6,0.33,LS61,23,,317.0,0
section,LS61_s02b_sc08,205.3,0.452,LS61,24,,31.0,0
section,LS61_s02c_sc02,209.3,0.4236,LS61,3,,65.0,0
section,LS61_s02c_sc05,254.1,0.3146,LS61,6,,108.0,0
section,LS61_s02c_sc06,27.0,0.3892,LS61,7,,249.0,0
section,LS61_s02c_sc11,117.0,0.4105,LS61,12,,295.0,0
section,LS61_s02c_sc12,109.7,0.4526,LS61,13,,301.0,0
section,LS61_s02c_sc14,168.9,0.563,LS61,15,,35.0,0
section,LS61_s02c_sc15,227.1,0.3074,LS61,16,,80.0,0
section,LS61_s03b_sc00,143.3,0.3813,LS61,32,,182.0,0
section,LS61_s03b_sc01,128.4,0.3239,LS61,33,,348.0,0
section,LS61_s03b_sc03,56.9,0.4789,LS61,35,,34.0,0
section,LS61_s03b_sc05,74.8,0.5863,LS61,37,,44.0,0
section,LS61_s03b_sc06,265.8,0.5951,LS61,38,,177.0,0
section,LS61_s03b_sc07,216.3,0.6331,LS61,39,,145.0,0
section,LS61_s03b_sc08,171.3,0.5846,LS61,40,,119.0,0
section,LS61_s03b_sc09,346.4,0.4942,LS61,41,,334.0,0
section,LS61_s03b_sc10,225.8,0.6027,LS61,42,,158.0,0
section,LS61_s03b_sc11,162.3,0.5339,LS61,43,,112.0,0
section,LS61_s03b_sc12,112.7,0.6192,LS61,44,,75.0,0
section,LS61_s03b_sc13,322.8,0.4314,LS61,45,,319.0,0
section,LS61_s04b_sc02,235.5,0.5467,LS61,49,,164.0,0
section,LS61_s04b_sc04,21.1,0.4665,LS61,51,,186.0,0
section,LS61_s04b_sc05,123.9,0.6,LS61,52,,83.0,0
section,LS61_s04b_sc07,132.0,0.6634,LS61,54,,92.0,0
section,LS61_s04b_sc08,197.3,0.4905,LS61,55,,134.0,0
section,LS61_s04b_sc09,240.7,0.2935,LS61,56,,355.0,0
section,LS61_s04c_sc01,66.4,0.4625,LS61,18,,41.0,0
section,LS61_s04c_sc02,177.4,0.5267,LS61,19,,305.0,0
section,LS61_s04c_sc03,251.0,0.5378,LS61,20,,6.0,0
section,LS61_s04c_sc04,114.1,0.6329,LS61,21,,260.0,0
section,LS61_s04c_sc05,162.5,0.5166,LS61,22,,287.0,0
section,LS61_s04c_sc06,169.2,0.3055,LS61,23,,292.0,0
section,LS61_s04c_sc07,203.6,0.575,LS61,24,,154.0,0
section,LS61_s04c_sc08,161.0,0.6027,LS61,25,,294.0,0
section,LS61_s04c_sc09,248.4,0.5338,LS61,26,,180.0,0
section,LS61_s04c_sc10,246.7,0.5814,LS61,27,,5.0,0
section,LS61_s04c_sc11,247.2,0.5461,LS61,28,,180.0,0
section,LS61_s05b_sc00,246.1,0.4565,LS61,58,,0.0,0
section,LS61_s05b_sc01,337.4,0.3795,LS61,59,,61.0,0
section,LS61_s05b_sc02,180.5,0.6246,LS61,60,,307.0,0
section,LS61_s05b_sc03,251.1,0.5068,LS61,61,,2.0,0
section,LS61_s05b_sc07,126.4,0.3993,LS61,65,,80.0,0
section,LS61_s05b_sc08,257.3,0.5323,LS61,66,,189.0,0
section,LS61_s06b_sc00,252.8,0.6308,LS61,70,,1.0,0
section,LS61_s06b_sc01,340.4,0.4682,LS61,71,,61.0,0
section,LS61_s06b_sc02,235.1,0.5006,LS61,72,,1.0,0
section,LS61_s06b_sc03,109.2,0.452,LS61,73,,69.0,0
section,LS61_s06b_sc06,359.8,0.5433,LS61,76,,180.0,0
section,LS61_s06b_sc08,123.3,0.5117,LS61,78,,77.0,0
section,LS61_s07b_sc05,293.1,0.6852,LS61,87,,216.0,0
section,LS61_s07b_sc06,212.8,0.6554,LS61,88,,226.0,0
section,LS61_s07b_sc07,356.5,0.6412,LS61,89,,267.0,0
section,LS61_s08b_sc00,115.2,0.5305,LS61,94,,164.0,0
section,LS61_s08b_sc01,196.2,0.5775,LS61,95,,50.0,0
section,LS61_s08b_sc03,145.1,0.4586,LS61,97,,185.0,0
section,LS61_s08b_sc04,195.2,0.4904,LS61,98,,60.0,0
section,LS61_s08b_sc06,226.2,0.4707,LS61,100,,79.0,0
section,LS61_s08b_sc07,246.2,0.3643,LS61,101,,270.0,0
section,LS61_s08b_sc08,175.9,0.4182,LS61,102,,220.0,0
section,LS61_s09b_sc02,231.8,0.3657,LS61,109,,84.0,0
section,LS61_s09b_sc03,245.3,0.376,LS61,110,,276.0,0
section,LS61_s09b_sc04,235.2,0.4474,LS61,111,,91.0,0
section,LS61_s09b_sc05,246.8,0.3286,LS61,112,,92.0,0
section,LS61_s09b_sc06,254.1,0.3229,LS61,113,,104.0,0
section,LS61_s09b_sc07,237.0,0.3066,LS61,114,,85.0,0
section,LS69_s01b_sc00,201.3,0.2736,LS69,1,,52.0,0
section,LS69_s01b_sc01,57.0,0.1929,LS69,2,,262.0,0
section,LS69_s01b_sc02,181.6,0.5778,LS69,3,,32.0,0
section,LS69_s01b_sc03,254.5,0.4078,LS69,4,,276.0,0
section,LS69_s01b_sc04,311.4,0.5837,LS69,5,,216.0,0
section,LS69_s01b_sc05,314.7,0.5932,LS69,6,,231.0,0
section,LS69_s01b_sc06,280.3,0.5092,LS69,7,,190.0,0
section,LS69_s01b_sc07,10.2,0.4421,LS69,8,,269.0,0
section,LS69_s01b_sc09,219.6,0.3157,LS69,10,,174.0,0
section,LS69_s01b_sc11,199.9,0.4631,LS69,12,,175.0,0
section,LS69_s01b_sc12,91.2,0.3964,LS69,13,,98.0,0
section,LS69_s01b_sc13,196.1,0.3389,LS69,14,,336.0,0
section,LS69_s01b_sc14,102.6,0.3832,LS69,15,,106.0,0
section,LS69_s02b_sc00,119.3,0.4194,LS69,18,,271.0,0
section,LS69_s02b_sc01,235.6,0.5018,LS69,19,,5.0,0
section,LS69_s02b_sc03,40.4,0.5029,LS69,21,,21.0,0
section,LS69_s02b_sc05,107.9,0.5394,LS69,23,,243.0,0
section,LS69_s02b_sc07,143.7,0.3095,LS69,25,,286.0,0
section,LS69_s02b_sc08,248.3,0.422,LS69,26,,12.0,0
section,LS69_s02b_sc10,163.7,0.4637,LS69,28,,119.0,0
section,LS69_s02b_sc11,258.4,0.2604,LS69,29,,6.0,0
section,LS69_s03b_sc04,239.7,0.5421,LS69,38,,162.0,0
section,LS69_s03b_sc06,248.5,0.5282,LS69,40,,164.0,0
section,LS69_s03b_sc07,262.5,0.5201,LS69,41,,359.0,0
section,LS69_s03b_sc08,264.1,0.4841,LS69,42,,1.0,0
section,LS69_s04b_sc02,272.5,0.5708,LS69,47,,5.0,0
section,LS69_s04b_sc03,275.0,0.458,LS69,48,,5.0,0
section,LS69_s04b_sc05,271.9,0.6097,LS69,50,,7.0,0
section,LS69_s04b_sc06,196.4,0.4988,LS69,51,,299.0,0
section,LS69_s04b_sc07,87.7,0.4185,LS69,52,,218.0,0
section,LS69_s04b_sc08,339.9,0.4575,LS69,53,,141.0,0
section,LS69_s04b_sc09,205.8,0.4844,LS69,54,,306.0,0
section,LS69_s04b_sc10,271.0,0.4536,LS69,55,,183.0,0
section,LS69_s05b_sc01,56.7,0.6217,LS69,57,,110.0,0
section,LS69_s05b_sc02,286.9,0.5527,LS69,58,,21.0,0
section,LS69_s05b_sc03,256.0,0.458,LS69,59,,171.0,0
section,LS69_s05b_sc05,317.3,0.4603,LS69,61,,39.0,0
section,LS69_s05b_sc06,122.2,0.6024,LS69,62,,338.0,0
section,LS69_s05b_sc07,293.0,0.541,LS69,63,,0.0,0
section,LS69_s06b_sc00,234.9,0.5651,LS69,66,,64.0,0
section,LS69_s06b_sc01,350.3,0.485,LS69,67,,245.0,0
section,LS69_s06b_sc02,172.5,0.4037,LS69,68,,286.0,0
section,LS69_s06b_sc03,282.1,0.639,LS69,69,,351.0,0
section,LS69_s06b_sc04,297.4,0.6613,LS69,70,,359.0,0
section,LS69_s06b_sc05,298.0,0.537,LS69,71,,359.0,0
section,LS69_s07b_sc01,288.4,0.578,LS69,78,,4.0,0
section,LS69_s07b_sc02,295.6,0.622,LS69,79,,192.0,0
section,LS69_s07b_sc03,282.5,0.5062,LS69,80,,0.0,0
section,LS69_s07b_sc05,345.6,0.5672,LS69,82,,235.0,0
section,LS69_s07b_sc06,307.6,0.5714,LS69,83,,22.0,0
section,LS69_s07b_sc07,122.2,0.6919,LS69,84,,333.0,0
section,LS69_s07b_sc08,141.4,0.6414,LS69,85,,346.0,0
section,LS69_s07b_sc09,150.4,0.635,LS69,86,,172.0,0
section,LS69_s08b_sc00,69.1,0.5814,LS69,89,,302.0,0
section,LS69_s08b_sc03,339.5,0.5298,LS69,92,,321.0,0
section,LS69_s08b_sc04,243.4,0.4777,LS69,93,,63.0,0
section,LS69_s08b_sc05,3.7,0.5351,LS69,94,,337.0,0
section,LS69_s08b_sc07,291.6,0.4852,LS69,96,,282.0,0
section,LS69_s08b_sc08,106.1,0.5954,LS69,97,,58.0,0
section,LS69_s08b_sc10,313.6,0.5787,LS69,99,,303.0,0
section,LS69_s09b_sc00,190.0,0.5258,LS69,103,,26.0,0
section,LS69_s09b_sc01,229.2,0.5654,LS69,104,,56.0,0
section,LS69_s09b_sc02,260.4,0.4384,LS69,105,,85.0,0
section,LS69_s09b_sc06,242.8,0.4473,LS69,109,,246.0,0
section,LS69_s09b_sc07,245.6,0.3695,LS69,110,,253.0,0
section,LS69_s09b_sc09,243.1,0.4945,LS69,112,,251.0,0
section,LS85_s10b_sc00,159.4,0.4485,LS85,84,,186.0,0
section,LS85_s10b_sc01,136.3,0.4258,LS85,85,,171.0,0
section,LS85_s10b_sc06,186.7,0.5269,LS85,90,,215.0,0
section,LS85_s10b_sc07,192.3,0.555,LS85,91,,58.0,0
section,LS85_s01b_sc00,16.1,0.3297,LS85,1,,164.0,0
section,LS85_s01b_sc04,129.4,0.2298,LS85,5,,70.0,0
section,LS85_s01b_sc06,94.8,0.5469,LS85,7,,233.0,0
section,LS85_s02b_sc05,244.4,0.3166,LS85,13,,167.0,0
section,LS85_s02b_sc06,66.4,0.2977,LS85,14,,30.0,0
section,LS85_s02b_sc09,32.2,0.3923,LS85,17,,11.0,0
section,LS85_s03b_sc01,140.8,0.4276,LS85,19,,280.0,0
section,LS85_s03b_sc03,59.3,0.3639,LS85,21,,33.0,0
section,LS85_s03b_sc05,205.1,0.3936,LS85,23,,145.0,0
section,LS85_s03b_sc06,305.4,0.298,LS85,24,,124.0,0
section,LS85_s03b_sc07,181.8,0.2562,LS85,25,,128.0,0
section,LS85_s03b_sc09,260.0,0.2963,LS85,27,,187.0,0
section,LS85_s04b_sc02,97.6,0.5157,LS85,32,,9.0,0
section,LS85_s04b_sc03,275.8,0.3729,LS85,33,,1.0,0
section,LS85_s04b_sc04,210.2,0.4599,LS85,34,,313.0,0
section,LS85_s04b_sc06,220.3,0.4868,LS85,36,,153.0,0
section,LS85_s04b_sc07,259.7,0.4314,LS85,37,,183.0,0
section,LS85_s04b_sc08,258.6,0.3662,LS85,38,,357.0,0
section,LS85_s04b_sc10,251.0,0.4316,LS85,40,,359.0,0
section,LS85_s04b_sc11,263.5,0.4882,LS85,41,,180.0,0
section,LS85_s05b_sc00,239.3,0.5325,LS85,42,,9.0,0
section,LS85_s05b_sc01,203.5,0.6437,LS85,43,,144.0,0
section,LS85_s05b_sc02,242.4,0.5406,LS85,44,,353.0,0
section,LS85_s05b_sc03,246.3,0.5081,LS85,45,,6.0,0
section,LS85_s05b_sc04,135.9,0.6062,LS85,46,,289.0,0
section,LS85_s05b_sc05,237.6,0.5754,LS85,47,,172.0,0
section,LS85_s05b_sc06,243.6,0.5289,LS85,48,,1.0,0
section,LS85_s05b_sc07,252.0,0.503,LS85,49,,179.0,0
section,LS85_s06b_sc00,159.8,0.5239,LS85,52,,296.0,0
section,LS85_s06b_sc01,149.0,0.5808,LS85,53,,98.0,0
section,LS85_s06b_sc02,243.7,0.5459,LS85,54,,3.0,0
section,LS85_s06b_sc03,210.9,0.5985,LS85,55,,154.0,0
section,LS85_s06b_sc04,233.9,0.5013,LS85,56,,2.0,0
section,LS85_s06b_sc05,234.8,0.5339,LS85,57,,168.0,0
section,LS85_s06b_sc07,199.3,0.5476,LS85,59,,146.0,0
section,LS85_s06b_sc08,205.2,0.5805,LS85,60,,338.0,0
section,LS85_s06b_sc09,256.4,0.5334,LS85,61,,187.0,0
section,LS85_s07c_sc00,251.7,0.506,LS85,1,,9.0,0
section,LS85_s07c_sc01,288.4,0.4649,LS85,2,,25.0,0
section,LS85_s07c_sc02,201.2,0.6133,LS85,3,,328.0,0
section,LS85_s07c_sc03,220.0,0.622,LS85,4,,148.0,0
section,LS85_s07c_sc04,241.8,0.5522,LS85,5,,181.0,0
section,LS85_s07c_sc05,236.6,0.5058,LS85,6,,182.0,0
section,LS85_s07c_sc06,231.5,0.4671,LS85,7,,359.0,0
section,LS85_s07c_sc07,244.7,0.436,LS85,8,,355.0,0
section,LS85_s07c_sc08,215.8,0.5784,LS85,9,,164.0,0
section,LS85_s08b_sc01,233.9,0.4151,LS85,63,,4.0,0
section,LS85_s08b_sc03,222.8,0.4979,LS85,65,,169.0,0
section,LS85_s08b_sc04,238.5,0.4247,LS85,66,,348.0,0
section,LS85_s08b_sc05,102.6,0.4866,LS85,67,,62.0,0
section,LS85_s08b_sc07,88.6,0.6245,LS85,69,,51.0,0
section,LS85_s08b_sc08,92.4,0.4882,LS85,70,,50.0,0
section,LS85_s08b_sc09,99.6,0.5943,LS85,71,,68.0,0
section,LS85_s09b_sc05,218.5,0.5309,LS85,77,,328.0,0
section,LS85_s09b_sc06,149.9,0.6038,LS85,78,,276.0,0
section,LS85_s09b_sc07,47.0,0.6607,LS85,79,,20.0,0
section,LS87_s01b_sc00,144.2,0.4328,LS87,1,,316.0,0
section,LS87_s01b_sc01,104.5,0.2551,LS87,2,,276.0,0
section,LS87_s01b_sc02,169.1,0.3998,LS87,3,,325.0,0
section,LS87_s01b_sc04,305.9,0.5264,LS87,5,,307.0,0
section,LS87_s01b_sc05,123.8,0.4135,LS87,6,,303.0,0
section,LS87_s01b_sc10,79.9,0.4928,LS87,11,,260.0,0
section,LS87_s01b_sc11,49.4,0.5203,LS87,12,,236.0,0
section,LS87_s01b_sc14,85.7,0.4576,LS87,15,,54.0,0
section,LS87_s01b_sc15,13.9,0.3208,LS87,16,,1.0,0
section,LS87_s02b_sc07,302.5,0.5331,LS87,28,,35.0,0
section,LS87_s02b_sc08,215.9,0.4521,LS87,29,,147.0,0
section,LS87_s02b_sc09,260.3,0.386,LS87,30,,354.0,0
section,LS87_s03b_sc01,4.9,0.5412,LS87,35,,277.0,0
section,LS87_s03b_sc07,255.5,0.3678,LS87,41,,177.0,0
section,LS87_s04b_sc00,73.3,0.5518,LS87,45,,122.0,0
section,LS87_s04b_sc01,66.2,0.5772,LS87,46,,30.0,0
section,LS87_s04b_sc02,157.1,0.5855,LS87,47,,285.0,0
section,LS87_s04b_sc03,260.0,0.5463,LS87,48,,9.0,0
section,LS87_s04b_sc04,255.9,0.4019,LS87,49,,176.0,0
section,LS87_s04b_sc05,251.5,0.4907,LS87,50,,177.0,0
section,LS87_s04b_sc06,263.4,0.4539,LS87,51,,184.0,0
section,LS87_s04b_sc07,252.9,0.5143,LS87,52,,358.0,0
section,LS87_s04b_sc08,253.7,0.5886,LS87,53,,357.0,0
section,LS87_s04b_sc09,328.4,0.3288,LS87,54,,61.0,0
section,LS87_s05b_sc00,6.1,0.3249,LS87,55,,171.0,0
section,LS87_s05b_sc01,258.8,0.5947,LS87,56,,354.0,0
section,LS87_s05b_sc02,133.0,0.6533,LS87,57,,275.0,0
section,LS87_s05b_sc03,265.7,0.5069,LS87,58,,0.0,0
section,LS87_s05b_sc04,258.6,0.5599,LS87,59,,182.0,0
section,LS87_s05b_sc05,249.2,0.5539,LS87,60,,183.0,0
section,LS87_s05b_sc07,132.8,0.6717,LS87,62,,87.0,0
section,LS87_s05b_sc09,301.0,0.6282,LS87,64,,21.0,0
section,LS87_s06b_sc00,41.4,0.3846,LS87,66,,107.0,0
section,LS87_s06b_sc01,36.4,0.5806,LS87,67,,12.0,0
section,LS87_s06b_sc02,258.3,0.5616,LS87,68,,177.0,0
section,LS87_s06b_sc03,248.0,0.5185,LS87,69,,175.0,0
section,LS87_s06b_sc04,254.4,0.5102,LS87,70,,359.0,0
section,LS87_s06b_sc05,296.2,0.6273,LS87,71,,212.0,0
section,LS87_s06b_sc06,333.2,0.333,LS87,72,,237.0,0
section,LS87_s07b_sc01,298.1,0.6185,LS87,79,,31.0,0
section,LS87_s08b_sc02,256.0,0.4496,LS87,91,,265.0,0
section,LS87_s08b_sc03,333.8,0.5903,LS87,92,,231.0,0
section,LS87_s08b_sc05,157.2,0.6261,LS87,94,,185.0,0
section,LS87_s08b_sc06,230.1,0.6191,LS87,95,,243.0,0
section,LS87_s08b_sc07,215.4,0.6616,LS87,96,,236.0,0
section,LS87_s09b_sc00,193.3,0.6058,LS87,101,,42.0,0
section,LS87_s09b_sc01,187.7,0.5151,LS87,102,,202.0,0
section,LS87_s09b_sc02,112.5,0.5872,LS87,103,,151.0,0
section,LS87_s09b_sc03,148.2,0.4581,LS87,104,,180.0,0
section,LS87_s09b_sc04,155.0,0.5346,LS87,105,,199.0,0
section,LS87_s09b_sc05,177.0,0.6375,LS87,106,,204.0,0
