rank,tier,tier_reason,scene_uid,pcna_scene_uid,animal,section_order,rotation_unchecked,pair_confidence,pair_align_iou,pcna_focus_score,pcna_n_pieces,pcna_largest_piece_mm2
1,core,,LS105_s05a_sc01,LS105_s05b_sc01,LS105,53,0,high,0.6285,0.1303,1,28.93
2,core,,LS120_s01a_sc00,LS120_s01b_sc00,LS120,1,0,high,0.7488,0.3821,1,2.5
3,core,,LS136_s02a_sc00,LS136_s02b_sc00,LS136,17,0,high,0.6966,0.1069,1,6.36
4,core,,LS138_s01a_sc00,LS138_s01b_sc01,LS138,1,0,high,0.7903,0.2682,2,2.99
5,core,,LS22_s01a_sc01,LS22_s01b_sc00,LS22,2,0,high,0.7837,0.3708,1,6.81
6,core,,LS37_s01a_sc02,LS37_s01b_sc01,LS37,3,0,high,0.6983,0.3339,1,7.18
7,core,,LS45_s03a_sc01,LS45_s03b_sc01,LS45,31,0,high,0.7762,0.0966,1,9.1
8,core,,LS61_s01a_sc02,LS61_s01b_sc03,LS61,3,0,low,0.3633,0.5107,2,4.98
9,core,,LS69_s01a_sc00,LS69_s01b_sc01,LS69,1,0,high,0.8526,0.1105,2,7.58
10,core,,LS87_s01a_sc00,LS87_s01b_sc00,LS87,1,0,high,0.5747,0.3942,2,4.93
11,core,,LS120_s09a_sc03,LS120_s09b_sc05,LS120,106,0,low,0.4058,0.2987,1,19.2
12,core,,LS37_s09a_sc09,LS37_s09b_sc08,LS37,103,0,high,0.8751,0.1108,1,23.77
13,core,,LS22_s09a_sc06,LS22_s09b_sc06,LS22,96,0,high,0.9344,0.2641,1,23.66
14,core,,LS45_s10a_sc08,LS45_s10b_sc08,LS45,116,0,high,0.7651,0.0986,2,5.58
15,core,,LS61_s09a_sc06,LS61_s09b_sc07,LS61,100,0,high,0.785,0.3354,1,19.43
16,core,,LS87_s09a_sc05,LS87_s09b_sc05,LS87,102,0,high,0.7572,0.2641,1,29.94
17,core,,LS120_s04a_sc04,LS120_s04b_sc06,LS120,53,0,high,0.9368,0.2685,1,35.02
18,core,,LS37_s05a_sc04,LS37_s05b_sc05,LS37,53,0,high,0.9255,0.2148,1,29.44
19,core,,LS22_s05a_sc01,LS22_s05b_sc01,LS22,49,0,high,0.9356,0.1168,1,55.67
20,core,,LS45_s06a_sc06,LS45_s06b_sc06,LS45,73,0,high,0.8632,0.2679,1,41.47
21,core,,LS61_s04a_sc09,LS61_s04c_sc10,LS61,51,0,high,0.909,0.1202,1,36.34
22,core,,LS105_s08a_sc11,LS105_s08b_sc09,LS105,87,0,high,0.7731,0.0996,1,27.69
23,core,,LS87_s05a_sc02,LS87_s05b_sc02,LS87,51,0,high,0.9791,0.2954,1,44.79
24,core,,LS136_s08a_sc08,LS136_s08b_sc10,LS136,94,0,high,0.7295,0.1954,1,21.21
25,core,,LS69_s09a_sc07,LS69_s09b_sc09,LS69,108,0,high,0.8759,0.2539,1,18.96
26,core,,LS120_s02a_sc06,LS120_s02b_sc06,LS120,27,0,high,0.7761,0.2071,1,14.98
27,core,,LS37_s03a_sc02,LS37_s03b_sc02,LS37,28,0,high,0.8428,0.1894,2,8.24
28,core,,LS22_s02a_sc10,LS22_s02b_sc10,LS22,25,0,high,0.8899,0.1183,1,13.12
29,core,,LS45_s04a_sc08,LS45_s04b_sc08,LS45,52,0,high,0.9047,0.2669,1,32.45
30,core,,LS61_s03a_sc00,LS61_s03b_sc00,LS61,28,0,high,0.7817,0.1241,1,11.13
31,core,,LS138_s07a_sc07,LS138_s07b_sc07,LS138,71,0,high,0.7649,0.3307,1,41.51
32,core,,LS120_s07a_sc00,LS120_s07b_sc00,LS120,80,0,high,0.8809,0.0962,1,35.59
33,core,,LS87_s02a_sc07,LS87_s02b_sc09,LS87,26,0,high,0.6851,0.1516,1,14.72
34,core,,LS37_s07a_sc06,LS37_s07b_sc05,LS37,78,0,high,0.8521,0.273,1,40.06
35,core,,LS22_s07a_sc05,LS22_s07b_sc05,LS22,73,0,high,0.934,0.2665,1,33.54
36,core,,LS45_s08a_sc07,LS45_s08b_sc08,LS45,93,0,high,0.7194,0.3001,1,24.88
37,core,,LS120_s05a_sc07,LS120_s05b_sc08,LS120,66,0,high,0.9285,0.296,1,42.0
38,core,,LS61_s06a_sc07,LS61_s06b_sc08,LS61,72,0,high,0.7703,0.1283,1,33.15
39,core,,LS37_s04a_sc03,LS37_s04b_sc03,LS37,40,0,high,0.8691,0.2849,1,14.28
40,core,,LS105_s06a_sc06,LS105_s06b_sc06,LS105,70,0,high,0.7019,0.2627,1,44.33
41,core,,LS22_s04a_sc00,LS22_s04b_sc00,LS22,37,0,high,0.7384,0.1125,1,48.49
42,core,,LS87_s07a_sc01,LS87_s07b_sc01,LS87,73,0,high,0.7968,0.113,1,36.42
43,core,,LS136_s04a_sc11,LS136_s04b_sc12,LS136,55,0,high,0.5554,0.0865,2,23.59
44,core,,LS69_s02a_sc08,LS69_s02b_sc10,LS69,25,0,high,0.7479,0.4185,1,9.84
45,core,,LS45_s09a_sc09,LS45_s09b_sc08,LS45,105,0,high,0.7784,0.1381,1,17.86
46,core,,LS120_s08a_sc01,LS120_s08b_sc02,LS120,93,0,high,0.8943,0.2251,1,23.64
47,core,,LS37_s06a_sc05,LS37_s06b_sc05,LS37,65,0,high,0.738,0.2606,1,41.67
48,core,,LS22_s06a_sc03,LS22_s06b_sc03,LS22,61,0,high,0.9615,0.2709,1,41.88
49,core,,LS61_s08a_sc00,LS61_s08b_sc00,LS61,87,0,high,0.9085,0.3567,1,27.02
50,core,,LS87_s08a_sc02,LS87_s08b_sc02,LS87,87,0,high,0.7528,0.2811,1,21.76
51,core,,LS120_s01a_sc12,LS120_s01b_sc10,LS120,13,0,high,0.6483,0.171,2,5.58
52,core,,LS45_s03a_sc12,LS45_s03b_sc12,LS45,42,0,high,0.644,0.118,1,28.48
53,core,,LS37_s08a_sc08,LS37_s08b_sc08,LS37,90,0,high,0.8885,0.0915,1,30.78
54,core,,LS22_s01a_sc12,LS22_s01b_sc11,LS22,13,0,low,0.4094,0.0947,3,6.96
55,core,,LS61_s02a_sc01,LS61_s02b_sc01,LS61,17,0,high,0.8085,0.2774,1,13.45
56,core,,LS105_s05a_sc09,LS105_s05b_sc09,LS105,61,0,low,0.4952,0.1097,1,26.48
57,core,,LS138_s01a_sc10,LS138_s01b_sc11,LS138,11,0,high,0.8643,0.0793,3,4.28
58,core,,LS120_s03a_sc06,LS120_s03b_sc06,LS120,41,0,high,0.6006,0.3977,3,19.25
59,core,,LS87_s04a_sc00,LS87_s04b_sc00,LS87,39,0,high,0.7767,0.1513,1,59.57
60,core,,LS37_s01a_sc12,LS37_s01b_sc11,LS37,13,0,high,0.7897,0.1966,1,13.97
61,core,,LS45_s05a_sc05,LS45_s05b_sc05,LS45,62,0,high,0.9241,0.2772,1,42.46
62,core,,LS136_s03a_sc04,LS136_s03b_sc04,LS136,36,0,high,0.706,0.1199,1,17.93
63,core,,LS22_s08a_sc05,LS22_s08b_sc05,LS22,84,0,high,0.7165,0.1039,1,22.53
64,core,,LS69_s01a_sc12,LS69_s01b_sc13,LS69,13,0,high,0.6722,0.3827,1,7.2
65,core,,LS61_s03a_sc11,LS61_s03b_sc12,LS61,39,0,high,0.6403,0.1183,1,25.95
66,core,,LS120_s01a_sc19,LS120_s01b_sc18,LS120,20,0,high,0.6304,0.0891,2,12.36
67,core,,LS37_s04a_sc09,LS37_s04b_sc09,LS37,46,0,high,0.903,0.1125,1,22.0
68,core,,LS45_s08a_sc01,LS45_s08b_sc01,LS45,87,0,high,0.8447,0.3431,1,29.51
69,core,,LS87_s01a_sc11,LS87_s01b_sc11,LS87,12,0,low,0.3797,0.0755,1,22.84
70,core,,LS22_s02a_sc04,LS22_s02b_sc04,LS22,19,0,high,0.6682,0.4529,2,5.11
71,core,,LS120_s02a_sc13,LS120_s02b_sc13,LS120,34,0,low,0.3232,0.3081,1,11.53
72,core,,LS61_s05a_sc08,LS61_s05b_sc08,LS61,61,0,high,0.9341,0.1168,1,59.88
73,core,,LS37_s08a_sc02,LS37_s08b_sc02,LS37,84,0,high,0.8137,0.2911,1,37.56
74,core,,LS105_s08a_sc02,LS105_s08b_sc01,LS105,78,0,high,0.8745,0.1109,1,36.34
75,core,,LS22_s04a_sc06,LS22_s04b_sc06,LS22,43,0,high,0.8185,0.2354,1,28.45
76,core,,LS45_s09a_sc03,LS45_s09b_sc02,LS45,99,0,high,0.8415,0.2819,1,23.2
77,core,,LS87_s06a_sc02,LS87_s06b_sc02,LS87,62,0,high,0.5784,0.2285,1,41.29
78,core,,LS136_s07a_sc00,LS136_s07b_sc00,LS136,78,0,low,0.4704,0.0795,1,40.8
79,core,,LS120_s06a_sc03,LS120_s06b_sc03,LS120,73,0,high,0.755,0.294,1,40.94
80,core,,LS37_s01a_sc07,LS37_s01b_sc06,LS37,8,0,high,0.8987,0.106,1,14.12
81,core,,LS61_s01a_sc09,LS61_s01b_sc09,LS61,10,0,low,0.4707,0.4182,4,4.95
82,core,,LS69_s09a_sc00,LS69_s09b_sc02,LS69,101,0,high,0.8859,0.2014,1,21.76
83,core,,LS22_s01a_sc06,LS22_s01b_sc05,LS22,7,0,high,0.935,0.3649,1,9.05
84,core,,LS45_s03a_sc06,LS45_s03b_sc06,LS45,36,0,high,0.6876,0.1527,1,22.82
85,core,,LS138_s07a_sc00,LS138_s07b_sc00,LS138,64,0,high,0.9537,0.107,1,64.88
86,core,,LS120_s01a_sc06,LS120_s01b_sc04,LS120,7,0,high,0.8079,0.0903,1,6.05
87,core,,LS87_s04a_sc06,LS87_s04b_sc06,LS87,45,0,high,0.9377,0.2556,1,40.51
88,core,,LS37_s03a_sc07,LS37_s03b_sc07,LS37,33,0,high,0.7124,0.103,1,7.66
89,core,,LS22_s06a_sc08,LS22_s06b_sc08,LS22,66,0,high,0.9462,0.0931,1,39.74
90,core,,LS61_s04a_sc03,LS61_s04c_sc04,LS61,45,0,high,0.6351,0.2337,1,31.77
91,core,,LS45_s04a_sc03,LS45_s04b_sc03,LS45,47,0,high,0.625,0.2538,1,26.56
92,core,,LS120_s05a_sc00,LS120_s05b_sc00,LS120,59,0,high,0.9406,0.2272,1,34.9
93,core,,LS105_s05a_sc05,LS105_s05b_sc05,LS105,57,0,low,0.4546,0.116,1,26.89
94,core,,LS37_s06a_sc00,LS37_s06b_sc00,LS37,60,0,high,0.9421,0.2839,1,36.61
95,core,,LS87_s01a_sc05,LS87_s01b_sc05,LS87,6,0,low,0.4325,0.1117,1,15.48
96,core,,LS22_s08a_sc00,LS22_s08b_sc00,LS22,79,0,high,0.8243,0.1588,1,44.23
97,core,,LS136_s02a_sc10,LS136_s02b_sc12,LS136,27,0,high,0.7532,0.2375,2,5.97
98,core,,LS61_s07a_sc05,LS61_s07b_sc05,LS61,81,0,high,0.6261,0.3416,1,27.99
99,core,,LS120_s03a_sc11,LS120_s03b_sc10,LS120,46,0,low,0.4672,0.0844,2,7.93
100,core,,LS45_s05a_sc00,LS45_s05b_sc00,LS45,57,0,high,0.8313,0.2698,1,39.92
101,core,,LS37_s09a_sc01,LS37_s09b_sc01,LS37,95,0,low,0.3999,0.2218,1,30.56
102,core,,LS69_s01a_sc06,LS69_s01b_sc07,LS69,7,0,high,0.7053,0.1189,1,10.94
103,core,,LS22_s09a_sc01,LS22_s09b_sc01,LS22,91,0,high,0.9232,0.1305,1,24.46
104,core,,LS87_s05a_sc07,LS87_s05b_sc07,LS87,56,0,high,0.9224,0.1184,1,47.03
105,core,,LS120_s07a_sc08,LS120_s07b_sc08,LS120,88,0,high,0.9404,0.2354,1,28.04
106,core,,LS61_s03a_sc05,LS61_s03b_sc05,LS61,33,0,low,0.4588,0.3347,1,15.59
107,core,,LS45_s06a_sc01,LS45_s06b_sc01,LS45,68,0,high,0.9524,0.1171,1,46.41
108,core,,LS37_s07a_sc02,LS37_s07b_sc01,LS37,74,0,high,0.9305,0.3131,1,28.37
109,core,,LS105_s06a_sc01,LS105_s06b_sc01,LS105,65,0,high,0.5675,0.1039,1,26.26
110,core,,LS138_s01a_sc05,LS138_s01b_sc06,LS138,6,0,high,0.9308,0.1051,2,5.75
111,core,,LS22_s03a_sc06,LS22_s03b_sc06,LS22,33,0,high,0.7342,0.1491,1,24.01
112,core,,LS120_s01a_sc03,LS120_s01b_sc02,LS120,4,0,high,0.8869,0.0881,1,5.29
113,core,,LS87_s08a_sc07,LS87_s08b_sc07,LS87,92,0,low,0.5468,0.2659,1,28.61
114,core,,LS37_s09a_sc05,LS37_s09b_sc04,LS37,99,0,high,0.8995,0.3109,1,33.26
115,core,,LS45_s07a_sc01,LS45_s07b_sc01,LS45,78,0,high,0.9177,0.1223,1,43.09
116,core,,LS61_s05a_sc03,LS61_s05b_sc03,LS61,56,0,high,0.6626,0.1692,1,36.58
117,core,,LS136_s04a_sc01,LS136_s04b_sc01,LS136,45,0,high,0.638,0.162,1,41.45
118,core,,LS22_s01a_sc09,LS22_s01b_sc09,LS22,10,0,high,0.6108,0.3782,1,6.81
119,core,,LS120_s01a_sc09,LS120_s01b_sc07,LS120,10,0,high,0.9271,0.3272,1,7.22
120,core,,LS69_s02a_sc02,LS69_s02b_sc03,LS69,19,0,high,0.7727,0.3621,1,10.68
121,core,,LS37_s04a_sc00,LS37_s04b_sc00,LS37,37,0,high,0.71,0.0757,1,11.77
122,core,,LS87_s09a_sc00,LS87_s09b_sc00,LS87,97,0,high,0.5521,0.12,1,32.89
123,core,,LS45_s10a_sc02,LS45_s10b_sc02,LS45,110,0,high,0.8572,0.3377,1,33.88
124,core,,LS61_s06a_sc01,LS61_s06b_sc01,LS61,66,0,high,0.94,0.0892,1,59.2
125,core,,LS22_s02a_sc01,LS22_s02b_sc01,LS22,16,0,low,0.4514,0.1074,1,27.78
126,core,,LS120_s01a_sc15,LS120_s01b_sc14,LS120,16,0,high,0.6755,0.0967,1,8.75
127,core,,LS37_s04a_sc06,LS37_s04b_sc06,LS37,43,0,high,0.9529,0.1007,1,19.82
128,core,,LS105_s08a_sc05,LS105_s08b_sc04,LS105,81,0,high,0.6402,0.3255,1,30.9
129,core,,LS45_s03a_sc09,LS45_s03b_sc09,LS45,39,0,high,0.88,0.1378,1,24.92
130,core,,LS87_s06a_sc06,LS87_s06b_sc06,LS87,66,0,high,0.6602,0.1753,1,25.13
131,core,,LS22_s02a_sc07,LS22_s02b_sc07,LS22,22,0,high,0.753,0.3712,1,12.9
132,core,,LS61_s09a_sc01,LS61_s09b_sc02,LS61,95,0,high,0.8552,0.3782,1,23.4
133,core,,LS120_s02a_sc02,LS120_s02b_sc02,LS120,23,0,high,0.8115,0.2969,1,14.21
134,core,,LS136_s06a_sc00,LS136_s06b_sc00,LS136,69,0,high,0.8733,0.2929,1,48.91
135,core,,LS37_s05a_sc00,LS37_s05b_sc01,LS37,49,0,high,0.8079,0.0944,1,29.07
136,core,,LS138_s07a_sc03,LS138_s07b_sc03,LS138,67,0,high,0.6113,0.3094,1,40.47
137,core,,LS45_s08a_sc04,LS45_s08b_sc05,LS45,90,0,high,0.8505,0.2685,1,27.8
138,core,,LS22_s04a_sc03,LS22_s04b_sc03,LS22,40,0,high,0.9093,0.2839,1,29.31
139,core,,LS120_s02a_sc09,LS120_s02b_sc09,LS120,30,0,high,0.6746,0.3382,1,12.79
140,core,,LS69_s01a_sc03,LS69_s01b_sc03,LS69,4,0,high,0.7214,0.1101,1,7.09
141,core,,LS87_s01a_sc14,LS87_s01b_sc15,LS87,15,0,high,0.8133,0.0776,2,7.25
142,core,,LS61_s02a_sc05,LS61_s02b_sc08,LS61,21,0,high,0.6674,0.2299,2,8.76
143,core,,LS37_s05a_sc07,LS37_s05b_sc08,LS37,56,0,high,0.8523,0.2524,1,16.31
144,core,,LS105_s08a_sc08,LS105_s08b_sc06,LS105,84,0,high,0.9199,0.1047,1,27.2
145,core,,LS120_s04a_sc00,LS120_s04b_sc00,LS120,49,0,high,0.8945,0.2167,1,27.31
146,core,,LS22_s05a_sc04,LS22_s05b_sc04,LS22,52,0,high,0.8962,0.2064,1,55.99
147,core,,LS45_s09a_sc06,LS45_s09b_sc05,LS45,102,0,high,0.7014,0.2123,1,23.7
148,core,,LS37_s06a_sc08,LS37_s06b_sc08,LS37,68,0,low,0.4635,0.1091,1,37.75
149,core,,LS61_s01a_sc06,LS61_s01b_sc07,LS61,7,0,high,0.567,0.3719,1,6.58
150,core,,LS87_s04a_sc03,LS87_s04b_sc03,LS87,42,0,low,0.491,0.2538,1,37.46
151,core,,LS136_s02a_sc05,LS136_s02b_sc06,LS136,22,0,low,0.3909,0.2426,2,6.22
152,core,,LS120_s04a_sc07,LS120_s04b_sc09,LS120,56,0,high,0.8348,0.2239,3,18.0
153,core,,LS22_s06a_sc00,LS22_s06b_sc00,LS22,58,0,high,0.9118,0.1208,1,58.72
154,core,,LS45_s10a_sc05,LS45_s10b_sc05,LS45,113,0,high,0.5791,0.1205,2,8.77
155,core,,LS37_s08a_sc05,LS37_s08b_sc05,LS37,87,0,high,0.9247,0.2246,1,35.67
156,core,,LS61_s03a_sc08,LS61_s03b_sc09,LS61,36,0,high,0.8714,0.1384,1,20.87
157,core,,LS87_s04a_sc09,LS87_s04b_sc09,LS87,48,0,high,0.6087,0.1102,1,27.44
158,core,,LS69_s09a_sc04,LS69_s09b_sc06,LS69,105,0,high,0.6154,0.3312,1,20.73
159,core,,LS120_s05a_sc03,LS120_s05b_sc04,LS120,62,0,high,0.8844,0.1216,1,35.6
160,core,,LS22_s07a_sc02,LS22_s07b_sc02,LS22,70,0,high,0.959,0.1156,1,39.39
161,core,,LS45_s03a_sc03,LS45_s03b_sc03,LS45,33,0,high,0.5957,0.1165,1,14.01
162,core,,LS37_s01a_sc04,LS37_s01b_sc03,LS37,5,0,high,0.8428,0.3275,1,11.12
163,core,,LS105_s05a_sc03,LS105_s05b_sc03,LS105,55,0,high,0.6123,0.2522,1,27.08
164,core,,LS138_s01a_sc02,LS138_s01b_sc03,LS138,3,0,high,0.8399,0.1001,2,3.99
165,core,,LS61_s04a_sc06,LS61_s04c_sc07,LS61,48,0,high,0.8956,0.2554,1,31.67
166,core,,LS120_s06a_sc00,LS120_s06b_sc00,LS120,70,0,low,0.4724,0.2704,1,49.13
167,core,,LS87_s01a_sc02,LS87_s01b_sc02,LS87,3,0,low,0.4224,0.0779,2,7.64
168,core,,LS22_s08a_sc08,LS22_s08b_sc08,LS22,87,0,low,0.4879,0.2718,1,18.3
169,core,,LS37_s01a_sc09,LS37_s01b_sc08,LS37,10,0,high,0.8907,0.1207,1,15.62
170,core,,LS45_s04a_sc00,LS45_s04b_sc00,LS45,44,0,high,0.8786,0.2847,1,30.4
171,core,,LS136_s04a_sc05,LS136_s04b_sc06,LS136,49,0,low,0.5015,0.1206,1,30.66
172,core,,LS120_s06a_sc06,LS120_s06b_sc06,LS120,76,0,high,0.9425,0.2841,1,45.0
173,core,,LS22_s01a_sc03,LS22_s01b_sc02,LS22,4,0,high,0.9208,0.3368,2,5.92
174,core,,LS61_s08a_sc03,LS61_s08b_sc07,LS61,90,0,low,0.2634,0.1367,2,20.09
175,core,,LS37_s03a_sc04,LS37_s03b_sc04,LS37,30,0,high,0.7672,0.3668,2,7.83
176,core,,LS87_s02a_sc05,LS87_s02b_sc07,LS87,24,0,low,0.547,0.2634,1,16.43
177,core,,LS45_s04a_sc05,LS45_s04b_sc05,LS45,49,0,high,0.6014,0.2187,1,23.62
178,core,,LS69_s01a_sc08,LS69_s01b_sc09,LS69,9,0,high,0.8308,0.3476,2,15.83
179,core,,LS120_s09a_sc00,LS120_s09b_sc02,LS120,103,0,high,0.8497,0.1222,2,14.14
180,core,,LS105_s05a_sc07,LS105_s05b_sc07,LS105,59,0,high,0.5647,0.2397,1,26.59
181,core,,LS22_s03a_sc00,LS22_s03b_sc00,LS22,27,0,high,0.7798,0.1244,1,11.29
182,core,,LS37_s06a_sc02,LS37_s06b_sc02,LS37,62,0,high,0.931,0.3409,1,38.46
183,core,,LS61_s01a_sc11,LS61_s01b_sc11,LS61,12,0,low,0.3508,0.4223,4,4.91
184,core,,LS87_s05a_sc04,LS87_s05b_sc04,LS87,53,0,high,0.6064,0.2025,1,46.76
185,core,,LS45_s05a_sc02,LS45_s05b_sc02,LS45,59,0,high,0.8763,0.3607,1,38.62
186,core,,LS120_s01a_sc17,LS120_s01b_sc15,LS120,18,0,high,0.9091,0.111,1,11.32
187,core,,LS22_s03a_sc08,LS22_s03b_sc08,LS22,35,0,high,0.8307,0.2383,1,20.73
188,core,,LS136_s04a_sc08,LS136_s04b_sc09,LS136,52,0,high,0.662,0.3015,1,24.43
189,core,,LS37_s07a_sc04,LS37_s07b_sc03,LS37,76,0,high,0.831,0.3413,1,37.75
190,core,,LS138_s01a_sc07,LS138_s01b_sc08,LS138,8,0,high,0.8575,0.1062,2,5.6
191,core,,LS61_s02a_sc03,LS61_s02b_sc03,LS61,19,0,high,0.7101,0.377,4,4.96
192,core,,LS120_s02a_sc04,LS120_s02b_sc04,LS120,25,0,high,0.769,0.0731,1,12.89
193,core,,LS45_s06a_sc03,LS45_s06b_sc03,LS45,70,0,low,0.5179,0.2526,1,49.18
194,core,,LS87_s05a_sc09,LS87_s05b_sc09,LS87,58,0,high,0.6314,0.1069,1,47.25
195,core,,LS22_s06a_sc05,LS22_s06b_sc05,LS22,63,0,high,0.7117,0.2431,1,43.02
196,core,,LS37_s08a_sc00,LS37_s08b_sc00,LS37,82,0,high,0.8141,0.2622,1,38.21
197,core,,LS69_s01a_sc10,LS69_s01b_sc11,LS69,11,0,high,0.8466,0.1069,1,11.59
198,core,,LS105_s05a_sc11,LS105_s05b_sc11,LS105,63,0,low,0.49,0.0912,1,47.23
199,core,,LS61_s03a_sc03,LS61_s03b_sc03,LS61,31,0,high,0.6148,0.1239,1,12.63
200,core,,LS120_s02a_sc11,LS120_s02b_sc11,LS120,32,0,high,0.5844,0.3648,1,11.8
201,core,,LS45_s06a_sc09,LS45_s06b_sc09,LS45,76,0,high,0.9696,0.308,1,43.22
202,core,,LS22_s07a_sc00,LS22_s07b_sc00,LS22,68,0,high,0.8911,0.1083,1,51.94
203,core,,LS37_s09a_sc07,LS37_s09b_sc06,LS37,101,0,high,0.9299,0.353,1,29.75
204,core,,LS87_s06a_sc00,LS87_s06b_sc00,LS87,60,0,high,0.6353,0.1105,1,51.11
205,core,,LS120_s03a_sc09,LS120_s03b_sc08,LS120,44,0,high,0.6787,0.1076,1,36.45
206,core,,LS136_s02a_sc03,LS136_s02b_sc04,LS136,20,0,high,0.7131,0.088,1,7.17
207,core,,LS61_s04a_sc01,LS61_s04c_sc01,LS61,43,0,high,0.8507,0.3316,1,33.8
208,core,,LS45_s09a_sc11,LS45_s09b_sc10,LS45,107,0,low,0.5092,0.1289,1,15.57
209,core,,LS22_s08a_sc02,LS22_s08b_sc02,LS22,81,0,high,0.7913,0.2194,1,28.29
210,core,,LS37_s01a_sc03,LS37_s01b_sc02,LS37,4,0,high,0.8439,0.1024,1,10.47
211,core,,LS87_s06a_sc04,LS87_s06b_sc04,LS87,64,0,low,0.5453,0.2754,1,40.71
212,core,,LS120_s04a_sc02,LS120_s04b_sc04,LS120,51,0,high,0.8937,0.2308,1,33.08
213,core,,LS105_s06a_sc04,LS105_s06b_sc04,LS105,68,0,high,0.7058,0.2459,1,25.37
214,core,,LS138_s07a_sc05,LS138_s07b_sc05,LS138,69,0,high,0.6118,0.25,1,38.38
215,core,,LS22_s09a_sc03,LS22_s09b_sc03,LS22,93,0,high,0.8881,0.275,1,22.97
216,core,,LS37_s01a_sc05,LS37_s01b_sc04,LS37,6,0,high,0.8858,0.2268,1,10.51
217,core,,LS45_s03a_sc02,LS45_s03b_sc02,LS45,32,0,high,0.711,0.1108,1,11.15
218,core,,LS61_s05a_sc00,LS61_s05b_sc00,LS61,53,0,high,0.8387,0.2004,1,29.85
219,core,,LS69_s02a_sc00,LS69_s02b_sc00,LS69,17,0,high,0.8064,0.3527,1,7.73
220,core,,LS120_s05a_sc05,LS120_s05b_sc06,LS120,64,0,high,0.9431,0.3109,1,41.54
221,core,,LS87_s08a_sc05,LS87_s08b_sc05,LS87,90,0,high,0.8228,0.2445,1,28.68
222,core,,LS37_s01a_sc06,LS37_s01b_sc05,LS37,7,0,high,0.9364,0.1037,1,13.7
223,core,,LS22_s01a_sc02,LS22_s01b_sc01,LS22,3,0,high,0.843,0.4218,1,7.72
224,core,,LS45_s03a_sc04,LS45_s03b_sc04,LS45,34,0,high,0.7383,0.2644,1,13.28
225,core,,LS61_s06a_sc05,LS61_s06b_sc06,LS61,70,0,high,0.7268,0.2115,1,39.32
226,core,,LS136_s02a_sc07,LS136_s02b_sc08,LS136,24,0,high,0.5804,0.0938,3,3.93
227,core,,LS120_s05a_sc09,LS120_s05b_sc10,LS120,68,0,high,0.7532,0.0869,1,44.01
228,core,,LS87_s09a_sc02,LS87_s09b_sc02,LS87,99,0,high,0.8621,0.3191,1,26.77
229,core,,LS37_s01a_sc08,LS37_s01b_sc07,LS37,9,0,high,0.9207,0.1106,1,14.83
230,core,,LS22_s01a_sc05,LS22_s01b_sc04,LS22,6,0,high,0.8742,0.3343,3,3.39
231,core,,LS45_s03a_sc05,LS45_s03b_sc05,LS45,35,0,high,0.7136,0.2155,1,17.19
232,core,,LS120_s06a_sc08,LS120_s06b_sc08,LS120,78,0,high,0.9433,0.1941,1,37.8
233,core,,LS61_s07a_sc07,LS61_s07b_sc07,LS61,83,0,low,0.5264,0.3528,1,28.07
234,core,,LS105_s06a_sc08,LS105_s06b_sc08,LS105,72,0,high,0.8755,0.2292,1,45.74
235,core,,LS69_s02a_sc04,LS69_s02b_sc05,LS69,21,0,high,0.9,0.1031,1,8.87
236,core,,LS37_s01a_sc10,LS37_s01b_sc09,LS37,11,0,high,0.9482,0.1162,1,15.29
237,core,,LS22_s01a_sc08,LS22_s01b_sc07,LS22,9,0,high,0.9085,0.2319,1,8.0
238,core,,LS87_s01a_sc01,LS87_s01b_sc01,LS87,2,0,high,0.8304,0.188,2,3.6
239,core,,LS120_s01a_sc02,LS120_s01b_sc03,LS120,3,0,high,0.9116,0.0989,1,5.41
240,core,,LS45_s03a_sc07,LS45_s03b_sc07,LS45,37,0,high,0.7816,0.1073,1,20.28
241,core,,LS61_s09a_sc03,LS61_s09b_sc04,LS61,97,0,high,0.8576,0.4151,1,28.24
242,core,,LS138_s01a_sc01,LS138_s01b_sc02,LS138,2,0,high,0.9161,0.1132,2,3.21
243,core,,LS37_s01a_sc11,LS37_s01b_sc10,LS37,12,0,high,0.8565,0.0917,2,5.03
244,core,,LS136_s02a_sc12,LS136_s02b_sc14,LS136,29,0,low,0.5255,0.2652,1,8.06
245,core,,LS22_s01a_sc10,LS22_s01b_sc08,LS22,11,0,high,0.9276,0.1144,1,10.21
246,core,,LS120_s01a_sc05,LS120_s01b_sc05,LS120,6,0,high,0.826,0.1534,1,7.06
247,core,,LS45_s03a_sc08,LS45_s03b_sc08,LS45,38,0,high,0.8609,0.216,1,19.77
248,core,,LS87_s01a_sc04,LS87_s01b_sc04,LS87,5,0,high,0.8589,0.2637,1,8.23
249,core,,LS61_s03a_sc01,LS61_s03b_sc01,LS61,29,0,high,0.6689,0.1151,1,10.18
250,core,,LS37_s03a_sc01,LS37_s03b_sc01,LS37,27,0,high,0.886,0.0981,2,8.25
251,core,,LS105_s05a_sc02,LS105_s05b_sc02,LS105,54,0,high,0.6695,0.2419,1,26.8
252,core,,LS22_s02a_sc00,LS22_s02b_sc00,LS22,15,0,high,0.6701,0.1239,1,19.12
253,core,,LS120_s01a_sc11,LS120_s01b_sc11,LS120,12,0,high,0.7315,0.1317,2,6.72
254,core,,LS69_s02a_sc06,LS69_s02b_sc07,LS69,23,0,high,0.8369,0.3521,1,5.72
255,core,,LS45_s03a_sc10,LS45_s03b_sc10,LS45,40,0,high,0.5784,0.1142,1,26.29
256,core,,LS87_s01a_sc10,LS87_s01b_sc10,LS87,11,0,low,0.3623,0.3025,1,8.7
257,core,,LS37_s03a_sc03,LS37_s03b_sc03,LS37,29,0,high,0.8326,0.1929,2,8.29
258,core,,LS22_s02a_sc02,LS22_s02b_sc02,LS22,17,0,high,0.8888,0.126,1,11.57
259,core,,LS61_s03a_sc06,LS61_s03b_sc06,LS61,34,0,high,0.9204,0.1339,1,18.07
260,core,,LS120_s01a_sc14,LS120_s01b_sc13,LS120,15,0,high,0.7684,0.3174,1,10.27
261,core,,LS136_s04a_sc03,LS136_s04b_sc03,LS136,47,0,low,0.5002,0.1345,1,24.01
262,core,,LS45_s03a_sc13,LS45_s03b_sc13,LS45,43,0,high,0.865,0.113,1,38.39
263,core,,LS37_s03a_sc05,LS37_s03b_sc06,LS37,31,0,high,0.7178,0.0987,1,6.81
264,core,,LS22_s02a_sc03,LS22_s02b_sc03,LS22,18,0,high,0.825,0.3379,1,12.33
265,core,,LS87_s02a_sc06,LS87_s02b_sc08,LS87,25,0,low,0.5339,0.0872,1,21.6
266,core,,LS120_s01a_sc16,LS120_s01b_sc16,LS120,17,0,high,0.8401,0.2694,1,10.94
267,core,,LS61_s03a_sc07,LS61_s03b_sc07,LS61,35,0,high,0.862,0.1544,1,18.36
268,core,,LS105_s05a_sc04,LS105_s05b_sc04,LS105,56,0,high,0.866,0.1009,1,29.1
269,core,,LS138_s01a_sc06,LS138_s01b_sc07,LS138,7,0,high,0.8765,0.2496,2,5.57
270,core,,LS37_s03a_sc06,LS37_s03b_sc08,LS37,32,0,high,0.753,0.3026,2,6.39
271,core,,LS45_s04a_sc04,LS45_s04b_sc04,LS45,48,0,high,0.8307,0.2602,1,27.32
272,core,,LS22_s02a_sc05,LS22_s02b_sc05,LS22,20,0,high,0.9271,0.1422,1,11.34
273,core,,LS120_s01a_sc18,LS120_s01b_sc17,LS120,19,0,high,0.8409,0.254,5,3.9
274,core,,LS69_s01a_sc01,LS69_s01b_sc00,LS69,2,0,low,0.4624,0.0974,2,7.25
275,core,,LS87_s04a_sc02,LS87_s04b_sc02,LS87,41,0,high,0.9618,0.2917,1,39.62
276,core,,LS61_s03a_sc09,LS61_s03b_sc10,LS61,37,0,high,0.7401,0.1573,1,21.14
277,core,,LS37_s04a_sc02,LS37_s04b_sc02,LS37,39,0,high,0.7885,0.2372,1,12.8
278,core,,LS45_s04a_sc06,LS45_s04b_sc06,LS45,50,0,high,0.9204,0.327,1,31.64
279,core,,LS22_s02a_sc08,LS22_s02b_sc08,LS22,23,0,high,0.86,0.1307,1,11.43
280,core,,LS120_s02a_sc00,LS120_s02b_sc00,LS120,21,0,high,0.6179,0.0712,1,18.84
281,core,,LS136_s02a_sc01,LS136_s02b_sc01,LS136,18,0,low,0.3337,0.3288,1,5.32
282,core,,LS87_s04a_sc04,LS87_s04b_sc04,LS87,43,0,high,0.97,0.2212,1,38.96
283,core,,LS61_s03a_sc10,LS61_s03b_sc11,LS61,38,0,high,0.9208,0.3116,1,23.06
284,core,,LS37_s04a_sc04,LS37_s04b_sc04,LS37,41,0,high,0.8275,0.0993,1,15.8
285,core,,LS105_s05a_sc06,LS105_s05b_sc06,LS105,58,0,high,0.8455,0.26,1,26.4
286,core,,LS120_s02a_sc01,LS120_s02b_sc01,LS120,22,0,high,0.6351,0.3178,1,16.18
287,core,,LS22_s02a_sc09,LS22_s02b_sc09,LS22,24,0,high,0.7447,0.4795,1,12.59
288,core,,LS45_s04a_sc09,LS45_s04b_sc09,LS45,53,0,high,0.7175,0.2975,1,30.68
289,core,,LS37_s04a_sc05,LS37_s04b_sc05,LS37,42,0,high,0.9123,0.246,1,16.27
290,core,,LS61_s03a_sc12,LS61_s03b_sc13,LS61,40,0,high,0.7556,0.1034,1,34.93
291,core,,LS87_s04a_sc05,LS87_s04b_sc05,LS87,44,0,low,0.4991,0.123,1,42.6
292,core,,LS69_s01a_sc02,LS69_s01b_sc04,LS69,3,0,high,0.9015,0.1143,1,8.3
293,core,,LS120_s02a_sc03,LS120_s02b_sc03,LS120,24,0,high,0.6885,0.3053,3,6.41
294,core,,LS22_s02a_sc11,LS22_s02b_sc11,LS22,26,0,high,0.8313,0.3816,2,8.87
295,core,,LS45_s05a_sc01,LS45_s05b_sc01,LS45,58,0,high,0.8947,0.1269,1,38.51
296,core,,LS138_s01a_sc08,LS138_s01b_sc09,LS138,9,0,high,0.8613,0.287,3,5.68
297,core,,LS37_s04a_sc08,LS37_s04b_sc08,LS37,45,0,high,0.922,0.1162,1,21.51
298,core,,LS136_s02a_sc08,LS136_s02b_sc10,LS136,25,0,high,0.6531,0.1126,1,6.02
299,core,,LS120_s02a_sc07,LS120_s02b_sc07,LS120,28,0,high,0.7475,0.3356,1,11.62
300,core,,LS22_s03a_sc07,LS22_s03b_sc07,LS22,34,0,high,0.8669,0.1307,1,21.86
301,core,,LS61_s04a_sc02,LS61_s04c_sc02,LS61,44,0,high,0.7943,0.2744,1,26.28
302,core,,LS87_s04a_sc07,LS87_s04b_sc07,LS87,46,0,low,0.4641,0.251,1,40.82
303,core,,LS45_s05a_sc03,LS45_s05b_sc03,LS45,60,0,low,0.5237,0.2577,1,41.93
304,core,,LS105_s05a_sc08,LS105_s05b_sc08,LS105,60,0,high,0.5552,0.2887,1,23.93
305,core,,LS37_s04a_sc10,LS37_s04b_sc10,LS37,47,0,high,0.772,0.1141,1,23.22
306,core,,LS120_s02a_sc08,LS120_s02b_sc08,LS120,29,0,high,0.7712,0.3404,1,14.96
307,core,,LS22_s04a_sc01,LS22_s04b_sc01,LS22,38,0,high,0.7772,0.1619,1,49.39
308,core,,LS61_s04a_sc04,LS61_s04c_sc05,LS61,46,0,low,0.4344,0.3478,1,30.15
309,core,,LS45_s06a_sc02,LS45_s06b_sc02,LS45,69,0,high,0.8899,0.2952,1,46.39
310,core,,LS87_s04a_sc08,LS87_s04b_sc08,LS87,47,0,high,0.9165,0.2507,1,44.32
311,core,,LS37_s04a_sc11,LS37_s04b_sc11,LS37,48,0,high,0.863,0.1095,1,19.96
312,core,,LS69_s01a_sc04,LS69_s01b_sc05,LS69,5,0,high,0.8967,0.1014,1,9.65
313,core,,LS120_s02a_sc12,LS120_s02b_sc12,LS120,33,0,low,0.28,0.2604,1,9.09
314,core,,LS22_s04a_sc02,LS22_s04b_sc02,LS22,39,0,high,0.8705,0.292,1,29.42
315,core,,LS136_s03a_sc03,LS136_s03b_sc03,LS136,35,0,high,0.8202,0.3279,1,16.85
316,core,,LS61_s04a_sc05,LS61_s04c_sc06,LS61,47,0,low,0.5261,0.2514,1,19.51
317,core,,LS45_s06a_sc04,LS45_s06b_sc04,LS45,71,0,high,0.9066,0.3068,1,43.37
318,core,,LS37_s05a_sc01,LS37_s05b_sc02,LS37,50,0,high,0.7506,0.1098,1,28.19
319,core,,LS87_s05a_sc00,LS87_s05b_sc00,LS87,49,0,high,0.6479,0.1254,1,35.19
320,core,,LS120_s03a_sc00,LS120_s03b_sc00,LS120,35,0,high,0.7727,0.119,1,12.2
321,core,,LS105_s06a_sc00,LS105_s06b_sc00,LS105,64,0,high,0.5785,0.1192,1,26.78
322,core,,LS138_s01a_sc09,LS138_s01b_sc10,LS138,10,0,high,0.8992,0.0939,2,10.39
323,core,,LS22_s04a_sc05,LS22_s04b_sc05,LS22,42,0,high,0.9311,0.3484,1,33.67
324,core,,LS37_s05a_sc03,LS37_s05b_sc04,LS37,52,0,high,0.6669,0.1055,1,19.92
325,core,,LS45_s06a_sc05,LS45_s06b_sc05,LS45,72,0,high,0.8364,0.288,1,38.46
326,core,,LS61_s04a_sc07,LS61_s04c_sc08,LS61,49,0,high,0.9679,0.2986,1,33.2
327,core,,LS120_s03a_sc07,LS120_s03b_sc07,LS120,42,0,high,0.6587,0.2087,1,30.34
328,core,,LS87_s05a_sc01,LS87_s05b_sc01,LS87,50,0,high,0.7947,0.1557,1,64.89
329,core,,LS22_s05a_sc00,LS22_s05b_sc00,LS22,48,0,high,0.9513,0.3012,1,38.8
330,core,,LS69_s01a_sc05,LS69_s01b_sc06,LS69,6,0,high,0.9272,0.1218,1,11.0
331,core,,LS37_s05a_sc05,LS37_s05b_sc06,LS37,54,0,high,0.9351,0.1253,1,27.0
332,core,,LS120_s03a_sc10,LS120_s03b_sc09,LS120,45,0,high,0.7537,0.1121,1,17.48
333,core,,LS45_s07a_sc00,LS45_s07b_sc00,LS45,77,0,high,0.7459,0.3113,1,35.06
334,core,,LS61_s04a_sc08,LS61_s04c_sc09,LS61,50,0,high,0.8829,0.2732,1,34.03
335,core,,LS136_s04a_sc02,LS136_s04b_sc02,LS136,46,0,high,0.814,0.2813,1,23.57
336,core,,LS22_s05a_sc02,LS22_s05b_sc02,LS22,50,0,high,0.9371,0.2772,1,49.5
337,core,,LS87_s05a_sc03,LS87_s05b_sc03,LS87,52,0,high,0.6804,0.3128,1,49.7
338,core,,LS37_s05a_sc06,LS37_s05b_sc07,LS37,55,0,high,0.937,0.3108,1,31.1
339,core,,LS105_s06a_sc02,LS105_s06b_sc02,LS105,66,0,low,0.4949,0.2728,1,23.75
340,core,,LS120_s04a_sc01,LS120_s04b_sc02,LS120,50,0,high,0.8897,0.1924,1,30.44
341,core,,LS45_s08a_sc02,LS45_s08b_sc03,LS45,88,0,high,0.7755,0.3602,1,30.49
342,core,,LS22_s06a_sc01,LS22_s06b_sc01,LS22,59,0,high,0.9466,0.1408,1,58.29
343,core,,LS61_s04a_sc10,LS61_s04c_sc11,LS61,52,0,high,0.6145,0.2705,1,37.77
344,core,,LS37_s05a_sc08,LS37_s05b_sc09,LS37,57,0,high,0.6445,0.1038,1,20.72
345,core,,LS87_s05a_sc05,LS87_s05b_sc05,LS87,54,0,high,0.7305,0.2704,1,46.6
346,core,,LS120_s04a_sc03,LS120_s04b_sc05,LS120,52,0,high,0.8037,0.3073,1,29.22
347,core,,LS138_s07a_sc02,LS138_s07b_sc02,LS138,66,0,high,0.9785,0.3006,1,46.11
348,core,,LS45_s08a_sc03,LS45_s08b_sc04,LS45,89,0,high,0.9397,0.142,1,28.89
349,core,,LS22_s06a_sc02,LS22_s06b_sc02,LS22,60,0,low,0.5174,0.2488,1,36.77
350,core,,LS69_s01a_sc11,LS69_s01b_sc12,LS69,12,0,high,0.8553,0.3868,1,13.33
351,core,,LS61_s05a_sc01,LS61_s05b_sc01,LS61,54,0,high,0.8241,0.2433,1,42.66
352,core,,LS37_s06a_sc01,LS37_s06b_sc01,LS37,61,0,high,0.9058,0.2633,1,34.37
353,core,,LS120_s04a_sc06,LS120_s04b_sc08,LS120,55,0,high,0.8983,0.2469,1,30.14
354,core,,LS136_s04a_sc07,LS136_s04b_sc08,LS136,51,0,high,0.8725,0.2404,1,29.93
355,core,,LS87_s06a_sc01,LS87_s06b_sc01,LS87,61,0,low,0.504,0.104,1,48.78
356,core,,LS105_s06a_sc05,LS105_s06b_sc05,LS105,69,0,low,0.5377,0.2666,1,42.01
357,core,,LS22_s06a_sc04,LS22_s06b_sc04,LS22,62,0,high,0.9454,0.1323,1,43.96
358,core,,LS45_s08a_sc05,LS45_s08b_sc06,LS45,91,0,high,0.7911,0.1056,1,23.43
359,core,,LS37_s06a_sc03,LS37_s06b_sc03,LS37,63,0,high,0.9439,0.2519,1,34.61
360,core,,LS61_s05a_sc02,LS61_s05b_sc02,LS61,55,0,high,0.874,0.2788,1,36.08
361,core,,LS120_s04a_sc08,LS120_s04b_sc10,LS120,57,0,high,0.5621,0.1991,1,34.9
362,core,,LS22_s06a_sc06,LS22_s06b_sc06,LS22,64,0,high,0.9713,0.17,1,42.04
363,core,,LS87_s06a_sc03,LS87_s06b_sc03,LS87,63,0,high,0.6575,0.2078,1,39.88
364,core,,LS45_s09a_sc02,LS45_s09b_sc01,LS45,98,0,high,0.7135,0.2939,1,22.46
365,core,,LS37_s06a_sc04,LS37_s06b_sc04,LS37,64,0,high,0.5514,0.3049,1,44.03
366,core,,LS120_s04a_sc09,LS120_s04b_sc11,LS120,58,0,low,0.4849,0.1858,1,35.01
367,core,,LS61_s05a_sc07,LS61_s05b_sc07,LS61,60,0,high,0.5843,0.3198,1,30.3
368,core,,LS69_s01a_sc13,LS69_s01b_sc14,LS69,14,0,high,0.8639,0.3583,1,12.39
369,core,,LS22_s06a_sc07,LS22_s06b_sc07,LS22,65,0,high,0.661,0.2795,1,44.58
370,core,,LS136_s04a_sc09,LS136_s04b_sc10,LS136,53,0,low,0.4975,0.2936,1,20.27
371,core,,LS45_s09a_sc04,LS45_s09b_sc03,LS45,100,0,high,0.859,0.2015,1,23.3
372,core,,LS37_s06a_sc06,LS37_s06b_sc06,LS37,66,0,high,0.942,0.1169,1,39.07
373,core,,LS87_s06a_sc05,LS87_s06b_sc05,LS87,65,0,low,0.3655,0.278,1,44.58
374,core,,LS120_s05a_sc01,LS120_s05b_sc02,LS120,60,0,high,0.8695,0.1129,1,35.7
375,core,,LS105_s06a_sc07,LS105_s06b_sc07,LS105,71,0,high,0.8008,0.2426,1,43.22
376,core,,LS138_s07a_sc04,LS138_s07b_sc04,LS138,68,0,low,0.4984,0.1327,1,40.35
377,core,,LS61_s06a_sc00,LS61_s06b_sc00,LS61,65,0,high,0.9698,0.1913,1,41.24
378,core,,LS22_s08a_sc03,LS22_s08b_sc03,LS22,82,0,high,0.8211,0.154,1,14.49
379,core,,LS37_s06a_sc07,LS37_s06b_sc07,LS37,67,0,high,0.5998,0.2835,2,13.81
380,core,,LS120_s05a_sc02,LS120_s05b_sc03,LS120,61,0,high,0.8742,0.2857,1,38.35
381,core,,LS45_s09a_sc05,LS45_s09b_sc04,LS45,101,0,high,0.8825,0.2616,1,25.17
382,core,,LS87_s08a_sc03,LS87_s08b_sc03,LS87,88,0,high,0.8575,0.2624,1,28.75
383,core,,LS22_s08a_sc04,LS22_s08b_sc04,LS22,83,0,high,0.9112,0.129,1,25.27
384,core,,LS61_s06a_sc02,LS61_s06b_sc02,LS61,67,0,high,0.9455,0.2929,1,37.23
385,core,,LS37_s07a_sc03,LS37_s07b_sc02,LS37,75,0,high,0.5868,0.2403,1,25.16
386,core,,LS120_s06a_sc02,LS120_s06b_sc02,LS120,72,0,high,0.9705,0.2466,1,42.15
387,core,,LS45_s09a_sc07,LS45_s09b_sc06,LS45,103,0,high,0.8865,0.3158,1,24.77
388,core,,LS69_s02a_sc01,LS69_s02b_sc01,LS69,18,0,high,0.7327,0.1124,1,10.55
389,core,,LS136_s04a_sc10,LS136_s04b_sc11,LS136,54,0,low,0.318,0.2689,1,25.18
390,core,,LS87_s08a_sc06,LS87_s08b_sc06,LS87,91,0,high,0.8675,0.289,1,31.27
391,core,,LS105_s08a_sc03,LS105_s08b_sc02,LS105,79,0,high,0.764,0.3112,1,31.69
392,core,,LS22_s08a_sc06,LS22_s08b_sc06,LS22,85,0,high,0.6895,0.2403,1,22.76
393,core,,LS37_s07a_sc05,LS37_s07b_sc04,LS37,77,0,high,0.5603,0.3193,1,34.03
394,core,,LS61_s07a_sc06,LS61_s07b_sc06,LS61,82,0,high,0.9114,0.2687,1,28.37
395,core,,LS120_s06a_sc04,LS120_s06b_sc04,LS120,74,0,high,0.8469,0.2626,1,41.22
396,core,,LS45_s10a_sc00,LS45_s10b_sc00,LS45,108,0,high,0.9026,0.104,1,23.65
397,core,,LS22_s08a_sc07,LS22_s08b_sc07,LS22,86,0,high,0.9288,0.2588,1,22.6
398,core,,LS37_s07a_sc07,LS37_s07b_sc06,LS37,79,0,low,0.5305,0.297,1,32.09
399,core,,LS87_s09a_sc01,LS87_s09b_sc01,LS87,98,0,high,0.8074,0.1126,1,35.68
400,core,,LS120_s06a_sc07,LS120_s06b_sc07,LS120,77,0,high,0.9187,0.1127,1,36.34
401,core,,LS138_s07a_sc06,LS138_s07b_sc06,LS138,70,0,high,0.7234,0.2795,1,45.97
402,core,,LS61_s09a_sc02,LS61_s09b_sc03,LS61,96,0,high,0.9006,0.433,1,24.34
403,core,,LS45_s10a_sc03,LS45_s10b_sc03,LS45,111,0,low,0.4131,0.1325,1,21.76
404,core,,LS22_s09a_sc02,LS22_s09b_sc02,LS22,92,0,high,0.939,0.1147,1,23.87
405,core,,LS37_s08a_sc03,LS37_s08b_sc03,LS37,85,0,high,0.8908,0.2248,1,34.49
406,core,,LS120_s08a_sc00,LS120_s08b_sc01,LS120,92,0,low,0.1577,0.2145,1,24.75
407,core,,LS69_s09a_sc05,LS69_s09b_sc07,LS69,106,0,high,0.8899,0.1521,1,19.08
408,core,,LS136_s08a_sc07,LS136_s08b_sc09,LS136,93,0,high,0.7808,0.0987,1,28.28
409,core,,LS87_s09a_sc03,LS87_s09b_sc03,LS87,100,0,high,0.5931,0.319,1,28.97
410,core,,LS105_s08a_sc09,LS105_s08b_sc07,LS105,85,0,high,0.8548,0.2949,1,28.27
411,core,,LS61_s09a_sc04,LS61_s09b_sc05,LS61,98,0,high,0.6431,0.306,2,17.24
412,core,,LS45_s10a_sc06,LS45_s10b_sc06,LS45,114,0,high,0.7291,0.3401,1,23.32
413,core,,LS22_s09a_sc04,LS22_s09b_sc04,LS22,94,0,high,0.949,0.303,1,23.86
414,core,,LS37_s08a_sc07,LS37_s08b_sc07,LS37,89,0,high,0.6259,0.1798,1,31.75
415,core,,LS120_s09a_sc01,LS120_s09b_sc03,LS120,104,0,low,0.2969,0.3139,2,13.58
416,core,,LS87_s09a_sc04,LS87_s09b_sc04,LS87,101,0,high,0.9175,0.2925,1,33.57
417,core,,LS61_s09a_sc05,LS61_s09b_sc06,LS61,99,0,high,0.7849,0.3622,1,19.62
418,core,,LS45_s10a_sc07,LS45_s10b_sc07,LS45,115,0,high,0.8118,0.3215,2,10.14
419,core,,LS22_s09a_sc05,LS22_s09b_sc05,LS22,95,0,high,0.8772,0.2832,1,22.27
420,core,,LS37_s09a_sc00,LS37_s09b_sc00,LS37,94,0,high,0.85,0.1764,1,29.35
421,core,,LS120_s09a_sc02,LS120_s09b_sc04,LS120,105,0,high,0.9034,0.2689,1,21.39
422,unpaired_unchecked,no PCNA partner; rotation never checked against anything,LS105_s08a_sc00,,LS105,76,1,,,,,
423,unpaired_unchecked,no PCNA partner; rotation never checked against anything,LS120_s01a_sc04,,LS120,5,1,,,,,
424,unpaired_unchecked,no PCNA partner; rotation never checked against anything,LS136_s02a_sc02,,LS136,19,1,,,,,
425,unpaired_unchecked,no PCNA partner; rotation never checked against anything,LS22_s01a_sc00,,LS22,1,1,,,,,
426,unpaired_unchecked,no PCNA partner; rotation never checked against anything,LS37_s01a_sc01,,LS37,2,1,,,,,
427,unpaired_unchecked,no PCNA partner; rotation never checked against anything,LS45_s09a_sc00,,LS45,96,1,,,,,
428,unpaired_unchecked,no PCNA partner; rotation never checked against anything,LS61_s01a_sc03,,LS61,4,1,,,,,
429,unpaired_unchecked,no PCNA partner; rotation never checked against anything,LS69_s02a_sc09,,LS69,26,1,,,,,
430,unpaired_unchecked,no PCNA partner; rotation never checked against anything,LS87_s07a_sc06,,LS87,78,1,,,,,
431,unpaired_unchecked,no PCNA partner; rotation never checked against anything,LS120_s08a_sc10,,LS120,102,1,,,,,
432,unpaired_unchecked,no PCNA partner; rotation never checked against anything,LS37_s09a_sc10,,LS37,104,1,,,,,
433,unpaired_unchecked,no PCNA partner; rotation never checked against anything,LS105_s08a_sc07,,LS105,83,1,,,,,
434,unpaired_unchecked,no PCNA partner; rotation never checked against anything,LS136_s06a_sc07,,LS136,76,1,,,,,
435,unpaired_unchecked,no PCNA partner; rotation never checked against anything,LS120_s03a_sc08,,LS120,43,1,,,,,
436,unpaired_unchecked,no PCNA partner; rotation never checked against anything,LS61_s01a_sc07,,LS61,8,1,,,,,
437,unpaired_unchecked,no PCNA partner; rotation never checked against anything,LS37_s07a_sc00,,LS37,72,1,,,,,
438,unpaired_unchecked,no PCNA partner; rotation never checked against anything,LS120_s07a_sc11,,LS120,91,1,,,,,
439,unpaired_unchecked,no PCNA partner; rotation never checked against anything,LS105_s08a_sc01,,LS105,77,1,,,,,
440,unpaired_unchecked,no PCNA partner; rotation never checked against anything,LS136_s06a_sc03,,LS136,72,1,,,,,
441,unpaired_unchecked,no PCNA partner; rotation never checked against anything,LS22_s09a_sc12,,LS22,102,1,,,,,
442,unpaired_unchecked,no PCNA partner; rotation never checked against anything,LS69_s02a_sc11,,LS69,28,1,,,,,
443,unpaired_unchecked,no PCNA partner; rotation never checked against anything,LS87_s07a_sc12,,LS87,84,1,,,,,
444,unpaired_unchecked,no PCNA partner; rotation never checked against anything,LS120_s08a_sc04,,LS120,96,1,,,,,
445,unpaired_unchecked,no PCNA partner; rotation never checked against anything,LS37_s09a_sc02,,LS37,96,1,,,,,
446,unpaired_unchecked,no PCNA partner; rotation never checked against anything,LS61_s01a_sc05,,LS61,6,1,,,,,
447,unpaired_unchecked,no PCNA partner; rotation never checked against anything,LS120_s08a_sc06,,LS120,98,1,,,,,
448,unpaired_unchecked,no PCNA partner; rotation never checked against anything,LS105_s08a_sc06,,LS105,82,1,,,,,
449,unpaired_unchecked,no PCNA partner; rotation never checked against anything,LS136_s06a_sc05,,LS136,74,1,,,,,
450,unpaired_unchecked,no PCNA partner; rotation never checked against anything,LS37_s09a_sc03,,LS37,97,1,,,,,
451,unpaired_unchecked,no PCNA partner; rotation never checked against anything,LS120_s08a_sc08,,LS120,100,1,,,,,
452,animal_underpowered,animal has <10 measurable sections,LS85_s02a_sc05,LS85_s02b_sc05,LS85,13,0,high,0.6283,0.3338,1,9.9
453,animal_underpowered,animal has <10 measurable sections,LS85_s02a_sc09,LS85_s02b_sc09,LS85,17,0,high,0.6832,0.1116,2,10.25
454,animal_underpowered,animal has <10 measurable sections,LS85_s02a_sc06,LS85_s02b_sc06,LS85,14,0,high,0.5979,0.3547,2,6.86
