scene_uid,extra_rotation,flip,excluded,rotation_source,decision,reason
LS105_s01b_sc00,163,0,0,manual,,""
LS105_s01b_sc07,50,0,0,manual,,""
LS105_s01b_sc10,58,0,0,manual,,""
LS105_s01b_sc13,19,0,0,manual,,""
LS105_s02b_sc02,10,0,0,manual,,""
LS105_s02b_sc03,47,0,0,manual,,""
LS105_s02b_sc04,350,0,0,manual,,""
LS105_s03b_sc05,5,0,0,manual,,""
LS105_s03b_sc06,323,0,0,manual,,""
LS105_s03b_sc07,15,0,0,manual,,""
LS105_s03b_sc10,318,0,0,manual,,""
LS105_s03b_sc11,133,0,0,manual,,""
LS105_s04b_sc04,299,0,0,manual,,""
LS105_s04b_sc06,6,0,0,manual,,""
LS105_s04b_sc07,337,0,0,manual,,""
LS105_s04b_sc08,350,0,0,manual,,""
LS105_s04b_sc09,4,0,0,manual,,""
LS105_s04b_sc10,19,0,0,manual,,""
LS105_s04b_sc11,336,0,0,manual,,""
LS105_s05b_sc02,346,0,0,manual,,""
LS105_s05b_sc03,341,0,0,manual,,""
LS105_s05b_sc08,340,0,0,manual,,""
LS105_s05b_sc10,0,0,1,,manual,"manually excluded: tissue too damaged to measure"
LS105_s06b_sc02,79,0,0,manual,,""
LS105_s06b_sc04,209,0,0,manual,,""
LS105_s06b_sc05,267,0,0,manual,,""
LS105_s06b_sc06,15,0,0,manual,,""
LS105_s07b_sc01,18,0,0,manual,,""
LS105_s07b_sc02,325,0,0,manual,,""
LS105_s07b_sc03,188,0,0,manual,,""
LS105_s07b_sc04,325,0,0,manual,,""
LS105_s07b_sc06,280,0,0,manual,,""
LS105_s07b_sc07,341,0,0,manual,,""
LS105_s08b_sc02,160,0,0,manual,,""
LS105_s08b_sc04,122,0,0,manual,,""
LS105_s08b_sc06,244,0,0,manual,,""
LS105_s08b_sc07,177,0,0,manual,,""
LS105_s08b_sc09,95,0,0,manual,,""
LS105_s09b_sc00,165,0,1,manual,manual,"manually excluded: tissue too damaged to measure"
LS105_s09b_sc03,301,0,1,manual,manual,"manually excluded: tissue too damaged to measure"
LS105_s09b_sc06,0,0,1,,manual,"manually excluded: tissue too damaged to measure"
LS105_s09b_sc07,338,0,0,manual,,""
LS105_s09b_sc08,50,0,0,manual,,""
LS105_s09b_sc09,21,0,0,manual,,""
LS105_s09b_sc10,16,0,0,manual,,""
LS105_s09b_sc11,0,0,1,,manual,"manually excluded: tissue too damaged to measure"
LS105_s10b_sc01,11,0,0,manual,,""
LS105_s10b_sc03,27,0,0,manual,,""
LS105_s10b_sc04,22,0,0,manual,,""
LS105_s10b_sc05,19,0,0,manual,,""
LS105_s10b_sc06,28,0,0,manual,,""
LS105_s10b_sc08,34,0,0,manual,,""
LS105_s10b_sc09,94,0,0,manual,,""
LS120_s01b_sc00,65,0,0,manual,,""
LS120_s01b_sc03,1,0,0,manual,,""
LS120_s01b_sc04,30,0,0,manual,,""
LS120_s01b_sc07,130,0,0,manual,,""
LS120_s01b_sc10,116,0,0,manual,,""
LS120_s01b_sc11,222,0,0,manual,,""
LS120_s01b_sc13,103,0,0,manual,,""
LS120_s01b_sc14,112,0,0,manual,,""
LS120_s01b_sc15,98,0,0,manual,,""
LS120_s01b_sc16,104,0,0,manual,,""
LS120_s01b_sc17,192,0,0,manual,,""
LS120_s01b_sc18,256,0,0,manual,,""
LS120_s02b_sc00,66,0,0,manual,,""
LS120_s02b_sc01,214,0,0,manual,,""
LS120_s02b_sc02,246,0,0,manual,,""
LS120_s02b_sc03,237,0,0,manual,,""
LS120_s02b_sc04,195,0,0,manual,,""
LS120_s02b_sc06,231,0,0,manual,,""
LS120_s02b_sc07,216,0,0,manual,,""
LS120_s02b_sc08,158,0,0,manual,,""
LS120_s02b_sc09,189,0,0,manual,,""
LS120_s02b_sc11,188,0,0,manual,,""
LS120_s02b_sc12,347,0,0,manual,,""
LS120_s02b_sc13,312,0,0,manual,,""
LS120_s03b_sc00,194,0,0,manual,,""
LS120_s03b_sc06,156,0,0,manual,,""
LS120_s03b_sc07,17,0,0,manual,,""
LS120_s03b_sc08,28,0,0,manual,,""
LS120_s03b_sc09,19,0,0,manual,,""
LS120_s04b_sc00,33,0,0,manual,,""
LS120_s04b_sc01,5,0,0,manual,,""
LS120_s04b_sc02,67,0,0,manual,,""
LS120_s04b_sc03,10,0,0,manual,,""
LS120_s04b_sc04,16,0,0,manual,,""
LS120_s04b_sc05,13,0,0,manual,,""
LS120_s04b_sc06,23,0,0,manual,,""
LS120_s04b_sc08,25,0,0,manual,,""
LS120_s04b_sc09,27,0,0,manual,,""
LS120_s04b_sc10,50,0,0,manual,,""
LS120_s04b_sc11,39,0,0,manual,,""
LS120_s05b_sc00,14,0,0,manual,,""
LS120_s05b_sc01,4,0,0,manual,,""
LS120_s05b_sc02,82,0,0,manual,,""
LS120_s05b_sc03,311,0,0,manual,,""
LS120_s05b_sc04,75,0,0,manual,,""
LS120_s05b_sc06,326,0,0,manual,,""
LS120_s05b_sc08,138,0,0,manual,,""
LS120_s05b_sc10,336,0,0,manual,,""
LS120_s06b_sc00,321,0,0,manual,,""
LS120_s06b_sc02,146,0,0,manual,,""
LS120_s06b_sc04,344,0,0,manual,,""
LS120_s06b_sc06,359,0,0,manual,,""
LS120_s06b_sc07,348,0,0,manual,,""
LS120_s06b_sc08,321,0,0,manual,,""
LS120_s07b_sc00,266,0,0,manual,,""
LS120_s07b_sc06,36,0,1,manual,manual,"manually excluded: tissue too damaged to measure"
LS120_s07b_sc07,0,0,1,,manual,"manually excluded: tissue too damaged to measure"
LS120_s07b_sc08,257,0,0,manual,,""
LS120_s08b_sc00,86,0,1,manual,manual,"manually excluded: tissue too damaged to measure"
LS120_s08b_sc01,210,0,0,manual,,""
LS120_s08b_sc02,230,0,0,manual,,""
LS120_s08b_sc03,0,0,1,,manual,"manually excluded: tissue too damaged to measure"
LS120_s09b_sc00,221,0,0,manual,,""
LS120_s09b_sc02,206,0,0,manual,,""
LS120_s09b_sc03,187,0,0,manual,,""
LS120_s09b_sc04,189,0,0,manual,,""
LS120_s09b_sc05,180,0,0,manual,,""
LS120_s09b_sc06,232,0,1,manual,manual,"manually excluded: tissue too damaged to measure"
LS120_s09b_sc07,248,0,0,manual,,""
LS136_s01b_sc04,0,0,1,,manual,"manually excluded: tissue too damaged to measure"
LS136_s01b_sc05,0,0,1,,manual,"manually excluded: tissue too damaged to measure"
LS136_s01b_sc10,319,0,0,manual,,""
LS136_s01b_sc12,339,0,0,manual,,""
LS136_s01b_sc14,329,0,0,manual,,""
LS136_s01b_sc16,332,0,0,manual,,""
LS136_s02b_sc00,333,0,0,manual,,""
LS136_s02b_sc06,122,0,0,manual,,""
LS136_s02b_sc08,93,0,0,manual,,""
LS136_s02b_sc15,0,0,1,,manual,"manually excluded: tissue too damaged to measure"
LS136_s03b_sc03,158,0,0,manual,,""
LS136_s05b_sc00,45,0,0,manual,,""
LS136_s05b_sc01,16,0,0,manual,,""
LS136_s05b_sc03,166,0,0,manual,,""
LS136_s06b_sc00,46,0,0,manual,,""
LS136_s07b_sc00,37,0,0,manual,,""
LS136_s08b_sc09,50,0,0,manual,,""
LS136_s08b_sc10,222,0,0,manual,,""
LS136_s09b_sc00,184,0,0,manual,,""
LS136_s09b_sc01,195,0,0,manual,,""
LS136_s09b_sc02,215,0,0,manual,,""
LS136_s09b_sc03,208,0,0,manual,,""
LS136_s09b_sc04,214,0,0,manual,,""
LS136_s09b_sc05,187,0,0,manual,,""
LS136_s09b_sc06,196,0,0,manual,,""
LS136_s09b_sc07,168,0,0,manual,,""
LS138_s01b_sc06,143,0,0,manual,,""
LS138_s01b_sc07,132,0,0,manual,,""
LS138_s01b_sc08,142,0,0,manual,,""
LS138_s01b_sc09,122,0,0,manual,,""
LS138_s01b_sc10,140,0,0,manual,,""
LS138_s01b_sc11,122,0,0,manual,,""
LS138_s02b_sc01,174,0,0,manual,,""
LS138_s02b_sc02,109,0,0,manual,,""
LS138_s02b_sc03,107,0,0,manual,,""
LS138_s02b_sc06,29,0,0,manual,,""
LS138_s03b_sc02,136,0,1,manual,manual,"manually excluded: tissue too damaged to measure"
LS138_s03b_sc04,39,0,0,manual,,""
LS138_s03b_sc05,324,0,0,manual,,""
LS138_s03b_sc07,35,0,0,manual,,""
LS138_s03b_sc08,47,0,0,manual,,""
LS138_s04b_sc00,38,0,0,manual,,""
LS138_s05b_sc00,67,0,0,manual,,""
LS138_s08b_sc03,0,0,1,,manual,"manually excluded: tissue too damaged to measure"
LS22_s01b_sc00,341,0,0,manual,,""
LS22_s01b_sc01,346,0,0,manual,,""
LS22_s01b_sc02,107,0,0,manual,,""
LS22_s01b_sc04,325,0,0,manual,,""
LS22_s01b_sc07,300,0,0,manual,,""
LS22_s01b_sc11,47,0,0,manual,,""
LS22_s02b_sc00,49,0,0,manual,,""
LS22_s02b_sc01,269,0,0,manual,,""
LS22_s02b_sc02,38,0,0,manual,,""
LS22_s02b_sc03,284,0,0,manual,,""
LS22_s02b_sc05,35,0,0,manual,,""
LS22_s02b_sc07,97,0,0,manual,,""
LS22_s02b_sc08,110,0,0,manual,,""
LS22_s02b_sc09,88,0,0,manual,,""
LS22_s02b_sc10,109,0,0,manual,,""
LS22_s02b_sc11,148,0,0,manual,,""
LS22_s03b_sc00,118,0,0,manual,,""
LS22_s03b_sc06,76,0,0,manual,,""
LS22_s03b_sc07,30,0,0,manual,,""
LS22_s03b_sc08,55,0,0,manual,,""
LS22_s04b_sc05,314,0,0,manual,,""
LS22_s04b_sc06,259,0,0,manual,,""
LS22_s05b_sc00,328,0,0,manual,,""
LS22_s06b_sc00,101,0,0,manual,,""
LS22_s06b_sc03,59,0,0,manual,,""
LS22_s07b_sc00,27,0,0,manual,,""
LS22_s08b_sc01,119,0,1,manual,manual,"manually excluded: tissue too damaged to measure"
LS22_s08b_sc02,308,0,0,manual,,""
LS22_s08b_sc03,194,0,0,manual,,""
LS22_s08b_sc04,206,0,0,manual,,""
LS22_s08b_sc05,215,0,0,manual,,""
LS22_s08b_sc06,186,0,0,manual,,""
LS22_s08b_sc07,187,0,0,manual,,""
LS22_s08b_sc08,185,0,0,manual,,""
LS22_s09b_sc01,190,0,0,manual,,""
LS22_s09b_sc02,185,0,0,manual,,""
LS22_s09b_sc03,186,0,0,manual,,""
LS22_s09b_sc04,197,0,0,manual,,""
LS22_s09b_sc05,196,0,0,manual,,""
LS22_s09b_sc06,276,0,0,manual,,""
LS37_s01b_sc04,300,0,0,manual,,""
LS37_s01b_sc05,343,0,0,manual,,""
LS37_s02b_sc00,255,0,0,manual,,""
LS37_s02b_sc01,19,0,0,manual,,""
LS37_s02b_sc02,153,0,0,manual,,""
LS37_s02b_sc06,345,0,0,manual,,""
LS37_s02b_sc07,342,0,0,manual,,""
LS37_s02b_sc08,310,0,0,manual,,""
LS37_s03b_sc01,27,0,0,manual,,""
LS37_s03b_sc02,34,0,0,manual,,""
LS37_s03b_sc03,31,0,0,manual,,""
LS37_s03b_sc04,347,0,0,manual,,""
LS37_s03b_sc05,47,0,0,manual,,""
LS37_s03b_sc06,19,0,0,manual,,""
LS37_s03b_sc07,10,0,0,manual,,""
LS37_s04b_sc00,319,0,0,manual,,""
LS37_s05b_sc03,0,0,1,,manual,"manually excluded: tissue too damaged to measure"
LS37_s05b_sc11,0,0,1,,manual,"manually excluded: tissue too damaged to measure"
LS37_s08b_sc07,176,0,0,manual,,""
LS37_s08b_sc08,191,0,0,manual,,""
LS37_s10b_sc00,180,0,0,manual,,""
LS37_s10b_sc01,161,0,0,manual,,""
LS37_s10b_sc02,145,0,0,manual,,""
LS37_s10b_sc03,128,0,0,manual,,""
LS37_s10b_sc04,184,0,0,manual,,""
LS37_s10b_sc05,158,0,0,manual,,""
LS37_s10b_sc06,157,0,0,manual,,""
LS37_s10b_sc07,117,0,0,manual,,""
LS45_s08c_sc03,30,0,0,manual,,""
LS45_s01b_sc05,24,0,0,manual,,""
LS45_s08c_sc05,146,0,0,manual,,""
LS45_s01b_sc06,43,0,0,manual,,""
LS45_s01b_sc07,28,0,0,manual,,""
LS45_s01b_sc08,116,0,0,manual,,""
LS45_s08c_sc08,172,0,0,manual,,""
LS45_s08c_sc09,147,0,0,manual,,""
LS45_s01b_sc11,41,0,0,manual,,""
LS45_s09c_sc00,142,0,0,manual,,""
LS45_s01b_sc13,61,0,0,manual,,""
LS45_s09c_sc01,158,0,0,manual,,""
LS45_s09c_sc03,259,0,0,manual,,""
LS45_s02b_sc02,47,0,0,manual,,""
LS45_s09c_sc04,128,0,0,manual,,""
LS45_s09c_sc05,159,0,0,manual,,""
LS45_s02b_sc05,31,0,0,manual,,""
LS45_s02b_sc08,130,0,0,manual,,""
LS45_s02b_sc09,134,0,0,manual,,""
LS45_s02b_sc11,168,0,0,manual,,""
LS45_s02b_sc12,133,0,0,manual,,""
LS45_s03b_sc02,263,0,0,manual,,""
LS45_s03b_sc03,299,0,0,manual,,""
LS45_s03b_sc04,328,0,0,manual,,""
LS45_s03b_sc06,281,0,0,manual,,""
LS45_s03b_sc09,73,0,0,manual,,""
LS45_s03b_sc10,41,0,0,manual,,""
LS45_s03b_sc12,337,0,0,manual,,""
LS45_s03b_sc13,128,0,0,manual,,""
LS45_s04b_sc00,33,0,0,manual,,""
LS45_s04b_sc05,344,0,0,manual,,""
LS45_s04b_sc07,0,0,1,,manual,"manually excluded: tissue too damaged to measure"
LS45_s05b_sc00,53,0,0,manual,,""
LS45_s05b_sc01,43,0,0,manual,,""
LS45_s05b_sc02,68,0,0,manual,,""
LS45_s05b_sc03,13,0,0,manual,,""
LS45_s05b_sc05,326,0,0,manual,,""
LS45_s06b_sc01,11,0,0,manual,,""
LS45_s06b_sc02,14,0,0,manual,,""
LS45_s06b_sc03,62,0,0,manual,,""
LS45_s06b_sc04,128,0,0,manual,,""
LS45_s06b_sc05,169,0,0,manual,,""
LS45_s06b_sc06,67,0,0,manual,,""
LS45_s06b_sc07,81,0,1,manual,manual,"manually excluded: tissue too damaged to measure"
LS45_s07b_sc00,21,0,0,manual,,""
LS45_s07b_sc01,35,0,0,manual,,""
LS45_s07b_sc03,43,0,1,manual,manual,"manually excluded: tissue too damaged to measure"
LS45_s07b_sc04,0,0,1,,manual,"manually excluded: tissue too damaged to measure"
LS45_s08b_sc00,353,0,1,manual,manual,"manually excluded: tissue too damaged to measure"
LS45_s08b_sc01,72,0,0,manual,,""
LS45_s08b_sc02,86,0,0,manual,,""
LS45_s08b_sc03,43,0,0,manual,,""
LS45_s08b_sc04,75,0,0,manual,,""
LS45_s08b_sc05,136,0,0,manual,,""
LS45_s08b_sc06,168,0,0,manual,,""
LS45_s08b_sc08,181,0,0,manual,,""
LS45_s09b_sc01,191,0,0,manual,,""
LS45_s09b_sc02,218,0,0,manual,,""
LS45_s09b_sc03,199,0,0,manual,,""
LS45_s09b_sc04,170,0,0,manual,,""
LS45_s09b_sc05,26,0,0,manual,,""
LS45_s09b_sc07,0,0,1,,manual,"manually excluded: tissue too damaged to measure"
LS45_s09b_sc08,200,0,0,manual,,""
LS45_s09b_sc10,173,0,0,manual,,""
LS45_s10b_sc00,184,0,0,manual,,""
LS45_s10b_sc02,226,0,0,manual,,""
LS45_s10b_sc03,208,0,0,manual,,""
LS45_s10b_sc04,131,0,1,manual,manual,"manually excluded: tissue too damaged to measure"
LS45_s10b_sc05,194,0,0,manual,,""
LS45_s10b_sc06,183,0,0,manual,,""
LS45_s10b_sc07,171,0,0,manual,,""
LS45_s10b_sc08,173,0,0,manual,,""
LS53_s02c_sc00,59,0,0,manual,,""
LS53_s01b_sc03,262,0,0,manual,,""
LS53_s03b_sc01,72,0,0,manual,,""
LS53_s03b_sc03,105,0,0,manual,,""
LS53_s03b_sc04,110,0,0,manual,,""
LS53_s03b_sc05,47,0,0,manual,,""
LS53_s03b_sc07,270,0,0,manual,,""
LS53_s04b_sc03,345,0,0,manual,,""
LS53_s04b_sc08,346,0,0,manual,,""
LS53_s06b_sc01,14,0,0,manual,,""
LS53_s06b_sc03,225,0,0,manual,,""
LS53_s06b_sc04,34,0,0,manual,,""
LS53_s07b_sc04,171,0,0,manual,,""
LS53_s07b_sc06,201,0,0,manual,,""
LS53_s07b_sc09,281,0,0,manual,,""
LS53_s08b_sc01,343,0,0,manual,,""
LS53_s08b_sc02,84,0,0,manual,,""
LS53_s09b_sc00,186,0,0,manual,,""
LS53_s09b_sc02,174,0,0,manual,,""
LS53_s09b_sc04,166,0,0,manual,,""
LS53_s09b_sc05,182,0,0,manual,,""
LS53_s09b_sc06,342,0,0,manual,,""
LS53_s09b_sc09,183,0,0,manual,,""
LS53_s09b_sc10,172,0,0,manual,,""
LS53_s10b_sc00,169,0,0,manual,,""
LS53_s10b_sc01,174,0,0,manual,,""
LS53_s10b_sc06,152,0,0,manual,,""
LS53_s10b_sc07,183,0,0,manual,,""
LS53_s10b_sc08,187,0,0,manual,,""
LS53_s10b_sc09,179,0,0,manual,,""
LS53_s10b_sc10,191,0,0,manual,,""
LS61_s02c_sc02,162,0,0,manual,,""
LS61_s02c_sc05,184,0,0,manual,,""
LS61_s02c_sc06,57,0,0,manual,,""
LS61_s01b_sc09,28,0,0,manual,,""
LS61_s01b_sc11,166,0,0,manual,,""
LS61_s02c_sc11,4,0,0,manual,,""
LS61_s02c_sc14,147,0,0,manual,,""
LS61_s02c_sc15,169,0,0,manual,,""
LS61_s02b_sc01,137,0,0,manual,,""
LS61_s04c_sc01,269,0,0,manual,,""
LS61_s02b_sc03,155,0,0,manual,,""
LS61_s04c_sc02,321,0,0,manual,,""
LS61_s04c_sc04,284,0,0,manual,,""
LS61_s04c_sc05,319,0,0,manual,,""
LS61_s02b_sc07,88,0,0,manual,,""
LS61_s04c_sc06,311,0,0,manual,,""
LS61_s02b_sc08,61,0,0,manual,,""
LS61_s04c_sc07,340,0,0,manual,,""
LS61_s04c_sc08,324,0,0,manual,,""
LS61_s03b_sc00,130,0,0,manual,,""
LS61_s03b_sc01,115,0,0,manual,,""
LS61_s03b_sc03,261,0,0,manual,,""
LS61_s03b_sc05,271,0,0,manual,,""
LS61_s03b_sc07,333,0,0,manual,,""
LS61_s03b_sc08,313,0,0,manual,,""
LS61_s03b_sc09,229,0,0,manual,,""
LS61_s03b_sc10,344,0,0,manual,,""
LS61_s03b_sc11,323,0,0,manual,,""
LS61_s03b_sc12,289,0,0,manual,,""
LS61_s03b_sc13,216,0,0,manual,,""
LS61_s04b_sc04,248,0,0,manual,,""
LS61_s04b_sc05,293,0,0,manual,,""
LS61_s04b_sc06,3,0,1,manual,manual,"manually excluded: tissue too damaged to measure"
LS61_s04b_sc07,295,0,0,manual,,""
LS61_s04b_sc08,323,0,0,manual,,""
LS61_s05b_sc01,46,0,0,manual,,""
LS61_s05b_sc02,327,0,0,manual,,""
LS61_s05b_sc07,297,0,0,manual,,""
LS61_s06b_sc01,41,0,0,manual,,""
LS61_s06b_sc03,287,0,0,manual,,""
LS61_s06b_sc06,231,0,0,manual,,""
LS61_s06b_sc07,29,0,1,manual,manual,"manually excluded: tissue too damaged to measure"
LS61_s06b_sc08,297,0,0,manual,,""
LS61_s06b_sc09,63,0,1,manual,manual,"manually excluded: tissue too damaged to measure"
LS61_s07b_sc05,16,0,0,manual,,""
LS61_s07b_sc06,152,0,0,manual,,""
LS61_s07b_sc07,56,0,0,manual,,""
LS61_s08b_sc00,120,0,0,manual,,""
LS61_s08b_sc01,158,0,0,manual,,""
LS61_s08b_sc03,129,0,0,manual,,""
LS61_s08b_sc04,157,0,0,manual,,""
LS61_s08b_sc06,169,0,0,manual,,""
LS61_s08b_sc07,177,0,0,manual,,""
LS61_s08b_sc08,152,0,0,manual,,""
LS61_s09b_sc02,177,0,0,manual,,""
LS61_s09b_sc03,188,0,0,manual,,""
LS61_s09b_sc04,183,0,0,manual,,""
LS61_s09b_sc05,184,0,0,manual,,""
LS61_s09b_sc06,194,0,0,manual,,""
LS61_s09b_sc07,182,0,0,manual,,""
LS69_s01b_sc00,157,0,0,manual,,""
LS69_s01b_sc02,320,0,0,manual,,""
LS69_s01b_sc03,195,0,0,manual,,""
LS69_s01b_sc04,28,0,0,manual,,""
LS69_s01b_sc05,36,0,0,manual,,""
LS69_s01b_sc06,7,0,0,manual,,""
LS69_s01b_sc07,67,0,0,manual,,""
LS69_s01b_sc09,174,0,0,manual,,""
LS69_s01b_sc11,160,0,0,manual,,""
LS69_s01b_sc12,102,0,0,manual,,""
LS69_s01b_sc13,335,0,0,manual,,""
LS69_s01b_sc14,105,0,0,manual,,""
LS69_s02b_sc00,300,0,0,manual,,""
LS69_s02b_sc03,253,0,0,manual,,""
LS69_s02b_sc05,287,0,0,manual,,""
LS69_s02b_sc07,311,0,0,manual,,""
LS69_s02b_sc08,7,0,0,manual,,""
LS69_s02b_sc10,318,0,0,manual,,""
LS69_s03b_sc04,356,0,0,manual,,""
LS69_s04b_sc04,323,0,1,manual,manual,"manually excluded: tissue too damaged to measure"
LS69_s04b_sc06,325,0,0,manual,,""
LS69_s04b_sc07,260,0,0,manual,,""
LS69_s04b_sc08,214,0,0,manual,,""
LS69_s04b_sc09,328,0,0,manual,,""
LS69_s05b_sc01,71,0,0,manual,,""
LS69_s05b_sc02,8,0,0,manual,,""
LS69_s05b_sc04,0,0,1,,manual,"manually excluded: tissue too damaged to measure"
LS69_s05b_sc05,29,0,0,manual,,""
LS69_s05b_sc06,98,0,0,manual,,""
LS69_s06b_sc00,165,0,0,manual,,""
LS69_s06b_sc01,41,0,0,manual,,""
LS69_s06b_sc02,320,0,0,manual,,""
LS69_s07b_sc05,35,0,0,manual,,""
LS69_s07b_sc06,18,0,0,manual,,""
LS69_s07b_sc07,97,0,0,manual,,""
LS69_s07b_sc08,109,0,0,manual,,""
LS69_s07b_sc09,108,0,0,manual,,""
LS69_s08b_sc00,259,0,0,manual,,""
LS69_s08b_sc03,213,0,0,manual,,""
LS69_s08b_sc04,167,0,0,manual,,""
LS69_s08b_sc05,227,0,0,manual,,""
LS69_s08b_sc07,10,0,0,manual,,""
LS69_s08b_sc08,275,0,0,manual,,""
LS69_s08b_sc10,200,0,0,manual,,""
LS69_s09b_sc00,142,0,0,manual,,""
LS69_s09b_sc01,162,0,0,manual,,""
LS69_s09b_sc02,175,0,0,manual,,""
LS69_s09b_sc06,161,0,0,manual,,""
LS69_s09b_sc07,169,0,0,manual,,""
LS69_s09b_sc09,166,0,0,manual,,""
LS85_s01b_sc00,228,0,0,manual,,""
LS85_s07c_sc01,10,0,0,manual,,""
LS85_s07c_sc02,331,0,0,manual,,""
LS85_s07c_sc03,337,0,0,manual,,""
LS85_s01b_sc04,295,0,0,manual,,""
LS85_s07c_sc05,180,0,0,manual,,""
LS85_s01b_sc06,272,0,0,manual,,""
LS85_s07c_sc06,359,0,0,manual,,""
LS85_s02b_sc06,260,0,0,manual,,""
LS85_s02b_sc09,247,0,0,manual,,""
LS85_s03b_sc01,300,0,0,manual,,""
LS85_s03b_sc03,260,0,0,manual,,""
LS85_s03b_sc05,332,0,0,manual,,""
LS85_s03b_sc06,199,0,0,manual,,""
LS85_s03b_sc07,323,0,0,manual,,""
LS85_s04b_sc04,335,0,0,manual,,""
LS85_s04b_sc06,344,0,0,manual,,""
LS85_s05b_sc01,340,0,0,manual,,""
LS85_s05b_sc04,297,0,0,manual,,""
LS85_s05b_sc08,0,0,1,,manual,"manually excluded: tissue too damaged to measure"
LS85_s05b_sc09,0,0,1,,manual,"manually excluded: tissue too damaged to measure"
LS85_s06b_sc00,317,0,0,manual,,""
LS85_s06b_sc01,312,0,0,manual,,""
LS85_s06b_sc03,340,0,0,manual,,""
LS85_s06b_sc06,0,0,1,,manual,"manually excluded: tissue too damaged to measure"
LS85_s06b_sc07,329,0,0,manual,,""
LS85_s06b_sc08,336,0,0,manual,,""
LS85_s08b_sc03,350,0,0,manual,,""
LS85_s08b_sc05,287,0,0,manual,,""
LS85_s08b_sc07,284,0,0,manual,,""
LS85_s08b_sc08,280,0,0,manual,,""
LS85_s08b_sc09,283,0,0,manual,,""
LS85_s09b_sc05,341,0,0,manual,,""
LS85_s09b_sc06,303,0,0,manual,,""
LS85_s09b_sc07,258,0,0,manual,,""
LS85_s10b_sc00,129,0,0,manual,,""
LS85_s10b_sc01,129,0,0,manual,,""
LS85_s10b_sc02,0,0,1,,manual,"manually excluded: tissue too damaged to measure"
LS85_s10b_sc04,0,0,1,,manual,"manually excluded: tissue too damaged to measure"
LS85_s10b_sc05,85,0,1,manual,manual,"manually excluded: tissue too damaged to measure"
LS85_s10b_sc06,136,0,0,manual,,""
LS85_s10b_sc07,164,0,0,manual,,""
LS87_s01b_sc00,289,0,0,manual,,""
LS87_s01b_sc01,275,0,0,manual,,""
LS87_s01b_sc02,305,0,0,manual,,""
LS87_s01b_sc04,304,0,0,manual,,""
LS87_s01b_sc05,303,0,0,manual,,""
LS87_s01b_sc10,265,0,0,manual,,""
LS87_s01b_sc11,249,0,0,manual,,""
LS87_s01b_sc14,37,0,0,manual,,""
LS87_s01b_sc15,6,0,0,manual,,""
LS87_s02b_sc07,19,0,0,manual,,""
LS87_s02b_sc08,335,0,0,manual,,""
LS87_s02b_sc12,340,0,1,manual,manual,"manually excluded: tissue too damaged to measure"
LS87_s03b_sc01,53,0,0,manual,,""
LS87_s03b_sc03,29,0,1,manual,manual,"manually excluded: tissue too damaged to measure"
LS87_s04b_sc00,87,0,0,manual,,""
LS87_s04b_sc01,262,0,0,manual,,""
LS87_s04b_sc02,313,0,0,manual,,""
LS87_s04b_sc09,39,0,0,manual,,""
LS87_s05b_sc00,232,0,0,manual,,""
LS87_s05b_sc02,305,0,0,manual,,""
LS87_s05b_sc06,325,0,1,manual,manual,"manually excluded: tissue too damaged to measure"
LS87_s05b_sc07,297,0,0,manual,,""
LS87_s06b_sc00,72,0,0,manual,,""
LS87_s06b_sc01,251,0,0,manual,,""
LS87_s06b_sc05,15,0,0,manual,,""
LS87_s06b_sc06,33,0,0,manual,,""
LS87_s07b_sc01,17,0,0,manual,,""
LS87_s07b_sc03,0,0,1,,manual,"manually excluded: tissue too damaged to measure"
LS87_s07b_sc04,337,0,1,manual,manual,"manually excluded: tissue too damaged to measure"
LS87_s08b_sc01,0,0,1,,manual,"manually excluded: tissue too damaged to measure"
LS87_s08b_sc02,178,0,0,manual,,""
LS87_s08b_sc03,217,0,0,manual,,""
LS87_s08b_sc04,280,0,1,manual,manual,"manually excluded: tissue too damaged to measure"
LS87_s08b_sc05,124,0,0,manual,,""
LS87_s08b_sc06,160,0,0,manual,,""
LS87_s08b_sc07,163,0,0,manual,,""
LS87_s09b_sc00,147,0,0,manual,,""
LS87_s09b_sc01,141,0,0,manual,,""
LS87_s09b_sc02,111,0,0,manual,,""
LS87_s09b_sc03,120,0,0,manual,,""
LS87_s09b_sc04,131,0,0,manual,,""
LS87_s09b_sc05,131,0,0,manual,,""