slide,plate_set,plate_id,marker,treatment,half,scene_uid,animal,section_order,view_rotation_deg
1,plates_final,plate_007,AF568,exercise,2,LS22_s01a_sc06,LS22,7,0.0
2,plates_final,plate_009,AF568,control,1,LS37_s01a_sc04,LS37,5,0.0
3,plates_final,plate_010,AF568,control,1,LS37_s01a_sc05,LS37,6,235.6
3,plates_final,plate_010,AF568,exercise,2,LS120_s01a_sc09,LS120,10,271.6
4,plates_final,plate_011,AF568,control,1,LS37_s01a_sc06,LS37,7,318.0
4,plates_final,plate_011,AF568,exercise,2,LS22_s01a_sc08,LS22,9,243.2
5,plates_final,plate_012,AF568,control,1,LS37_s01a_sc07,LS37,8,358.4
5,plates_final,plate_012,AF568,exercise,2,LS22_s01a_sc09,LS22,10,317.2
6,plates_final,plate_013,AF568,control,1,LS37_s01a_sc08,LS37,9,0.0
6,plates_final,plate_013,AF568,control,1,LS69_s01a_sc08,LS69,9,346.0
6,plates_final,plate_013,AF568,exercise,2,LS22_s01a_sc10,LS22,11,0.0
6,plates_final,plate_013,AF568,exercise,2,LS120_s01a_sc14,LS120,15,190.0
7,plates_final,plate_014,AF568,control,1,LS37_s01a_sc09,LS37,10,0.0
8,plates_final,plate_015,AF568,control,1,LS37_s01a_sc10,LS37,11,0.0
8,plates_final,plate_015,AF568,control,1,LS69_s01a_sc10,LS69,11,316.0
8,plates_final,plate_015,AF568,exercise,2,LS22_s01a_sc12,LS22,13,47.2
8,plates_final,plate_015,AF568,exercise,2,LS120_s01a_sc18,LS120,19,26.4
9,plates_final,plate_016,AF568,control,1,LS37_s01a_sc11,LS37,12,0.0
9,plates_final,plate_016,AF568,control,1,LS69_s01a_sc11,LS69,12,209.6
9,plates_final,plate_016,AF568,exercise,2,LS22_s02a_sc01,LS22,16,269.6
9,plates_final,plate_016,AF568,exercise,2,LS120_s02a_sc00,LS120,21,32.0
10,plates_final,plate_017,AF568,control,1,LS37_s01a_sc12,LS37,13,0.0
10,plates_final,plate_017,AF568,control,1,LS69_s01a_sc12,LS69,13,317.6
10,plates_final,plate_017,AF568,control,1,LS69_s01a_sc13,LS69,14,215.6
10,plates_final,plate_017,AF568,exercise,2,LS120_s02a_sc01,LS120,22,335.2
11,plates_final,plate_018,AF568,control,1,LS69_s02a_sc00,LS69,17,232.4
11,plates_final,plate_018,AF568,exercise,2,LS22_s02a_sc02,LS22,17,72.8
11,plates_final,plate_018,AF568,exercise,2,LS85_s02a_sc05,LS85,13,349.2
11,plates_final,plate_018,AF568,exercise,2,LS120_s02a_sc02,LS120,23,136.8
12,plates_final,plate_019,AF568,exercise,2,LS61_s01a_sc11,LS61,12,319.2
12,plates_final,plate_019,AF568,exercise,2,LS85_s02a_sc06,LS85,14,167.6
13,plates_final,plate_020,AF568,control,1,LS69_s02a_sc01,LS69,18,0.0
13,plates_final,plate_020,AF568,exercise,2,LS85_s02a_sc09,LS85,17,132.4
14,plates_final,plate_021,AF568,control,1,LS69_s02a_sc02,LS69,19,153.2
14,plates_final,plate_021,AF568,exercise,2,LS22_s02a_sc07,LS22,22,206.4
14,plates_final,plate_021,AF568,exercise,2,LS120_s02a_sc06,LS120,27,104.8
15,plates_final,plate_022,AF568,control,1,LS37_s03a_sc05,LS37,31,0.0
15,plates_final,plate_022,AF568,control,1,LS69_s02a_sc04,LS69,21,216.0
15,plates_final,plate_022,AF568,exercise,2,LS22_s02a_sc08,LS22,23,246.8
15,plates_final,plate_022,AF568,exercise,2,LS120_s02a_sc07,LS120,28,94.4
16,plates_final,plate_023,AF568,control,1,LS45_s03a_sc01,LS45,31,0.0
16,plates_final,plate_023,AF568,control,1,LS69_s02a_sc06,LS69,23,261.2
16,plates_final,plate_023,AF568,exercise,2,LS61_s02a_sc05,LS61,21,333.2
16,plates_final,plate_023,AF568,exercise,2,LS120_s02a_sc08,LS120,29,330.0
16,plates_final,plate_023,AF568,exercise,2,LS120_s02a_sc09,LS120,30,28.0
17,plates_final,plate_025,AF568,control,1,LS69_s02a_sc09,LS69,26,146.4
17,plates_final,plate_025,AF568,exercise,2,LS22_s02a_sc10,LS22,25,242.8
17,plates_final,plate_025,AF568,exercise,2,LS61_s03a_sc01,LS61,29,234.0
18,plates_final,plate_037,AF568,control,1,LS37_s05a_sc03,LS37,52,177.2
18,plates_final,plate_037,AF568,control,1,LS105_s05a_sc06,LS105,58,0.0
18,plates_final,plate_037,AF568,control,1,LS105_s05a_sc07,LS105,59,0.0
18,plates_final,plate_037,AF568,control,1,LS105_s06a_sc00,LS105,64,0.0
18,plates_final,plate_037,AF568,exercise,2,LS22_s04a_sc05,LS22,42,261.2
18,plates_final,plate_037,AF568,exercise,2,LS120_s04a_sc01,LS120,50,142.0
19,plates_final,plate_038,AF568,control,1,LS37_s05a_sc04,LS37,53,0.0
19,plates_final,plate_038,AF568,control,1,LS45_s04a_sc06,LS45,50,0.0
19,plates_final,plate_038,AF568,control,1,LS45_s04a_sc08,LS45,52,0.0
19,plates_final,plate_038,AF568,control,1,LS105_s06a_sc01,LS105,65,0.0
20,plates_final,plate_039,AF568,control,1,LS37_s05a_sc05,LS37,54,0.0
20,plates_final,plate_039,AF568,control,1,LS45_s05a_sc00,LS45,57,225.2
20,plates_final,plate_039,AF568,control,1,LS105_s06a_sc02,LS105,66,177.6
20,plates_final,plate_039,AF568,exercise,2,LS87_s04a_sc04,LS87,43,0.0
20,plates_final,plate_039,AF568,exercise,2,LS120_s04a_sc02,LS120,51,22.0
21,plates_final,plate_040,AF568,control,1,LS37_s05a_sc06,LS37,55,0.0
21,plates_final,plate_040,AF568,control,1,LS45_s05a_sc01,LS45,58,77.2
21,plates_final,plate_040,AF568,control,1,LS105_s06a_sc04,LS105,68,64.0
21,plates_final,plate_040,AF568,exercise,2,LS61_s04a_sc09,LS61,51,0.0
21,plates_final,plate_040,AF568,exercise,2,LS87_s04a_sc06,LS87,45,0.0
21,plates_final,plate_040,AF568,exercise,2,LS120_s04a_sc04,LS120,53,63.6
22,plates_final,plate_041,AF568,control,1,LS45_s05a_sc02,LS45,59,145.6
22,plates_final,plate_041,AF568,exercise,2,LS22_s05a_sc00,LS22,48,296.0
22,plates_final,plate_041,AF568,exercise,2,LS22_s09a_sc05,LS22,95,35.6
22,plates_final,plate_041,AF568,exercise,2,LS61_s05a_sc00,LS61,53,0.0
22,plates_final,plate_041,AF568,exercise,2,LS87_s04a_sc08,LS87,47,0.0
22,plates_final,plate_041,AF568,exercise,2,LS120_s04a_sc06,LS120,55,61.6
23,plates_final,plate_042,AF568,control,1,LS45_s05a_sc05,LS45,62,287.2
23,plates_final,plate_042,AF568,exercise,2,LS61_s05a_sc02,LS61,55,85.6
23,plates_final,plate_042,AF568,exercise,2,LS61_s05a_sc08,LS61,61,184.4
24,plates_final,plate_051,AF568,exercise,2,LS22_s08a_sc00,LS22,79,269.6
25,plates_final,plate_052,AF568,exercise,2,LS22_s08a_sc02,LS22,81,265.6
26,plates_final,plate_053,AF568,exercise,2,LS22_s08a_sc03,LS22,82,38.0
27,plates_final,plate_054,AF568,exercise,2,LS22_s08a_sc04,LS22,83,0.0
28,plates_final,plate_055,AF568,exercise,2,LS22_s08a_sc05,LS22,84,81.6
29,plates_final,plate_056,AF568,exercise,2,LS22_s08a_sc06,LS22,85,252.4
30,plates_final,plate_057,AF568,exercise,2,LS22_s08a_sc07,LS22,86,0.0
30,plates_final,plate_057,AF568,exercise,2,LS22_s08a_sc08,LS22,87,0.0
30,plates_final,plate_057,AF568,exercise,2,LS22_s09a_sc01,LS22,91,9.2
30,plates_final,plate_057,AF568,exercise,2,LS22_s09a_sc02,LS22,92,6.4
30,plates_final,plate_057,AF568,exercise,2,LS22_s09a_sc03,LS22,93,0.0
30,plates_final,plate_057,AF568,exercise,2,LS22_s09a_sc04,LS22,94,19.6