file,source,container,animal,slide,variant,name_suffix,marker_channel,marker_exposure_ms,dapi_exposure_ms,acquired,size_x,size_y,size_c,size_s,n_tiles_m,n_scenes,pixel_type,px_um,objective_mag,objective_na,camera,shading_reference_mode,online_stitching,is_redundant_copy
LS105_10a.czi,LOOSE,D:\SLIDES HE DEC 2025 LS\LS105_10a.czi,LS105,10,a,,AF568,1000.0,5.0,2025-12-24T09:13:45,71808,29580,2,10,53,10,Gray16,0.65,10,0.45,Orca Flash 4.0,None,false,0
LS105_10b.czi,LOOSE,D:\SLIDES HE DEC 2025 LS\LS105_10b.czi,LS105,10,b,,AF488,300.0,5.0,2025-12-22T05:11:18,66300,29580,2,10,46,10,Gray16,0.65,10,0.45,Orca Flash 4.0,None,false,0
LS105_1a.czi,LOOSE,D:\SLIDES HE DEC 2025 LS\LS105_1a.czi,LS105,1,a,,AF568,1000.0,5.0,2025-12-24T05:03:46,80988,29580,2,14,43,14,Gray16,0.65,10,0.45,Orca Flash 4.0,None,false,0
LS105_1b.czi,LOOSE,D:\SLIDES HE DEC 2025 LS\LS105_1b.czi,LS105,1,b,,AF488,300.0,5.0,2025-12-22T01:10:50,75480,31416,2,15,37,15,Gray16,0.65,10,0.45,Orca Flash 4.0,None,false,0
LS105_2a.czi,LOOSE,D:\SLIDES HE DEC 2025 LS\LS105_2a.czi,LS105,2,a,,AF568,1000.0,5.0,2025-12-24T05:30:59,73644,31416,2,12,49,12,Gray16,0.65,10,0.45,Orca Flash 4.0,None,false,0
LS105_2b.czi,LOOSE,D:\SLIDES HE DEC 2025 LS\LS105_2b.czi,LS105,2,b,,AF488,300.0,5.0,2025-12-22T01:29:56,75480,31416,2,12,41,12,Gray16,0.65,10,0.45,Orca Flash 4.0,None,false,0
LS105_3a.czi,LOOSE,D:\SLIDES HE DEC 2025 LS\LS105_3a.czi,LS105,3,a,,AF568,1000.0,5.0,2025-12-24T05:57:05,75480,35088,2,12,46,12,Gray16,0.65,10,0.45,Orca Flash 4.0,None,false,0
LS105_3b.czi,LOOSE,D:\SLIDES HE DEC 2025 LS\LS105_3b.czi,LS105,3,b,,AF488,300.0,5.0,2025-12-22T01:49:32,71808,31416,2,12,43,12,Gray16,0.65,10,0.45,Orca Flash 4.0,None,false,0
LS105_4a.czi,LOOSE,D:\SLIDES HE DEC 2025 LS\LS105_4a.czi,LS105,4,a,,AF568,1000.0,5.0,2025-12-24T06:28:04,80988,35088,2,13,55,13,Gray16,0.65,10,0.45,Orca Flash 4.0,None,false,0
LS105_4b.czi,LOOSE,D:\SLIDES HE DEC 2025 LS\LS105_4b.czi,LS105,4,b,,AF488,300.0,5.0,2025-12-22T02:15:10,80988,33252,2,13,57,13,Gray16,0.65,10,0.45,Orca Flash 4.0,None,false,0
LS105_5a.czi,LOOSE,D:\SLIDES HE DEC 2025 LS\LS105_5a.czi,LS105,5,a,,AF568,1000.0,5.0,2025-12-24T07:03:34,75480,38760,2,12,62,12,Gray16,0.65,10,0.45,Orca Flash 4.0,None,false,0
LS105_5b.czi,LOOSE,D:\SLIDES HE DEC 2025 LS\LS105_5b.czi,LS105,5,b,,AF488,300.0,5.0,2025-12-22T02:45:40,75480,35088,2,12,60,12,Gray16,0.65,10,0.45,Orca Flash 4.0,None,false,0
LS105_6a.czi,LOOSE,D:\SLIDES HE DEC 2025 LS\LS105_6a.czi,LS105,6,a,,AF568,1000.0,5.0,2025-12-24T07:41:15,80988,35088,2,12,69,12,Gray16,0.65,10,0.45,Orca Flash 4.0,None,false,0
LS105_6b.czi,LOOSE,D:\SLIDES HE DEC 2025 LS\LS105_6b.czi,LS105,6,b,,AF488,300.0,5.0,2025-12-22T03:19:07,80988,36924,2,12,74,12,Gray16,0.65,10,0.45,Orca Flash 4.0,None,false,0
LS105_7b.czi,LOOSE,D:\SLIDES HE DEC 2025 LS\LS105_7b.czi,LS105,7,b,,AF488,300.0,5.0,2025-12-22T03:54:14,84660,35088,2,11,110,11,Gray16,0.65,10,0.45,Orca Flash 4.0,None,false,0
LS105_8a.czi,LOOSE,D:\SLIDES HE DEC 2025 LS\LS105_8a.czi,LS105,8,a,,AF568,1000.0,5.0,2025-12-24T08:16:01,75480,35088,2,12,53,12,Gray16,0.65,10,0.45,Orca Flash 4.0,None,false,0
LS105_8b.czi,LOOSE,D:\SLIDES HE DEC 2025 LS\LS105_8b.czi,LS105,8,b,,AF488,300.0,5.0,2025-12-22T04:25:35,77316,33252,2,10,125,10,Gray16,0.65,10,0.45,Orca Flash 4.0,None,false,0
LS105_9a.czi,LOOSE,D:\SLIDES HE DEC 2025 LS\LS105_9a.czi,LS105,9,a,,AF568,1000.0,5.0,2025-12-24T08:46:11,73644,31416,2,11,47,11,Gray16,0.65,10,0.45,Orca Flash 4.0,None,false,0
LS105_9b.czi,LOOSE,D:\SLIDES HE DEC 2025 LS\LS105_9b.czi,LS105,9,b,,AF488,300.0,5.0,2025-12-22T04:51:00,82824,33252,2,14,48,14,Gray16,0.65,10,0.45,Orca Flash 4.0,None,false,0
LS120_1a.czi,LOOSE,D:\SLIDES HE DEC 2025 LS\LS120_1a.czi,LS120,1,a,,AF568,1000.0,5.0,2025-12-24T00:33:34,80988,33252,2,20,36,20,Gray16,0.65,10,0.45,Orca Flash 4.0,None,false,0
LS120_1b.czi,LOOSE,D:\SLIDES HE DEC 2025 LS\LS120_1b.czi,LS120,1,b,,AF488,300.0,5.0,2025-12-20T11:34:00,77316,35088,2,19,30,19,Gray16,0.65,10,0.45,Orca Flash 4.0,None,false,0
LS120_2a.czi,LOOSE,D:\SLIDES HE DEC 2025 LS\LS120_2a.czi,LS120,2,a,,AF568,1000.0,5.0,2025-12-24T01:00:14,79152,31416,2,14,37,14,Gray16,0.65,10,0.45,Orca Flash 4.0,None,false,0
LS120_2b.czi,LOOSE,D:\SLIDES HE DEC 2025 LS\LS120_2b.czi,LS120,2,b,,AF488,300.0,5.0,2025-12-20T11:52:53,77316,29580,2,14,38,14,Gray16,0.65,10,0.45,Orca Flash 4.0,None,false,0
LS120_3a.czi,LOOSE,D:\SLIDES HE DEC 2025 LS\LS120_3a.czi,LS120,3,a,,AF568,1000.0,5.0,2025-12-24T01:28:30,77316,29580,2,14,49,14,Gray16,0.65,10,0.45,Orca Flash 4.0,None,false,0
LS120_3b.czi,LOOSE,D:\SLIDES HE DEC 2025 LS\LS120_3b.czi,LS120,3,b,,AF488,300.0,5.0,2025-12-20T12:16:06,79152,33252,2,13,73,13,Gray16,0.65,10,0.45,Orca Flash 4.0,None,false,0
LS120_4a.czi,LOOSE,D:\SLIDES HE DEC 2025 LS\LS120_4a.czi,LS120,4,a,,AF568,1000.0,5.0,2025-12-24T01:59:25,75480,33252,2,10,59,10,Gray16,0.65,10,0.45,Orca Flash 4.0,None,false,0
LS120_4b.czi,LOOSE,D:\SLIDES HE DEC 2025 LS\LS120_4b.czi,LS120,4,b,,AF488,300.0,5.0,2025-12-20T12:44:42,77316,35088,2,12,59,12,Gray16,0.65,10,0.45,Orca Flash 4.0,None,false,0
LS120_5a.czi,LOOSE,D:\SLIDES HE DEC 2025 LS\LS120_5a.czi,LS120,5,a,,AF568,1000.0,5.0,2025-12-24T02:31:58,79152,33252,2,11,66,11,Gray16,0.65,10,0.45,Orca Flash 4.0,None,false,0
LS120_5b.czi,LOOSE,D:\SLIDES HE DEC 2025 LS\LS120_5b.czi,LS120,5,b,,AF488,300.0,5.0,2025-12-20T13:15:24,79152,35088,2,12,66,12,Gray16,0.65,10,0.45,Orca Flash 4.0,None,false,0
LS120_6a.czi,LOOSE,D:\SLIDES HE DEC 2025 LS\LS120_6a.czi,LS120,6,a,,AF568,1000.0,5.0,2025-12-24T03:13:23,75480,35088,2,10,70,10,Gray16,0.65,10,0.45,Orca Flash 4.0,None,false,0
LS120_6b.czi,LOOSE,D:\SLIDES HE DEC 2025 LS\LS120_6b.czi,LS120,6,b,,AF488,300.0,5.0,2025-12-20T13:45:24,73644,36924,2,10,67,10,Gray16,0.65,10,0.45,Orca Flash 4.0,None,false,0
LS120_7a.czi,LOOSE,D:\SLIDES HE DEC 2025 LS\LS120_7a.czi,LS120,7,a,,AF568,1000.0,5.0,2025-12-24T03:55:10,80988,33252,2,12,68,12,Gray16,0.65,10,0.45,Orca Flash 4.0,None,false,0
LS120_7b.czi,LOOSE,D:\SLIDES HE DEC 2025 LS\LS120_7b.czi,LS120,7,b,,AF488,300.0,5.0,2025-12-20T14:13:28,82824,31416,2,11,61,11,Gray16,0.65,10,0.45,Orca Flash 4.0,None,false,0
LS120_8a.czi,LOOSE,D:\SLIDES HE DEC 2025 LS\LS120_8a.czi,LS120,8,a,,AF568,1000.0,5.0,2025-12-24T04:26:02,68136,29580,2,11,50,11,Gray16,0.65,10,0.45,Orca Flash 4.0,None,false,0
LS120_8b.czi,LOOSE,D:\SLIDES HE DEC 2025 LS\LS120_8b.czi,LS120,8,b,,AF488,300.0,5.0,2025-12-20T14:37:32,77316,27744,2,11,50,11,Gray16,0.65,10,0.45,Orca Flash 4.0,None,false,0
LS120_9a.czi,LOOSE,D:\SLIDES HE DEC 2025 LS\LS120_9a.czi,LS120,9,a,,AF568,1000.0,5.0,2025-12-24T04:44:34,42432,25908,2,5,51,5,Gray16,0.65,10,0.45,Orca Flash 4.0,None,false,0
LS120_9b.czi,LOOSE,D:\SLIDES HE DEC 2025 LS\LS120_9b.czi,LS120,9,b,,AF488,300.0,5.0,2025-12-20T14:57:20,60792,27744,2,8,51,8,Gray16,0.65,10,0.45,Orca Flash 4.0,None,false,0
LS136_1a.czi,LOOSE,D:\SLIDES HE DEC 2025 LS\LS136_1a.czi,LS136,1,a,,AF568,1000.0,5.0,2025-12-23T10:34:27,82824,35088,2,16,51,16,Gray16,0.65,10,0.45,Orca Flash 4.0,None,false,0
LS136_1b.czi,LOOSE,D:\SLIDES HE DEC 2025 LS\LS136_1b.czi,LS136,1,b,,AF488,300.0,5.0,2025-12-20T15:14:08,73644,31416,2,19,32,19,Gray16,0.65,10,0.45,Orca Flash 4.0,None,false,0
LS136_2a.czi,LOOSE,D:\SLIDES HE DEC 2025 LS\LS136_2a.czi,LS136,2,a,,AF568,1000.0,5.0,2025-12-23T11:00:08,77316,29580,2,15,31,15,Gray16,0.65,10,0.45,Orca Flash 4.0,None,false,0
LS136_2b.czi,LOOSE,D:\SLIDES HE DEC 2025 LS\LS136_2b.czi,LS136,2,b,,AF488,300.0,5.0,2025-12-20T15:32:22,80988,33252,2,17,40,17,Gray16,0.65,10,0.45,Orca Flash 4.0,None,false,0
LS136_3a.czi,LOOSE,D:\SLIDES HE DEC 2025 LS\LS136_3a.czi,LS136,3,a,,AF568,1000.0,5.0,2025-12-23T11:29:44,71808,35088,2,12,55,12,Gray16,0.65,10,0.45,Orca Flash 4.0,None,false,0
LS136_3b.czi,LOOSE,D:\SLIDES HE DEC 2025 LS\LS136_3b.czi,LS136,3,b,,AF488,300.0,5.0,2025-12-20T15:58:18,77316,35088,2,12,63,12,Gray16,0.65,10,0.45,Orca Flash 4.0,None,false,0
LS136_4a.czi,LOOSE,D:\SLIDES HE DEC 2025 LS\LS136_4a.czi,LS136,4,a,,AF568,1000.0,5.0,2025-12-23T12:04:09,79152,35088,2,13,58,13,Gray16,0.65,10,0.45,Orca Flash 4.0,None,false,0
LS136_4b.czi,LOOSE,D:\SLIDES HE DEC 2025 LS\LS136_4b.czi,LS136,4,b,,AF488,300.0,5.0,2025-12-20T16:29:39,80988,35088,2,14,57,14,Gray16,0.65,10,0.45,Orca Flash 4.0,None,false,0
LS136_5a.czi,LOOSE,D:\SLIDES HE DEC 2025 LS\LS136_5a.czi,LS136,5,a,,AF568,1000.0,5.0,2025-12-23T12:37:12,75480,33252,2,12,59,12,Gray16,0.65,10,0.45,Orca Flash 4.0,None,false,0
LS136_5b.czi,LOOSE,D:\SLIDES HE DEC 2025 LS\LS136_5b.czi,LS136,5,b,,AF488,300.0,5.0,2025-12-20T17:01:51,77316,35088,2,11,130,11,Gray16,0.65,10,0.45,Orca Flash 4.0,None,false,0
LS136_6a.czi,LOOSE,D:\SLIDES HE DEC 2025 LS\LS136_6a.czi,LS136,6,a,,AF568,1000.0,5.0,2025-12-23T13:07:41,82824,33252,2,9,78,9,Gray16,0.65,10,0.45,Orca Flash 4.0,None,false,0
LS136_6b.czi,LOOSE,D:\SLIDES HE DEC 2025 LS\LS136_6b.czi,LS136,6,b,,AF488,300.0,5.0,2025-12-20T17:29:05,79152,35088,2,10,66,10,Gray16,0.65,10,0.45,Orca Flash 4.0,None,false,0
LS136_7a.czi,LOOSE,D:\SLIDES HE DEC 2025 LS\LS136_7a.czi,LS136,7,a,,AF568,1000.0,5.0,2025-12-23T13:32:05,68136,33252,2,8,55,8,Gray16,0.65,10,0.45,Orca Flash 4.0,None,false,0
LS136_7b.czi,LOOSE,D:\SLIDES HE DEC 2025 LS\LS136_7b.czi,LS136,7,b,,AF488,300.0,5.0,2025-12-20T17:52:35,73644,33252,2,12,59,12,Gray16,0.65,10,0.45,Orca Flash 4.0,None,false,0
LS136_8a.czi,LOOSE,D:\SLIDES HE DEC 2025 LS\LS136_8a.czi,LS136,8,a,,AF568,1000.0,5.0,2025-12-23T13:54:24,75480,31416,2,10,56,10,Gray16,0.65,10,0.45,Orca Flash 4.0,None,false,0
LS136_8b.czi,LOOSE,D:\SLIDES HE DEC 2025 LS\LS136_8b.czi,LS136,8,b,,AF488,300.0,5.0,2025-12-20T18:16:08,71808,35088,2,12,49,12,Gray16,0.65,10,0.45,Orca Flash 4.0,None,false,0
LS136_9a.czi,LOOSE,D:\SLIDES HE DEC 2025 LS\LS136_9a.czi,LS136,9,a,,AF568,1000.0,5.0,2025-12-23T14:14:11,73644,31416,2,6,51,6,Gray16,0.65,10,0.45,Orca Flash 4.0,None,false,0
LS136_9b.czi,LOOSE,D:\SLIDES HE DEC 2025 LS\LS136_9b.czi,LS136,9,b,,AF488,300.0,5.0,2025-12-20T18:35:32,75480,27744,2,9,48,9,Gray16,0.65,10,0.45,Orca Flash 4.0,None,false,0
LS138_1a.czi,LOOSE,D:\SLIDES HE DEC 2025 LS\LS138_1a.czi,LS138,1,a,,AF568,1000.0,5.0,2025-12-18T23:48:44,69972,35088,2,11,41,11,Gray16,0.65,10,0.45,Orca Flash 4.0,None,false,0
LS138_1b.czi,LOOSE,D:\SLIDES HE DEC 2025 LS\LS138_1b.czi,LS138,1,b,,AF488,300.0,5.0,2025-12-21T12:37:47,68136,33252,2,12,41,12,Gray16,0.65,10,0.45,Orca Flash 4.0,None,false,0
LS138_2a.czi,LOOSE,D:\SLIDES HE DEC 2025 LS\LS138_2a.czi,LS138,2,a,,AF568,1000.0,5.0,2025-12-19T00:13:05,79152,31416,2,12,48,12,Gray16,0.65,10,0.45,Orca Flash 4.0,None,false,0
LS138_2b.czi,LOOSE,D:\SLIDES HE DEC 2025 LS\LS138_2b.czi,LS138,2,b,,AF488,300.0,5.0,2025-12-21T12:58:14,80988,33252,2,11,52,11,Gray16,0.65,10,0.45,Orca Flash 4.0,None,false,0
LS138_3a.czi,LOOSE,D:\SLIDES HE DEC 2025 LS\LS138_3a.czi,LS138,3,a,,AF568,1000.0,5.0,2025-12-19T00:40:30,79152,29580,2,12,48,12,Gray16,0.65,10,0.45,Orca Flash 4.0,None,false,0
LS138_3b.czi,LOOSE,D:\SLIDES HE DEC 2025 LS\LS138_3b.czi,LS138,3,b,,AF488,300.0,5.0,2025-12-21T13:19:37,79152,31416,2,12,44,12,Gray16,0.65,10,0.45,Orca Flash 4.0,None,false,0
LS138_4a.czi,LOOSE,D:\SLIDES HE DEC 2025 LS\LS138_4a.czi,LS138,4,a,,AF568,1000.0,5.0,2025-12-19T01:03:59,55284,31416,2,8,50,8,Gray16,0.65,10,0.45,Orca Flash 4.0,None,false,0
LS138_4b.czi,LOOSE,D:\SLIDES HE DEC 2025 LS\LS138_4b.czi,LS138,4,b,,AF488,300.0,5.0,2025-12-21T13:39:25,55284,33252,2,8,59,8,Gray16,0.65,10,0.45,Orca Flash 4.0,None,false,0
LS138_5a.czi,LOOSE,D:\SLIDES HE DEC 2025 LS\LS138_5a.czi,LS138,5,a,,AF568,1000.0,5.0,2025-12-19T01:31:33,80988,35088,2,10,68,10,Gray16,0.65,10,0.45,Orca Flash 4.0,None,false,0
LS138_5b.czi,LOOSE,D:\SLIDES HE DEC 2025 LS\LS138_5b.czi,LS138,5,b,,AF488,300.0,5.0,2025-12-21T14:13:26,80988,33252,2,10,71,10,Gray16,0.65,10,0.45,Orca Flash 4.0,None,false,0
LS138_6a.czi,LOOSE,D:\SLIDES HE DEC 2025 LS\LS138_6a.czi,LS138,6,a,,AF568,1000.0,5.0,2025-12-19T02:08:39,80988,33252,2,10,79,10,Gray16,0.65,10,0.45,Orca Flash 4.0,None,false,0
LS138_6b.czi,LOOSE,D:\SLIDES HE DEC 2025 LS\LS138_6b.czi,LS138,6,b,,AF488,300.0,5.0,2025-12-21T14:47:53,82824,35088,2,10,86,10,Gray16,0.65,10,0.45,Orca Flash 4.0,None,false,0
LS138_7a.czi,LOOSE,D:\SLIDES HE DEC 2025 LS\LS138_7a.czi,LS138,7,a,,AF568,1000.0,5.0,2025-12-19T02:46:25,75480,35088,2,10,75,10,Gray16,0.65,10,0.45,Orca Flash 4.0,None,false,0
LS138_7b.czi,LOOSE,D:\SLIDES HE DEC 2025 LS\LS138_7b.czi,LS138,7,b,,AF488,300.0,5.0,2025-12-21T15:20:49,79152,35088,2,10,76,10,Gray16,0.65,10,0.45,Orca Flash 4.0,None,false,0
LS138_8a.czi,LOOSE,D:\SLIDES HE DEC 2025 LS\LS138_8a.czi,LS138,8,a,,AF568,1000.0,5.0,2025-12-19T03:21:28,80988,35088,2,11,62,11,Gray16,0.65,10,0.45,Orca Flash 4.0,None,false,0
LS138_8b.czi,LOOSE,D:\SLIDES HE DEC 2025 LS\LS138_8b.czi,LS138,8,b,,AF488,300.0,5.0,2025-12-21T15:49:14,84660,33252,2,12,61,12,Gray16,0.65,10,0.45,Orca Flash 4.0,None,false,0
LS138_9a.czi,LOOSE,D:\SLIDES HE DEC 2025 LS\LS138_9a.czi,LS138,9,a,,AF568,1000.0,5.0,2025-12-19T03:49:59,66300,31416,2,10,45,10,Gray16,0.65,10,0.45,Orca Flash 4.0,None,false,0
LS138_9b.czi,LOOSE,D:\SLIDES HE DEC 2025 LS\LS138_9b.czi,LS138,9,b,,AF488,300.0,5.0,2025-12-21T16:13:13,77316,29580,2,9,78,9,Gray16,0.65,10,0.45,Orca Flash 4.0,None,false,0
LS22_1a.czi,LOOSE,D:\SLIDES HE DEC 2025 LS\LS22_1a.czi,LS22,1,a,,AF568,1000.0,5.0,2025-12-24T13:14:27,77316,33252,2,14,37,14,Gray16,0.65,10,0.45,Orca Flash 4.0,None,false,0
LS22_1b.czi,LOOSE,D:\SLIDES HE DEC 2025 LS\LS22_1b.czi,LS22,1,b,,AF488,300.0,5.0,2025-12-19T23:31:05,69972,31416,2,13,43,13,Gray16,0.65,10,0.45,Orca Flash 4.0,None,false,0
LS22_2a.czi,LOOSE,D:\SLIDES HE DEC 2025 LS\LS22_2a.czi,LS22,2,a,,AF568,1000.0,5.0,2025-12-22T20:53:38,71808,31416,2,12,36,12,Gray16,0.65,10,0.45,Orca Flash 4.0,None,false,0
LS22_2b.czi,LOOSE,D:\SLIDES HE DEC 2025 LS\LS22_2b.czi,LS22,2,b,,AF488,300.0,5.0,2025-12-19T23:45:14,71808,29580,2,12,31,12,Gray16,0.65,10,0.45,Orca Flash 4.0,None,false,0
LS22_3a.czi,LOOSE,D:\SLIDES HE DEC 2025 LS\LS22_3a.czi,LS22,3,a,,AF568,1000.0,5.0,2025-12-22T21:16:46,71808,33252,2,10,51,10,Gray16,0.65,10,0.45,Orca Flash 4.0,None,false,0
LS22_3b.czi,LOOSE,D:\SLIDES HE DEC 2025 LS\LS22_3b.czi,LS22,3,b,,AF488,300.0,5.0,2025-12-20T00:02:42,71808,31416,2,10,48,10,Gray16,0.65,10,0.45,Orca Flash 4.0,None,false,0
LS22_4a.czi,LOOSE,D:\SLIDES HE DEC 2025 LS\LS22_4a.czi,LS22,4,a,,AF568,1000.0,5.0,2025-12-22T21:51:19,84660,35088,2,11,66,11,Gray16,0.65,10,0.45,Orca Flash 4.0,None,false,0
LS22_4b.czi,LOOSE,D:\SLIDES HE DEC 2025 LS\LS22_4b.czi,LS22,4,b,,AF488,300.0,5.0,2025-12-20T00:28:34,80988,33252,2,11,56,11,Gray16,0.65,10,0.45,Orca Flash 4.0,None,false,0
LS22_5a.czi,LOOSE,D:\SLIDES HE DEC 2025 LS\LS22_5a.czi,LS22,5,a,,AF568,1000.0,5.0,2025-12-22T22:32:07,77316,35088,2,10,75,10,Gray16,0.65,10,0.45,Orca Flash 4.0,None,false,0
LS22_5b.czi,LOOSE,D:\SLIDES HE DEC 2025 LS\LS22_5b.czi,LS22,5,b,,AF488,300.0,5.0,2025-12-20T00:59:12,75480,35088,2,10,72,10,Gray16,0.65,10,0.45,Orca Flash 4.0,None,false,0
LS22_6a.czi,LOOSE,D:\SLIDES HE DEC 2025 LS\LS22_6a.czi,LS22,6,a,,AF568,1000.0,5.0,2025-12-22T23:11:00,77316,35088,2,10,74,10,Gray16,0.65,10,0.45,Orca Flash 4.0,None,false,0
LS22_6b.czi,LOOSE,D:\SLIDES HE DEC 2025 LS\LS22_6b.czi,LS22,6,b,,AF488,300.0,5.0,2025-12-21T12:16:07,77316,33252,2,10,72,10,Gray16,0.65,10,0.45,Orca Flash 4.0,None,false,0
LS22_7a.czi,LOOSE,D:\SLIDES HE DEC 2025 LS\LS22_7a.czi,LS22,7,a,,AF568,1000.0,5.0,2025-12-22T23:46:56,80988,35088,2,11,69,11,Gray16,0.65,10,0.45,Orca Flash 4.0,None,false,0
LS22_7b.czi,LOOSE,D:\SLIDES HE DEC 2025 LS\LS22_7b.czi,LS22,7,b,,AF488,300.0,5.0,2025-12-20T02:02:53,82824,33252,2,12,66,12,Gray16,0.65,10,0.45,Orca Flash 4.0,None,false,0
LS22_8a.czi,LOOSE,D:\SLIDES HE DEC 2025 LS\LS22_8a.czi,LS22,8,a,,AF568,1000.0,5.0,2025-12-23T00:20:36,82824,33252,2,11,60,11,Gray16,0.65,10,0.45,Orca Flash 4.0,None,false,0
LS22_8b.czi,LOOSE,D:\SLIDES HE DEC 2025 LS\LS22_8b.czi,LS22,8,b,,AF488,300.0,5.0,2025-12-20T02:28:26,79152,27744,2,12,53,12,Gray16,0.65,10,0.45,Orca Flash 4.0,None,false,0
LS22_9a.czi,LOOSE,D:\SLIDES HE DEC 2025 LS\LS22_9a.czi,LS22,9,a,,AF568,1000.0,5.0,2025-12-23T00:49:32,80988,35088,2,13,51,13,Gray16,0.65,10,0.45,Orca Flash 4.0,None,false,0
LS22_9b.czi,LOOSE,D:\SLIDES HE DEC 2025 LS\LS22_9b.czi,LS22,9,b,,AF488,300.0,5.0,2025-12-20T02:51:44,82824,33252,2,12,64,12,Gray16,0.65,10,0.45,Orca Flash 4.0,None,false,0
LS37_10a.czi,LOOSE,D:\SLIDES HE DEC 2025 LS\LS37_10a.czi,LS37,10,a,,AF568,1000.0,5.0,2025-12-23T19:26:13,82824,31416,2,12,49,12,Gray16,0.65,10,0.45,Orca Flash 4.0,None,false,0
LS37_10b.czi,LOOSE,D:\SLIDES HE DEC 2025 LS\LS37_10b.czi,LS37,10,b,,AF488,300.0,5.0,2025-12-20T11:12:15,84660,31416,2,12,54,12,Gray16,0.65,10,0.45,Orca Flash 4.0,None,false,0
LS37_1a.czi,LOOSE,D:\SLIDES HE DEC 2025 LS\LS37_1a.czi,LS37,1,a,,AF568,1000.0,5.0,2025-12-23T14:35:46,75480,31416,2,13,39,13,Gray16,0.65,10,0.45,Orca Flash 4.0,None,false,0
LS37_1b.czi,LOOSE,D:\SLIDES HE DEC 2025 LS\LS37_1b.czi,LS37,1,b,,AF488,300.0,5.0,2025-12-20T07:13:19,75480,33252,2,12,45,12,Gray16,0.65,10,0.45,Orca Flash 4.0,None,false,0
LS37_2a.czi,LOOSE,D:\SLIDES HE DEC 2025 LS\LS37_2a.czi,LS37,2,a,,AF568,1000.0,5.0,2025-12-23T15:03:19,79152,31416,2,12,51,12,Gray16,0.65,10,0.45,Orca Flash 4.0,None,false,0
LS37_2b.czi,LOOSE,D:\SLIDES HE DEC 2025 LS\LS37_2b.czi,LS37,2,b,,AF488,300.0,5.0,2025-12-20T07:35:16,75480,31416,2,12,50,12,Gray16,0.65,10,0.45,Orca Flash 4.0,None,false,0
LS37_3a.czi,LOOSE,D:\SLIDES HE DEC 2025 LS\LS37_3a.czi,LS37,3,a,,AF568,1000.0,5.0,2025-12-23T15:27:20,75480,31416,2,11,39,11,Gray16,0.65,10,0.45,Orca Flash 4.0,None,false,0
LS37_3b.czi,LOOSE,D:\SLIDES HE DEC 2025 LS\LS37_3b.czi,LS37,3,b,,AF488,300.0,5.0,2025-12-20T07:52:56,75480,29580,2,12,39,12,Gray16,0.65,10,0.45,Orca Flash 4.0,None,false,0
LS37_4a.czi,LOOSE,D:\SLIDES HE DEC 2025 LS\LS37_4a.czi,LS37,4,a,,AF568,1000.0,5.0,2025-12-23T15:52:31,79152,31416,2,12,50,12,Gray16,0.65,10,0.45,Orca Flash 4.0,None,false,0
LS37_4b.czi,LOOSE,D:\SLIDES HE DEC 2025 LS\LS37_4b.czi,LS37,4,b,,AF488,300.0,5.0,2025-12-20T08:12:59,79152,31416,2,12,51,12,Gray16,0.65,10,0.45,Orca Flash 4.0,None,false,0
LS37_5a.czi,LOOSE,D:\SLIDES HE DEC 2025 LS\LS37_5a.czi,LS37,5,a,,AF568,1000.0,5.0,2025-12-23T16:23:51,77316,35088,2,11,60,11,Gray16,0.65,10,0.45,Orca Flash 4.0,None,false,0
LS37_5b.czi,LOOSE,D:\SLIDES HE DEC 2025 LS\LS37_5b.czi,LS37,5,b,,AF488,300.0,5.0,2025-12-20T08:40:39,79152,35088,2,12,58,12,Gray16,0.65,10,0.45,Orca Flash 4.0,None,false,0
LS37_6a.czi,LOOSE,D:\SLIDES HE DEC 2025 LS\LS37_6a.czi,LS37,6,a,,AF568,1000.0,5.0,2025-12-23T17:02:19,80988,35088,2,12,72,12,Gray16,0.65,10,0.45,Orca Flash 4.0,None,false,0
LS37_6b.czi,LOOSE,D:\SLIDES HE DEC 2025 LS\LS37_6b.czi,LS37,6,b,,AF488,300.0,5.0,2025-12-20T09:14:40,82824,35088,2,12,67,12,Gray16,0.65,10,0.45,Orca Flash 4.0,None,false,0
LS37_7a.czi,LOOSE,D:\SLIDES HE DEC 2025 LS\LS37_7a.czi,LS37,7,a,,AF568,1000.0,5.0,2025-12-23T17:40:11,79152,35088,2,10,66,10,Gray16,0.65,10,0.45,Orca Flash 4.0,None,false,0
LS37_7b.czi,LOOSE,D:\SLIDES HE DEC 2025 LS\LS37_7b.czi,LS37,7,b,,AF488,300.0,5.0,2025-12-20T09:46:35,77316,35088,2,9,123,9,Gray16,0.65,10,0.45,Orca Flash 4.0,None,false,0
LS37_8a.czi,LOOSE,D:\SLIDES HE DEC 2025 LS\LS37_8a.czi,LS37,8,a,,AF568,1000.0,5.0,2025-12-23T18:17:18,80988,33252,2,12,65,12,Gray16,0.65,10,0.45,Orca Flash 4.0,None,false,0
LS37_8b.czi,LOOSE,D:\SLIDES HE DEC 2025 LS\LS37_8b.czi,LS37,8,b,,AF488,300.0,5.0,2025-12-20T10:18:32,82824,35088,2,12,63,12,Gray16,0.65,10,0.45,Orca Flash 4.0,None,false,0
LS37_9a.czi,LOOSE,D:\SLIDES HE DEC 2025 LS\LS37_9a.czi,LS37,9,a,,AF568,1000.0,5.0,2025-12-23T18:53:44,82824,31416,2,12,59,12,Gray16,0.65,10,0.45,Orca Flash 4.0,None,false,0
LS37_9b.czi,LOOSE,D:\SLIDES HE DEC 2025 LS\LS37_9b.czi,LS37,9,b,,AF488,300.0,5.0,2025-12-20T10:45:51,82824,33252,2,10,104,10,Gray16,0.65,10,0.45,Orca Flash 4.0,None,false,0
LS45_10a.czi,LOOSE,D:\SLIDES HE DEC 2025 LS\LS45_10a.czi,LS45,10,a,,AF568,1000.0,5.0,2025-12-22T14:39:43,73644,27744,2,10,54,10,Gray16,0.65,10,0.45,Orca Flash 4.0,None,false,0
LS45_10b.czi,LOOSE,D:\SLIDES HE DEC 2025 LS\LS45_10b.czi,LS45,10,b,,AF488,300.0,5.0,2025-12-19T23:15:07,75480,29580,2,10,53,10,Gray16,0.65,10,0.45,Orca Flash 4.0,None,false,0
LS45_1a.czi,LOOSE,D:\SLIDES HE DEC 2025 LS\LS45_1a.czi,LS45,1,a,,AF568,1000.0,5.0,2025-12-22T05:30:06,80988,31416,2,15,39,15,Gray16,0.65,10,0.45,Orca Flash 4.0,None,false,0
LS45_1b.czi,LOOSE,D:\SLIDES HE DEC 2025 LS\LS45_1b.czi,LS45,1,b,,AF488,300.0,5.0,2025-12-19T18:16:52,69972,29580,2,14,32,14,Gray16,0.65,10,0.45,Orca Flash 4.0,None,false,0
LS45_2a.czi,LOOSE,D:\SLIDES HE DEC 2025 LS\LS45_2a.czi,LS45,2,a,,AF568,1000.0,5.0,2025-12-22T05:53:30,79152,29580,2,14,36,14,Gray16,0.65,10,0.45,Orca Flash 4.0,None,false,0
LS45_2b.czi,LOOSE,D:\SLIDES HE DEC 2025 LS\LS45_2b.czi,LS45,2,b,,AF488,300.0,5.0,2025-12-19T18:35:27,77316,31416,2,13,61,13,Gray16,0.65,10,0.45,Orca Flash 4.0,None,false,0
LS45_3a.czi,LOOSE,D:\SLIDES HE DEC 2025 LS\LS45_3a.czi,LS45,3,a,,AF568,1000.0,5.0,2025-12-22T06:20:17,79152,33252,2,14,50,14,Gray16,0.65,10,0.45,Orca Flash 4.0,None,false,0
LS45_3b.czi,LOOSE,D:\SLIDES HE DEC 2025 LS\LS45_3b.czi,LS45,3,b,,AF488,300.0,5.0,2025-12-19T18:58:59,79152,33252,2,14,47,14,Gray16,0.65,10,0.45,Orca Flash 4.0,None,false,0
LS45_4a.czi,LOOSE,D:\SLIDES HE DEC 2025 LS\LS45_4a.czi,LS45,4,a,,AF568,1000.0,5.0,2025-12-22T06:54:58,82824,35088,2,13,59,13,Gray16,0.65,10,0.45,Orca Flash 4.0,None,false,0
LS45_4b.czi,LOOSE,D:\SLIDES HE DEC 2025 LS\LS45_4b.czi,LS45,4,b,,AF488,300.0,5.0,2025-12-19T19:30:34,84660,31416,2,14,63,14,Gray16,0.65,10,0.45,Orca Flash 4.0,None,false,0
LS45_5a.czi,LOOSE,D:\SLIDES HE DEC 2025 LS\LS45_5a.czi,LS45,5,a,,AF568,1000.0,5.0,2025-12-22T07:34:25,77316,35088,2,10,78,10,Gray16,0.65,10,0.45,Orca Flash 4.0,None,false,0
LS45_5b.czi,LOOSE,D:\SLIDES HE DEC 2025 LS\LS45_5b.czi,LS45,5,b,,AF488,300.0,5.0,2025-12-19T20:03:12,77316,35088,2,10,79,10,Gray16,0.65,10,0.45,Orca Flash 4.0,None,false,0
LS45_6a.czi,LOOSE,D:\SLIDES HE DEC 2025 LS\LS45_6a.czi,LS45,6,a,,AF568,1000.0,5.0,2025-12-22T08:15:25,77316,35088,2,10,76,10,Gray16,0.65,10,0.45,Orca Flash 4.0,None,false,0
LS45_6b.czi,LOOSE,D:\SLIDES HE DEC 2025 LS\LS45_6b.czi,LS45,6,b,,AF488,300.0,5.0,2025-12-19T20:36:08,75480,36924,2,10,80,10,Gray16,0.65,10,0.45,Orca Flash 4.0,None,false,0
LS45_7a.czi,LOOSE,D:\SLIDES HE DEC 2025 LS\LS45_7a.czi,LS45,7,a,,AF568,1000.0,5.0,2025-12-22T08:51:36,71808,35088,2,9,76,9,Gray16,0.65,10,0.45,Orca Flash 4.0,None,false,0
LS45_7b.czi,LOOSE,D:\SLIDES HE DEC 2025 LS\LS45_7b.czi,LS45,7,b,,AF488,300.0,5.0,2025-12-19T21:12:23,79152,36924,2,11,65,11,Gray16,0.65,10,0.45,Orca Flash 4.0,None,false,0
LS45_8a.czi,LOOSE,D:\SLIDES HE DEC 2025 LS\LS45_8a.czi,LS45,8,a,,AF568,1000.0,5.0,2025-12-22T09:21:24,79152,31416,2,10,65,10,Gray16,0.65,10,0.45,Orca Flash 4.0,None,false,0
LS45_8b.czi,LOOSE,D:\SLIDES HE DEC 2025 LS\LS45_8b.czi,LS45,8,b,,AF488,300.0,5.0,2025-12-19T21:41:10,79152,33252,2,12,58,12,Gray16,0.65,10,0.45,Orca Flash 4.0,None,false,0
LS45_8c.czi,LOOSE,D:\SLIDES HE DEC 2025 LS\LS45_8c.czi,LS45,8,c,,AF488,300.0,5.0,2025-12-19T22:08:09,77316,31416,2,12,55,12,Gray16,0.65,10,0.45,Orca Flash 4.0,None,false,0
LS45_9a.czi,LOOSE,D:\SLIDES HE DEC 2025 LS\LS45_9a.czi,LS45,9,a,,AF568,1000.0,5.0,2025-12-22T14:10:10,80988,31416,2,12,56,12,Gray16,0.65,10,0.45,Orca Flash 4.0,None,false,0
LS45_9b.czi,LOOSE,D:\SLIDES HE DEC 2025 LS\LS45_9b.czi,LS45,9,b,,AF488,300.0,5.0,2025-12-19T22:31:16,82824,31416,2,11,52,11,Gray16,0.65,10,0.45,Orca Flash 4.0,None,false,0
LS45_9c.czi,LOOSE,D:\SLIDES HE DEC 2025 LS\LS45_9c.czi,LS45,9,c,,AF488,300.0,5.0,2025-12-19T22:53:38,80988,33252,2,10,98,10,Gray16,0.65,10,0.45,Orca Flash 4.0,None,false,0
LS53_10b.czi,LOOSE,D:\SLIDES HE DEC 2025 LS\LS53_10b.czi,LS53,10,b,,AF488,300.0,5.0,2025-12-20T06:50:18,86496,29580,2,12,47,12,Gray16,0.65,10,0.45,Orca Flash 4.0,None,false,0
LS53_1b.czi,LOOSE,D:\SLIDES HE DEC 2025 LS\LS53_1b.czi,LS53,1,b,,AF488,300.0,5.0,2025-12-20T03:09:10,77316,33252,2,17,30,17,Gray16,0.65,10,0.45,Orca Flash 4.0,None,false,0
LS53_2b-_A568.czi,LOOSE,D:\SLIDES HE DEC 2025 LS\LS53_2b-_A568.czi,LS53,2,b,-_A568,AF568,1000.0,5.0,2025-12-24T10:10:02,69972,29580,2,12,36,12,Gray16,0.65,10,0.45,Orca Flash 4.0,None,false,0
LS53_2c.czi,LOOSE,D:\SLIDES HE DEC 2025 LS\LS53_2c.czi,LS53,2,c,,AF488,300.0,5.0,2025-12-20T03:24:17,69972,29580,2,12,34,12,Gray16,0.65,10,0.45,Orca Flash 4.0,None,false,0
LS53_3b.czi,LOOSE,D:\SLIDES HE DEC 2025 LS\LS53_3b.czi,LS53,3,b,,AF488,300.0,5.0,2025-12-20T03:41:29,69972,31416,2,12,38,12,Gray16,0.65,10,0.45,Orca Flash 4.0,None,false,0
LS53_4b.czi,LOOSE,D:\SLIDES HE DEC 2025 LS\LS53_4b.czi,LS53,4,b,,AF488,300.0,5.0,2025-12-20T04:05:12,82824,35088,2,11,61,11,Gray16,0.65,10,0.45,Orca Flash 4.0,None,false,0
LS53_5b-_A568.czi,LOOSE,D:\SLIDES HE DEC 2025 LS\LS53_5b-_A568.czi,LS53,5,b,-_A568,AF568,1000.0,5.0,2025-12-24T09:44:21,71808,35088,2,9,79,9,Gray16,0.65,10,0.45,Orca Flash 4.0,None,false,0
LS53_5c.czi,LOOSE,D:\SLIDES HE DEC 2025 LS\LS53_5c.czi,LS53,5,c,,AF488,300.0,5.0,2025-12-20T04:34:38,77316,35088,2,10,70,10,Gray16,0.65,10,0.45,Orca Flash 4.0,None,false,0
LS53_6b.czi,LOOSE,D:\SLIDES HE DEC 2025 LS\LS53_6b.czi,LS53,6,b,,AF488,300.0,5.0,2025-12-20T05:06:52,79152,35088,2,10,70,10,Gray16,0.65,10,0.45,Orca Flash 4.0,None,false,0
LS53_7b.czi,LOOSE,D:\SLIDES HE DEC 2025 LS\LS53_7b.czi,LS53,7,b,,AF488,300.0,5.0,2025-12-20T05:37:30,77316,35088,2,10,70,10,Gray16,0.65,10,0.45,Orca Flash 4.0,None,false,0
LS53_8b.czi,LOOSE,D:\SLIDES HE DEC 2025 LS\LS53_8b.czi,LS53,8,b,,AF488,300.0,5.0,2025-12-20T06:03:48,71808,33252,2,10,61,10,Gray16,0.65,10,0.45,Orca Flash 4.0,None,false,0
LS53_9b.czi,LOOSE,D:\SLIDES HE DEC 2025 LS\LS53_9b.czi,LS53,9,b,,AF488,300.0,5.0,2025-12-20T06:27:30,82824,31416,2,11,83,11,Gray16,0.65,10,0.45,Orca Flash 4.0,None,false,0
LS61_1a.czi,LOOSE,D:\SLIDES HE DEC 2025 LS\LS61_1a.czi,LS61,1,a,,AF568,1000.0,5.0,2025-12-23T01:16:37,75480,36924,2,15,39,15,Gray16,0.65,10,0.45,Orca Flash 4.0,None,false,0
LS61_1b.czi,LOOSE,D:\SLIDES HE DEC 2025 LS\LS61_1b.czi,LS61,1,b,,AF488,300.0,5.0,2025-12-21T16:33:48,77316,35088,2,15,41,15,Gray16,0.65,10,0.45,Orca Flash 4.0,None,false,0
LS61_2a.czi,LOOSE,D:\SLIDES HE DEC 2025 LS\LS61_2a.czi,LS61,2,a,,AF568,1000.0,5.0,2025-12-23T01:38:59,75480,29580,2,12,42,12,Gray16,0.65,10,0.45,Orca Flash 4.0,None,false,0
LS61_2b.czi,LOOSE,D:\SLIDES HE DEC 2025 LS\LS61_2b.czi,LS61,2,b,,AF488,300.0,5.0,2025-12-21T17:15:56,77316,33252,2,16,39,16,Gray16,0.65,10,0.45,Orca Flash 4.0,None,false,0
LS61_2c.czi,LOOSE,D:\SLIDES HE DEC 2025 LS\LS61_2c.czi,LS61,2,c,,AF488,300.0,5.0,2025-12-21T16:54:28,79152,31416,2,16,38,16,Gray16,0.65,10,0.45,Orca Flash 4.0,None,false,0
LS61_3a.czi,LOOSE,D:\SLIDES HE DEC 2025 LS\LS61_3a.czi,LS61,3,a,,AF568,1000.0,5.0,2025-12-23T02:03:19,75480,29580,2,14,46,14,Gray16,0.65,10,0.45,Orca Flash 4.0,None,false,0
LS61_3b.czi,LOOSE,D:\SLIDES HE DEC 2025 LS\LS61_3b.czi,LS61,3,b,,AF488,300.0,5.0,2025-12-21T17:38:01,80988,33252,2,15,41,15,Gray16,0.65,10,0.45,Orca Flash 4.0,None,false,0
LS61_4a.czi,LOOSE,D:\SLIDES HE DEC 2025 LS\LS61_4a.czi,LS61,4,a,,AF568,1000.0,5.0,2025-12-23T02:34:56,77316,31416,2,11,66,11,Gray16,0.65,10,0.45,Orca Flash 4.0,None,false,0
LS61_4b.czi,LOOSE,D:\SLIDES HE DEC 2025 LS\LS61_4b.czi,LS61,4,b,,AF488,300.0,5.0,2025-12-21T18:06:16,77316,33252,2,11,98,11,Gray16,0.65,10,0.45,Orca Flash 4.0,None,false,0
LS61_4c.czi,LOOSE,D:\SLIDES HE DEC 2025 LS\LS61_4c.czi,LS61,4,c,,AF488,300.0,5.0,2025-12-21T18:35:33,79152,33252,2,12,62,12,Gray16,0.65,10,0.45,Orca Flash 4.0,None,false,0
LS61_5a.czi,LOOSE,D:\SLIDES HE DEC 2025 LS\LS61_5a.czi,LS61,5,a,,AF568,1000.0,5.0,2025-12-23T03:12:15,84660,31416,2,12,67,12,Gray16,0.65,10,0.45,Orca Flash 4.0,None,false,0
LS61_5b.czi,LOOSE,D:\SLIDES HE DEC 2025 LS\LS61_5b.czi,LS61,5,b,,AF488,300.0,5.0,2025-12-21T19:09:00,82824,35088,2,12,69,12,Gray16,0.65,10,0.45,Orca Flash 4.0,None,false,0
LS61_6a.czi,LOOSE,D:\SLIDES HE DEC 2025 LS\LS61_6a.czi,LS61,6,a,,AF568,1000.0,5.0,2025-12-23T03:49:36,80988,35088,2,11,68,11,Gray16,0.65,10,0.45,Orca Flash 4.0,None,false,0
LS61_6b.czi,LOOSE,D:\SLIDES HE DEC 2025 LS\LS61_6b.czi,LS61,6,b,,AF488,300.0,5.0,2025-12-21T19:41:35,79152,33252,2,12,64,12,Gray16,0.65,10,0.45,Orca Flash 4.0,None,false,0
LS61_7a.czi,LOOSE,D:\SLIDES HE DEC 2025 LS\LS61_7a.czi,LS61,7,a,,AF568,1000.0,5.0,2025-12-23T04:23:51,80988,31416,2,11,62,11,Gray16,0.65,10,0.45,Orca Flash 4.0,None,false,0
LS61_7b.czi,LOOSE,D:\SLIDES HE DEC 2025 LS\LS61_7b.czi,LS61,7,b,,AF488,300.0,5.0,2025-12-21T20:10:50,80988,35088,2,12,59,12,Gray16,0.65,10,0.45,Orca Flash 4.0,None,false,0
LS61_8a.czi,LOOSE,D:\SLIDES HE DEC 2025 LS\LS61_8a.czi,LS61,8,a,,AF568,1000.0,5.0,2025-12-23T04:50:30,82824,31416,2,7,56,7,Gray16,0.65,10,0.45,Orca Flash 4.0,None,false,0
LS61_8b.czi,LOOSE,D:\SLIDES HE DEC 2025 LS\LS61_8b.czi,LS61,8,b,,AF488,300.0,5.0,2025-12-21T20:38:23,82824,33252,2,13,52,13,Gray16,0.65,10,0.45,Orca Flash 4.0,None,false,0
LS61_9a.czi,LOOSE,D:\SLIDES HE DEC 2025 LS\LS61_9a.czi,LS61,9,a,,AF568,1000.0,5.0,2025-12-23T05:12:18,60792,33252,2,7,61,7,Gray16,0.65,10,0.45,Orca Flash 4.0,None,false,0
LS61_9b.czi,LOOSE,D:\SLIDES HE DEC 2025 LS\LS61_9b.czi,LS61,9,b,,AF488,300.0,5.0,2025-12-21T20:59:06,60792,31416,2,8,53,8,Gray16,0.65,10,0.45,Orca Flash 4.0,None,false,0
LS69_1a.czi,LOOSE,D:\SLIDES HE DEC 2025 LS\LS69_1a.czi,LS69,1,a,,AF568,1000.0,5.0,2025-12-23T05:34:52,77316,35088,2,16,35,16,Gray16,0.65,10,0.45,Orca Flash 4.0,None,false,0
LS69_1b.czi,LOOSE,D:\SLIDES HE DEC 2025 LS\LS69_1b.czi,LS69,1,b,,AF488,300.0,5.0,2025-12-19T13:13:24,77316,35088,2,17,38,17,Gray16,0.65,10,0.45,Orca Flash 4.0,None,false,0
LS69_2a.czi,LOOSE,D:\SLIDES HE DEC 2025 LS\LS69_2a.czi,LS69,2,a,,AF568,1000.0,5.0,2025-12-23T06:00:00,79152,33252,2,15,43,15,Gray16,0.65,10,0.45,Orca Flash 4.0,None,false,0
LS69_2b.czi,LOOSE,D:\SLIDES HE DEC 2025 LS\LS69_2b.czi,LS69,2,b,,AF488,300.0,5.0,2025-12-19T14:27:31,80988,31416,2,16,46,16,Gray16,0.65,10,0.45,Orca Flash 4.0,None,false,0
LS69_3a.czi,LOOSE,D:\SLIDES HE DEC 2025 LS\LS69_3a.czi,LS69,3,a,,AF568,1000.0,5.0,2025-12-23T06:30:44,79152,33252,2,12,58,12,Gray16,0.65,10,0.45,Orca Flash 4.0,None,false,0
LS69_3b.czi,LOOSE,D:\SLIDES HE DEC 2025 LS\LS69_3b.czi,LS69,3,b,,AF488,300.0,5.0,2025-12-19T14:53:30,77316,33252,2,11,104,11,Gray16,0.65,10,0.45,Orca Flash 4.0,None,false,0
LS69_4a.czi,LOOSE,D:\SLIDES HE DEC 2025 LS\LS69_4a.czi,LS69,4,a,,AF568,1000.0,5.0,2025-12-23T07:09:47,80988,35088,2,12,63,12,Gray16,0.65,10,0.45,Orca Flash 4.0,None,false,0
LS69_4b.czi,LOOSE,D:\SLIDES HE DEC 2025 LS\LS69_4b.czi,LS69,4,b,,AF488,300.0,5.0,2025-12-19T15:26:00,82824,35088,2,11,113,11,Gray16,0.65,10,0.45,Orca Flash 4.0,None,false,0
LS69_5a.czi,LOOSE,D:\SLIDES HE DEC 2025 LS\LS69_5a.czi,LS69,5,a,,AF568,1000.0,5.0,2025-12-23T07:45:52,79152,35088,2,8,74,8,Gray16,0.65,10,0.45,Orca Flash 4.0,None,false,0
LS69_5b.czi,LOOSE,D:\SLIDES HE DEC 2025 LS\LS69_5b.czi,LS69,5,b,,AF488,300.0,5.0,2025-12-19T15:58:33,73644,35088,2,10,77,10,Gray16,0.65,10,0.45,Orca Flash 4.0,None,false,0
LS69_6a.czi,LOOSE,D:\SLIDES HE DEC 2025 LS\LS69_6a.czi,LS69,6,a,,AF568,1000.0,5.0,2025-12-23T08:23:03,82824,35088,2,12,71,12,Gray16,0.65,10,0.45,Orca Flash 4.0,None,false,0
LS69_6b.czi,LOOSE,D:\SLIDES HE DEC 2025 LS\LS69_6b.czi,LS69,6,b,,AF488,300.0,5.0,2025-12-19T16:32:38,84660,35088,2,11,94,11,Gray16,0.65,10,0.45,Orca Flash 4.0,None,false,0
LS69_7a.czi,LOOSE,D:\SLIDES HE DEC 2025 LS\LS69_7a.czi,LS69,7,a,,AF568,1000.0,5.0,2025-12-23T09:05:20,82824,35088,2,12,65,12,Gray16,0.65,10,0.45,Orca Flash 4.0,None,false,0
LS69_7b.czi,LOOSE,D:\SLIDES HE DEC 2025 LS\LS69_7b.czi,LS69,7,b,,AF488,300.0,5.0,2025-12-19T17:03:57,82824,33252,2,12,64,12,Gray16,0.65,10,0.45,Orca Flash 4.0,None,false,0
LS69_8a.czi,LOOSE,D:\SLIDES HE DEC 2025 LS\LS69_8a.czi,LS69,8,a,,AF568,1000.0,5.0,2025-12-23T09:41:06,80988,35088,2,13,61,13,Gray16,0.65,10,0.45,Orca Flash 4.0,None,false,0
LS69_8b.czi,LOOSE,D:\SLIDES HE DEC 2025 LS\LS69_8b.czi,LS69,8,b,,AF488,300.0,5.0,2025-12-19T17:34:09,82824,35088,2,14,85,14,Gray16,0.65,10,0.45,Orca Flash 4.0,None,false,0
LS69_9a.czi,LOOSE,D:\SLIDES HE DEC 2025 LS\LS69_9a.czi,LS69,9,a,,AF568,1000.0,5.0,2025-12-23T10:09:03,60792,31416,2,8,63,8,Gray16,0.65,10,0.45,Orca Flash 4.0,None,false,0
LS69_9b.czi,LOOSE,D:\SLIDES HE DEC 2025 LS\LS69_9b.czi,LS69,9,b,,AF488,300.0,5.0,2025-12-19T17:59:34,71808,29580,2,10,54,10,Gray16,0.65,10,0.45,Orca Flash 4.0,None,false,0
LS85_10a.czi,LOOSE,D:\SLIDES HE DEC 2025 LS\LS85_10a.czi,LS85,10,a,,AF568,1000.0,5.0,2025-12-22T20:08:13,75480,33252,2,10,58,10,Gray16,0.65,10,0.45,Orca Flash 4.0,None,false,0
LS85_10b.czi,LOOSE,D:\SLIDES HE DEC 2025 LS\LS85_10b.czi,LS85,10,b,,AF488,300.0,5.0,2025-12-22T00:50:41,73644,31416,2,10,57,10,Gray16,0.65,10,0.45,Orca Flash 4.0,None,false,0
LS85_1a.czi,LOOSE,D:\SLIDES HE DEC 2025 LS\LS85_1a.czi,LS85,1,a,,AF568,1000.0,5.0,2025-12-22T14:59:07,51612,29580,2,7,39,7,Gray16,0.65,10,0.45,Orca Flash 4.0,None,false,0
LS85_1b.czi,LOOSE,D:\SLIDES HE DEC 2025 LS\LS85_1b.czi,LS85,1,b,,AF488,300.0,5.0,2025-12-21T21:12:07,51612,31416,2,7,37,7,Gray16,0.65,10,0.45,Orca Flash 4.0,None,false,0
LS85_2a.czi,LOOSE,D:\SLIDES HE DEC 2025 LS\LS85_2a.czi,LS85,2,a,,AF568,1000.0,5.0,2025-12-22T15:14:46,73644,31416,2,10,40,10,Gray16,0.65,10,0.45,Orca Flash 4.0,None,false,0
LS85_2b.czi,LOOSE,D:\SLIDES HE DEC 2025 LS\LS85_2b.czi,LS85,2,b,,AF488,300.0,5.0,2025-12-21T21:25:42,68136,31416,2,10,43,10,Gray16,0.65,10,0.45,Orca Flash 4.0,None,false,0
LS85_3a.czi,LOOSE,D:\SLIDES HE DEC 2025 LS\LS85_3a.czi,LS85,3,a,,AF568,1000.0,5.0,2025-12-22T15:36:37,79152,33252,2,12,41,12,Gray16,0.65,10,0.45,Orca Flash 4.0,None,false,0
LS85_3b.czi,LOOSE,D:\SLIDES HE DEC 2025 LS\LS85_3b.czi,LS85,3,b,,AF488,300.0,5.0,2025-12-21T21:41:24,80988,33252,2,12,36,12,Gray16,0.65,10,0.45,Orca Flash 4.0,None,false,0
LS85_4a.czi,LOOSE,D:\SLIDES HE DEC 2025 LS\LS85_4a.czi,LS85,4,a,,AF568,1000.0,5.0,2025-12-22T16:04:50,79152,33252,2,11,95,11,Gray16,0.65,10,0.45,Orca Flash 4.0,None,false,0
LS85_4b.czi,LOOSE,D:\SLIDES HE DEC 2025 LS\LS85_4b.czi,LS85,4,b,,AF488,300.0,5.0,2025-12-21T22:02:32,79152,33252,2,12,48,12,Gray16,0.65,10,0.45,Orca Flash 4.0,None,false,0
LS85_5a.czi,LOOSE,D:\SLIDES HE DEC 2025 LS\LS85_5a.czi,LS85,5,a,,AF568,1000.0,5.0,2025-12-22T16:40:03,77316,33252,2,10,67,10,Gray16,0.65,10,0.45,Orca Flash 4.0,None,false,0
LS85_5b.czi,LOOSE,D:\SLIDES HE DEC 2025 LS\LS85_5b.czi,LS85,5,b,,AF488,300.0,5.0,2025-12-21T22:29:37,77316,33252,2,10,66,10,Gray16,0.65,10,0.45,Orca Flash 4.0,None,false,0
LS85_6a.czi,LOOSE,D:\SLIDES HE DEC 2025 LS\LS85_6a.czi,LS85,6,a,,AF568,1000.0,5.0,2025-12-22T17:14:40,77316,35088,2,8,79,8,Gray16,0.65,10,0.45,Orca Flash 4.0,None,false,0
LS85_6b.czi,LOOSE,D:\SLIDES HE DEC 2025 LS\LS85_6b.czi,LS85,6,b,,AF488,300.0,5.0,2025-12-21T22:59:24,75480,35088,2,10,70,10,Gray16,0.65,10,0.45,Orca Flash 4.0,None,false,0
LS85_7a.czi,LOOSE,D:\SLIDES HE DEC 2025 LS\LS85_7a.czi,LS85,7,a,,AF568,1000.0,5.0,2025-12-22T17:51:09,79152,36924,2,10,72,10,Gray16,0.65,10,0.45,Orca Flash 4.0,None,false,0
LS85_7b-.czi,LOOSE,D:\SLIDES HE DEC 2025 LS\LS85_7b-.czi,LS85,7,b,-,AF568,1000.0,5.0,2025-12-22T18:30:02,79152,35088,2,10,79,10,Gray16,0.65,10,0.45,Orca Flash 4.0,None,false,0
LS85_7c.czi,LOOSE,D:\SLIDES HE DEC 2025 LS\LS85_7c.czi,LS85,7,c,,AF488,300.0,5.0,2025-12-21T23:28:54,80988,36924,2,10,69,10,Gray16,0.65,10,0.45,Orca Flash 4.0,None,false,0
LS85_8a.czi,LOOSE,D:\SLIDES HE DEC 2025 LS\LS85_8a.czi,LS85,8,a,,AF568,1000.0,5.0,2025-12-22T19:04:08,79152,35088,2,10,61,10,Gray16,0.65,10,0.45,Orca Flash 4.0,None,false,0
LS85_8b.czi,LOOSE,D:\SLIDES HE DEC 2025 LS\LS85_8b.czi,LS85,8,b,,AF488,300.0,5.0,2025-12-21T23:56:32,73644,33252,2,10,67,10,Gray16,0.65,10,0.45,Orca Flash 4.0,None,false,0
LS85_9a.czi,LOOSE,D:\SLIDES HE DEC 2025 LS\LS85_9a.czi,LS85,9,a,,AF568,1000.0,5.0,2025-12-22T19:35:48,82824,33252,2,12,56,12,Gray16,0.65,10,0.45,Orca Flash 4.0,None,false,0
LS85_9b.czi,LOOSE,D:\SLIDES HE DEC 2025 LS\LS85_9b.czi,LS85,9,b,,AF488,300.0,5.0,2025-12-22T00:25:05,80988,33252,2,12,59,12,Gray16,0.65,10,0.45,Orca Flash 4.0,None,false,0
LS87_1a.czi,LOOSE,D:\SLIDES HE DEC 2025 LS\LS87_1a.czi,LS87,1,a,,AF568,1000.0,5.0,2025-12-23T19:54:59,80988,33252,2,18,39,18,Gray16,0.65,10,0.45,Orca Flash 4.0,None,false,0
LS87_1b.czi,LOOSE,D:\SLIDES HE DEC 2025 LS\LS87_1b.czi,LS87,1,b,,AF488,300.0,5.0,2025-12-22T10:21:16,79152,33252,2,20,31,20,Gray16,0.65,10,0.45,Orca Flash 4.0,None,false,0
LS87_2a.czi,LOOSE,D:\SLIDES HE DEC 2025 LS\LS87_2a.czi,LS87,2,a,,AF568,1000.0,5.0,2025-12-23T20:20:11,75480,33252,2,11,43,11,Gray16,0.65,10,0.45,Orca Flash 4.0,None,false,0
LS87_2b.czi,LOOSE,D:\SLIDES HE DEC 2025 LS\LS87_2b.czi,LS87,2,b,,AF488,300.0,5.0,2025-12-20T19:17:23,79152,33252,2,13,47,13,Gray16,0.65,10,0.45,Orca Flash 4.0,None,false,0
LS87_3a.czi,LOOSE,D:\SLIDES HE DEC 2025 LS\LS87_3a.czi,LS87,3,a,,AF568,1000.0,5.0,2025-12-23T20:42:38,64464,33252,2,9,55,9,Gray16,0.65,10,0.45,Orca Flash 4.0,None,false,0
LS87_3b.czi,LOOSE,D:\SLIDES HE DEC 2025 LS\LS87_3b.czi,LS87,3,b,,AF488,300.0,5.0,2025-12-20T19:42:59,79152,33252,2,11,58,11,Gray16,0.65,10,0.45,Orca Flash 4.0,None,false,0
LS87_4a.czi,LOOSE,D:\SLIDES HE DEC 2025 LS\LS87_4a.czi,LS87,4,a,,AF568,1000.0,5.0,2025-12-23T21:09:34,71808,33252,2,10,63,10,Gray16,0.65,10,0.45,Orca Flash 4.0,None,false,0
LS87_4b.czi,LOOSE,D:\SLIDES HE DEC 2025 LS\LS87_4b.czi,LS87,4,b,,AF488,300.0,5.0,2025-12-20T20:12:30,73644,35088,2,10,71,10,Gray16,0.65,10,0.45,Orca Flash 4.0,None,false,0
LS87_5a.czi,LOOSE,D:\SLIDES HE DEC 2025 LS\LS87_5a.czi,LS87,5,a,,AF568,1000.0,5.0,2025-12-23T21:43:52,84660,36924,2,11,72,11,Gray16,0.65,10,0.45,Orca Flash 4.0,None,false,0
LS87_5b.czi,LOOSE,D:\SLIDES HE DEC 2025 LS\LS87_5b.czi,LS87,5,b,,AF488,300.0,5.0,2025-12-20T20:45:32,84660,35088,2,11,74,11,Gray16,0.65,10,0.45,Orca Flash 4.0,None,false,0
LS87_6a.czi,LOOSE,D:\SLIDES HE DEC 2025 LS\LS87_6a.czi,LS87,6,a,,AF568,1000.0,5.0,2025-12-23T22:23:49,80988,35088,2,12,68,12,Gray16,0.65,10,0.45,Orca Flash 4.0,None,false,0
LS87_6b.czi,LOOSE,D:\SLIDES HE DEC 2025 LS\LS87_6b.czi,LS87,6,b,,AF488,300.0,5.0,2025-12-20T21:17:25,79152,35088,2,12,65,12,Gray16,0.65,10,0.45,Orca Flash 4.0,None,false,0
LS87_7a.czi,LOOSE,D:\SLIDES HE DEC 2025 LS\LS87_7a.czi,LS87,7,a,,AF568,1000.0,5.0,2025-12-23T23:00:22,82824,33252,2,13,60,13,Gray16,0.65,10,0.45,Orca Flash 4.0,None,false,0
LS87_7b.czi,LOOSE,D:\SLIDES HE DEC 2025 LS\LS87_7b.czi,LS87,7,b,,AF488,300.0,5.0,2025-12-22T11:24:21,71808,33252,2,11,84,11,Gray16,0.65,10,0.45,Orca Flash 4.0,None,false,0
LS87_8a.czi,LOOSE,D:\SLIDES HE DEC 2025 LS\LS87_8a.czi,LS87,8,a,,AF568,1000.0,5.0,2025-12-23T23:34:03,80988,31416,2,12,61,12,Gray16,0.65,10,0.45,Orca Flash 4.0,None,false,0
LS87_8b.czi,LOOSE,D:\SLIDES HE DEC 2025 LS\LS87_8b.czi,LS87,8,b,,AF488,300.0,5.0,2025-12-22T12:20:35,80988,29580,2,12,51,12,Gray16,0.65,10,0.45,Orca Flash 4.0,None,false,0
LS87_9a.czi,LOOSE,D:\SLIDES HE DEC 2025 LS\LS87_9a.czi,LS87,9,a,,AF568,1000.0,5.0,2025-12-24T00:05:06,77316,29580,2,10,57,10,Gray16,0.65,10,0.45,Orca Flash 4.0,None,false,0
LS87_9b.czi,LOOSE,D:\SLIDES HE DEC 2025 LS\LS87_9b.czi,LS87,9,b,,AF488,300.0,5.0,2025-12-22T12:43:43,79152,29580,2,10,57,10,Gray16,0.65,10,0.45,Orca Flash 4.0,None,false,0
LS138_1a.czi,transfer_126944_files_c99dff01.zip,D:\SLIDES HE DEC 2025 LS\transfer_126944_files_c99dff01.zip,LS138,1,a,,AF568,1000.0,5.0,2025-12-18T23:48:44,69972,35088,2,11,41,11,Gray16,0.65,10,0.45,Orca Flash 4.0,None,false,1
LS138_2a.czi,transfer_126944_files_c99dff01.zip,D:\SLIDES HE DEC 2025 LS\transfer_126944_files_c99dff01.zip,LS138,2,a,,AF568,1000.0,5.0,2025-12-19T00:13:05,79152,31416,2,12,48,12,Gray16,0.65,10,0.45,Orca Flash 4.0,None,false,1
LS138_3a.czi,transfer_126944_files_c99dff01.zip,D:\SLIDES HE DEC 2025 LS\transfer_126944_files_c99dff01.zip,LS138,3,a,,AF568,1000.0,5.0,2025-12-19T00:40:30,79152,29580,2,12,48,12,Gray16,0.65,10,0.45,Orca Flash 4.0,None,false,1
LS138_4a.czi,transfer_126944_files_c99dff01.zip,D:\SLIDES HE DEC 2025 LS\transfer_126944_files_c99dff01.zip,LS138,4,a,,AF568,1000.0,5.0,2025-12-19T01:03:59,55284,31416,2,8,50,8,Gray16,0.65,10,0.45,Orca Flash 4.0,None,false,1
LS138_5a.czi,transfer_126944_files_c99dff01.zip,D:\SLIDES HE DEC 2025 LS\transfer_126944_files_c99dff01.zip,LS138,5,a,,AF568,1000.0,5.0,2025-12-19T01:31:33,80988,35088,2,10,68,10,Gray16,0.65,10,0.45,Orca Flash 4.0,None,false,1
LS138_6a.czi,transfer_126944_files_c99dff01.zip,D:\SLIDES HE DEC 2025 LS\transfer_126944_files_c99dff01.zip,LS138,6,a,,AF568,1000.0,5.0,2025-12-19T02:08:39,80988,33252,2,10,79,10,Gray16,0.65,10,0.45,Orca Flash 4.0,None,false,1
LS138_7a.czi,transfer_126944_files_c99dff01.zip,D:\SLIDES HE DEC 2025 LS\transfer_126944_files_c99dff01.zip,LS138,7,a,,AF568,1000.0,5.0,2025-12-19T02:46:25,75480,35088,2,10,75,10,Gray16,0.65,10,0.45,Orca Flash 4.0,None,false,1
LS138_8a.czi,transfer_126944_files_c99dff01.zip,D:\SLIDES HE DEC 2025 LS\transfer_126944_files_c99dff01.zip,LS138,8,a,,AF568,1000.0,5.0,2025-12-19T03:21:28,80988,35088,2,11,62,11,Gray16,0.65,10,0.45,Orca Flash 4.0,None,false,1
LS138_9a.czi,transfer_126944_files_c99dff01.zip,D:\SLIDES HE DEC 2025 LS\transfer_126944_files_c99dff01.zip,LS138,9,a,,AF568,1000.0,5.0,2025-12-19T03:49:59,66300,31416,2,10,45,10,Gray16,0.65,10,0.45,Orca Flash 4.0,None,false,1
LS22_1b.czi,transfer_127064_files_d954cebf.zip,D:\SLIDES HE DEC 2025 LS\transfer_127064_files_d954cebf.zip,LS22,1,b,,AF488,300.0,5.0,2025-12-19T23:31:05,69972,31416,2,13,43,13,Gray16,0.65,10,0.45,Orca Flash 4.0,None,false,1
LS22_2b.czi,transfer_127064_files_d954cebf.zip,D:\SLIDES HE DEC 2025 LS\transfer_127064_files_d954cebf.zip,LS22,2,b,,AF488,300.0,5.0,2025-12-19T23:45:14,71808,29580,2,12,31,12,Gray16,0.65,10,0.45,Orca Flash 4.0,None,false,1
LS22_3b.czi,transfer_127064_files_d954cebf.zip,D:\SLIDES HE DEC 2025 LS\transfer_127064_files_d954cebf.zip,LS22,3,b,,AF488,300.0,5.0,2025-12-20T00:02:42,71808,31416,2,10,48,10,Gray16,0.65,10,0.45,Orca Flash 4.0,None,false,1
LS22_4b.czi,transfer_127064_files_d954cebf.zip,D:\SLIDES HE DEC 2025 LS\transfer_127064_files_d954cebf.zip,LS22,4,b,,AF488,300.0,5.0,2025-12-20T00:28:34,80988,33252,2,11,56,11,Gray16,0.65,10,0.45,Orca Flash 4.0,None,false,1
LS22_5b.czi,transfer_127064_files_d954cebf.zip,D:\SLIDES HE DEC 2025 LS\transfer_127064_files_d954cebf.zip,LS22,5,b,,AF488,300.0,5.0,2025-12-20T00:59:12,75480,35088,2,10,72,10,Gray16,0.65,10,0.45,Orca Flash 4.0,None,false,1
LS22_6b.czi,transfer_127064_files_d954cebf.zip,D:\SLIDES HE DEC 2025 LS\transfer_127064_files_d954cebf.zip,LS22,6,b,,AF488,300.0,5.0,2025-12-21T12:16:07,77316,33252,2,10,72,10,Gray16,0.65,10,0.45,Orca Flash 4.0,None,false,1
LS22_7b.czi,transfer_127064_files_d954cebf.zip,D:\SLIDES HE DEC 2025 LS\transfer_127064_files_d954cebf.zip,LS22,7,b,,AF488,300.0,5.0,2025-12-20T02:02:53,82824,33252,2,12,66,12,Gray16,0.65,10,0.45,Orca Flash 4.0,None,false,1
LS22_8b.czi,transfer_127064_files_d954cebf.zip,D:\SLIDES HE DEC 2025 LS\transfer_127064_files_d954cebf.zip,LS22,8,b,,AF488,300.0,5.0,2025-12-20T02:28:26,79152,27744,2,12,53,12,Gray16,0.65,10,0.45,Orca Flash 4.0,None,false,1
LS22_9b.czi,transfer_127064_files_d954cebf.zip,D:\SLIDES HE DEC 2025 LS\transfer_127064_files_d954cebf.zip,LS22,9,b,,AF488,300.0,5.0,2025-12-20T02:51:44,82824,33252,2,12,64,12,Gray16,0.65,10,0.45,Orca Flash 4.0,None,false,1
LS45_1b.czi,transfer_127064_files_d954cebf.zip,D:\SLIDES HE DEC 2025 LS\transfer_127064_files_d954cebf.zip,LS45,1,b,,AF488,300.0,5.0,2025-12-19T18:16:52,69972,29580,2,14,32,14,Gray16,0.65,10,0.45,Orca Flash 4.0,None,false,1
LS45_2b.czi,transfer_127064_files_d954cebf.zip,D:\SLIDES HE DEC 2025 LS\transfer_127064_files_d954cebf.zip,LS45,2,b,,AF488,300.0,5.0,2025-12-19T18:35:27,77316,31416,2,13,61,13,Gray16,0.65,10,0.45,Orca Flash 4.0,None,false,1
LS45_3b.czi,transfer_127064_files_d954cebf.zip,D:\SLIDES HE DEC 2025 LS\transfer_127064_files_d954cebf.zip,LS45,3,b,,AF488,300.0,5.0,2025-12-19T18:58:59,79152,33252,2,14,47,14,Gray16,0.65,10,0.45,Orca Flash 4.0,None,false,1
LS45_4b.czi,transfer_127064_files_d954cebf.zip,D:\SLIDES HE DEC 2025 LS\transfer_127064_files_d954cebf.zip,LS45,4,b,,AF488,300.0,5.0,2025-12-19T19:30:34,84660,31416,2,14,63,14,Gray16,0.65,10,0.45,Orca Flash 4.0,None,false,1
LS45_5b.czi,transfer_127064_files_d954cebf.zip,D:\SLIDES HE DEC 2025 LS\transfer_127064_files_d954cebf.zip,LS45,5,b,,AF488,300.0,5.0,2025-12-19T20:03:12,77316,35088,2,10,79,10,Gray16,0.65,10,0.45,Orca Flash 4.0,None,false,1
LS45_6b.czi,transfer_127064_files_d954cebf.zip,D:\SLIDES HE DEC 2025 LS\transfer_127064_files_d954cebf.zip,LS45,6,b,,AF488,300.0,5.0,2025-12-19T20:36:08,75480,36924,2,10,80,10,Gray16,0.65,10,0.45,Orca Flash 4.0,None,false,1
LS45_7b.czi,transfer_127064_files_d954cebf.zip,D:\SLIDES HE DEC 2025 LS\transfer_127064_files_d954cebf.zip,LS45,7,b,,AF488,300.0,5.0,2025-12-19T21:12:23,79152,36924,2,11,65,11,Gray16,0.65,10,0.45,Orca Flash 4.0,None,false,1
LS45_8b.czi,transfer_127064_files_d954cebf.zip,D:\SLIDES HE DEC 2025 LS\transfer_127064_files_d954cebf.zip,LS45,8,b,,AF488,300.0,5.0,2025-12-19T21:41:10,79152,33252,2,12,58,12,Gray16,0.65,10,0.45,Orca Flash 4.0,None,false,1
LS45_8c.czi,transfer_127064_files_d954cebf.zip,D:\SLIDES HE DEC 2025 LS\transfer_127064_files_d954cebf.zip,LS45,8,c,,AF488,300.0,5.0,2025-12-19T22:08:09,77316,31416,2,12,55,12,Gray16,0.65,10,0.45,Orca Flash 4.0,None,false,1
LS45_9b.czi,transfer_127064_files_d954cebf.zip,D:\SLIDES HE DEC 2025 LS\transfer_127064_files_d954cebf.zip,LS45,9,b,,AF488,300.0,5.0,2025-12-19T22:31:16,82824,31416,2,11,52,11,Gray16,0.65,10,0.45,Orca Flash 4.0,None,false,1
LS45_9c.czi,transfer_127064_files_d954cebf.zip,D:\SLIDES HE DEC 2025 LS\transfer_127064_files_d954cebf.zip,LS45,9,c,,AF488,300.0,5.0,2025-12-19T22:53:38,80988,33252,2,10,98,10,Gray16,0.65,10,0.45,Orca Flash 4.0,None,false,1
LS45_10b.czi,transfer_127064_files_d954cebf.zip,D:\SLIDES HE DEC 2025 LS\transfer_127064_files_d954cebf.zip,LS45,10,b,,AF488,300.0,5.0,2025-12-19T23:15:07,75480,29580,2,10,53,10,Gray16,0.65,10,0.45,Orca Flash 4.0,None,false,1
LS53_1b.czi,transfer_127064_files_d954cebf.zip,D:\SLIDES HE DEC 2025 LS\transfer_127064_files_d954cebf.zip,LS53,1,b,,AF488,300.0,5.0,2025-12-20T03:09:10,77316,33252,2,17,30,17,Gray16,0.65,10,0.45,Orca Flash 4.0,None,false,1
LS53_2c.czi,transfer_127064_files_d954cebf.zip,D:\SLIDES HE DEC 2025 LS\transfer_127064_files_d954cebf.zip,LS53,2,c,,AF488,300.0,5.0,2025-12-20T03:24:17,69972,29580,2,12,34,12,Gray16,0.65,10,0.45,Orca Flash 4.0,None,false,1
LS53_3b.czi,transfer_127064_files_d954cebf.zip,D:\SLIDES HE DEC 2025 LS\transfer_127064_files_d954cebf.zip,LS53,3,b,,AF488,300.0,5.0,2025-12-20T03:41:29,69972,31416,2,12,38,12,Gray16,0.65,10,0.45,Orca Flash 4.0,None,false,1
LS53_4b.czi,transfer_127064_files_d954cebf.zip,D:\SLIDES HE DEC 2025 LS\transfer_127064_files_d954cebf.zip,LS53,4,b,,AF488,300.0,5.0,2025-12-20T04:05:12,82824,35088,2,11,61,11,Gray16,0.65,10,0.45,Orca Flash 4.0,None,false,1
LS53_5c.czi,transfer_127064_files_d954cebf.zip,D:\SLIDES HE DEC 2025 LS\transfer_127064_files_d954cebf.zip,LS53,5,c,,AF488,300.0,5.0,2025-12-20T04:34:38,77316,35088,2,10,70,10,Gray16,0.65,10,0.45,Orca Flash 4.0,None,false,1
LS53_6b.czi,transfer_127064_files_d954cebf.zip,D:\SLIDES HE DEC 2025 LS\transfer_127064_files_d954cebf.zip,LS53,6,b,,AF488,300.0,5.0,2025-12-20T05:06:52,79152,35088,2,10,70,10,Gray16,0.65,10,0.45,Orca Flash 4.0,None,false,1
LS53_7b.czi,transfer_127064_files_d954cebf.zip,D:\SLIDES HE DEC 2025 LS\transfer_127064_files_d954cebf.zip,LS53,7,b,,AF488,300.0,5.0,2025-12-20T05:37:30,77316,35088,2,10,70,10,Gray16,0.65,10,0.45,Orca Flash 4.0,None,false,1
LS53_8b.czi,transfer_127064_files_d954cebf.zip,D:\SLIDES HE DEC 2025 LS\transfer_127064_files_d954cebf.zip,LS53,8,b,,AF488,300.0,5.0,2025-12-20T06:03:48,71808,33252,2,10,61,10,Gray16,0.65,10,0.45,Orca Flash 4.0,None,false,1
LS53_9b.czi,transfer_127064_files_d954cebf.zip,D:\SLIDES HE DEC 2025 LS\transfer_127064_files_d954cebf.zip,LS53,9,b,,AF488,300.0,5.0,2025-12-20T06:27:30,82824,31416,2,11,83,11,Gray16,0.65,10,0.45,Orca Flash 4.0,None,false,1
LS53_10b.czi,transfer_127064_files_d954cebf.zip,D:\SLIDES HE DEC 2025 LS\transfer_127064_files_d954cebf.zip,LS53,10,b,,AF488,300.0,5.0,2025-12-20T06:50:18,86496,29580,2,12,47,12,Gray16,0.65,10,0.45,Orca Flash 4.0,None,false,1
LS69_1b.czi,transfer_127064_files_d954cebf.zip,D:\SLIDES HE DEC 2025 LS\transfer_127064_files_d954cebf.zip,LS69,1,b,,AF488,300.0,5.0,2025-12-19T13:13:24,77316,35088,2,17,38,17,Gray16,0.65,10,0.45,Orca Flash 4.0,None,false,1
LS69_2b.czi,transfer_127064_files_d954cebf.zip,D:\SLIDES HE DEC 2025 LS\transfer_127064_files_d954cebf.zip,LS69,2,b,,AF488,300.0,5.0,2025-12-19T14:27:31,80988,31416,2,16,46,16,Gray16,0.65,10,0.45,Orca Flash 4.0,None,false,1
LS69_3b.czi,transfer_127064_files_d954cebf.zip,D:\SLIDES HE DEC 2025 LS\transfer_127064_files_d954cebf.zip,LS69,3,b,,AF488,300.0,5.0,2025-12-19T14:53:30,77316,33252,2,11,104,11,Gray16,0.65,10,0.45,Orca Flash 4.0,None,false,1
LS69_4b.czi,transfer_127064_files_d954cebf.zip,D:\SLIDES HE DEC 2025 LS\transfer_127064_files_d954cebf.zip,LS69,4,b,,AF488,300.0,5.0,2025-12-19T15:26:00,82824,35088,2,11,113,11,Gray16,0.65,10,0.45,Orca Flash 4.0,None,false,1
LS69_5b.czi,transfer_127064_files_d954cebf.zip,D:\SLIDES HE DEC 2025 LS\transfer_127064_files_d954cebf.zip,LS69,5,b,,AF488,300.0,5.0,2025-12-19T15:58:33,73644,35088,2,10,77,10,Gray16,0.65,10,0.45,Orca Flash 4.0,None,false,1
LS69_6b.czi,transfer_127064_files_d954cebf.zip,D:\SLIDES HE DEC 2025 LS\transfer_127064_files_d954cebf.zip,LS69,6,b,,AF488,300.0,5.0,2025-12-19T16:32:38,84660,35088,2,11,94,11,Gray16,0.65,10,0.45,Orca Flash 4.0,None,false,1
LS69_7b.czi,transfer_127064_files_d954cebf.zip,D:\SLIDES HE DEC 2025 LS\transfer_127064_files_d954cebf.zip,LS69,7,b,,AF488,300.0,5.0,2025-12-19T17:03:57,82824,33252,2,12,64,12,Gray16,0.65,10,0.45,Orca Flash 4.0,None,false,1
LS69_8b.czi,transfer_127064_files_d954cebf.zip,D:\SLIDES HE DEC 2025 LS\transfer_127064_files_d954cebf.zip,LS69,8,b,,AF488,300.0,5.0,2025-12-19T17:34:09,82824,35088,2,14,85,14,Gray16,0.65,10,0.45,Orca Flash 4.0,None,false,1
LS69_9b.czi,transfer_127064_files_d954cebf.zip,D:\SLIDES HE DEC 2025 LS\transfer_127064_files_d954cebf.zip,LS69,9,b,,AF488,300.0,5.0,2025-12-19T17:59:34,71808,29580,2,10,54,10,Gray16,0.65,10,0.45,Orca Flash 4.0,None,false,1
LS37_1b.czi,transfer_127073_files_41cdba17.zip,D:\SLIDES HE DEC 2025 LS\transfer_127073_files_41cdba17.zip,LS37,1,b,,AF488,300.0,5.0,2025-12-20T07:13:19,75480,33252,2,12,45,12,Gray16,0.65,10,0.45,Orca Flash 4.0,None,false,1
LS37_2b.czi,transfer_127073_files_41cdba17.zip,D:\SLIDES HE DEC 2025 LS\transfer_127073_files_41cdba17.zip,LS37,2,b,,AF488,300.0,5.0,2025-12-20T07:35:16,75480,31416,2,12,50,12,Gray16,0.65,10,0.45,Orca Flash 4.0,None,false,1
LS37_3b.czi,transfer_127073_files_41cdba17.zip,D:\SLIDES HE DEC 2025 LS\transfer_127073_files_41cdba17.zip,LS37,3,b,,AF488,300.0,5.0,2025-12-20T07:52:56,75480,29580,2,12,39,12,Gray16,0.65,10,0.45,Orca Flash 4.0,None,false,1
LS37_4b.czi,transfer_127073_files_41cdba17.zip,D:\SLIDES HE DEC 2025 LS\transfer_127073_files_41cdba17.zip,LS37,4,b,,AF488,300.0,5.0,2025-12-20T08:12:59,79152,31416,2,12,51,12,Gray16,0.65,10,0.45,Orca Flash 4.0,None,false,1
LS37_5b.czi,transfer_127073_files_41cdba17.zip,D:\SLIDES HE DEC 2025 LS\transfer_127073_files_41cdba17.zip,LS37,5,b,,AF488,300.0,5.0,2025-12-20T08:40:39,79152,35088,2,12,58,12,Gray16,0.65,10,0.45,Orca Flash 4.0,None,false,1
LS37_6b.czi,transfer_127073_files_41cdba17.zip,D:\SLIDES HE DEC 2025 LS\transfer_127073_files_41cdba17.zip,LS37,6,b,,AF488,300.0,5.0,2025-12-20T09:14:40,82824,35088,2,12,67,12,Gray16,0.65,10,0.45,Orca Flash 4.0,None,false,1
LS37_7b.czi,transfer_127073_files_41cdba17.zip,D:\SLIDES HE DEC 2025 LS\transfer_127073_files_41cdba17.zip,LS37,7,b,,AF488,300.0,5.0,2025-12-20T09:46:35,77316,35088,2,9,123,9,Gray16,0.65,10,0.45,Orca Flash 4.0,None,false,1
LS37_8b.czi,transfer_127073_files_41cdba17.zip,D:\SLIDES HE DEC 2025 LS\transfer_127073_files_41cdba17.zip,LS37,8,b,,AF488,300.0,5.0,2025-12-20T10:18:32,82824,35088,2,12,63,12,Gray16,0.65,10,0.45,Orca Flash 4.0,None,false,1
LS37_9b.czi,transfer_127073_files_41cdba17.zip,D:\SLIDES HE DEC 2025 LS\transfer_127073_files_41cdba17.zip,LS37,9,b,,AF488,300.0,5.0,2025-12-20T10:45:51,82824,33252,2,10,104,10,Gray16,0.65,10,0.45,Orca Flash 4.0,None,false,1
LS37_10b.czi,transfer_127073_files_41cdba17.zip,D:\SLIDES HE DEC 2025 LS\transfer_127073_files_41cdba17.zip,LS37,10,b,,AF488,300.0,5.0,2025-12-20T11:12:15,84660,31416,2,12,54,12,Gray16,0.65,10,0.45,Orca Flash 4.0,None,false,1
LS87_1b.czi,transfer_127073_files_41cdba17.zip,D:\SLIDES HE DEC 2025 LS\transfer_127073_files_41cdba17.zip,LS87,1,b,,AF488,300.0,5.0,2025-12-22T10:21:16,79152,33252,2,20,31,20,Gray16,0.65,10,0.45,Orca Flash 4.0,None,false,1
LS87_2b.czi,transfer_127073_files_41cdba17.zip,D:\SLIDES HE DEC 2025 LS\transfer_127073_files_41cdba17.zip,LS87,2,b,,AF488,300.0,5.0,2025-12-20T19:17:23,79152,33252,2,13,47,13,Gray16,0.65,10,0.45,Orca Flash 4.0,None,false,1
LS87_3b.czi,transfer_127073_files_41cdba17.zip,D:\SLIDES HE DEC 2025 LS\transfer_127073_files_41cdba17.zip,LS87,3,b,,AF488,300.0,5.0,2025-12-20T19:42:59,79152,33252,2,11,58,11,Gray16,0.65,10,0.45,Orca Flash 4.0,None,false,1
LS87_4b.czi,transfer_127073_files_41cdba17.zip,D:\SLIDES HE DEC 2025 LS\transfer_127073_files_41cdba17.zip,LS87,4,b,,AF488,300.0,5.0,2025-12-20T20:12:30,73644,35088,2,10,71,10,Gray16,0.65,10,0.45,Orca Flash 4.0,None,false,1
LS87_5b.czi,transfer_127073_files_41cdba17.zip,D:\SLIDES HE DEC 2025 LS\transfer_127073_files_41cdba17.zip,LS87,5,b,,AF488,300.0,5.0,2025-12-20T20:45:32,84660,35088,2,11,74,11,Gray16,0.65,10,0.45,Orca Flash 4.0,None,false,1
LS87_6b.czi,transfer_127073_files_41cdba17.zip,D:\SLIDES HE DEC 2025 LS\transfer_127073_files_41cdba17.zip,LS87,6,b,,AF488,300.0,5.0,2025-12-20T21:17:25,79152,35088,2,12,65,12,Gray16,0.65,10,0.45,Orca Flash 4.0,None,false,1
LS87_7b.czi,transfer_127073_files_41cdba17.zip,D:\SLIDES HE DEC 2025 LS\transfer_127073_files_41cdba17.zip,LS87,7,b,,AF488,300.0,5.0,2025-12-22T11:24:21,71808,33252,2,11,84,11,Gray16,0.65,10,0.45,Orca Flash 4.0,None,false,1
LS87_8b.czi,transfer_127073_files_41cdba17.zip,D:\SLIDES HE DEC 2025 LS\transfer_127073_files_41cdba17.zip,LS87,8,b,,AF488,300.0,5.0,2025-12-22T12:20:35,80988,29580,2,12,51,12,Gray16,0.65,10,0.45,Orca Flash 4.0,None,false,1
LS87_9b.czi,transfer_127073_files_41cdba17.zip,D:\SLIDES HE DEC 2025 LS\transfer_127073_files_41cdba17.zip,LS87,9,b,,AF488,300.0,5.0,2025-12-22T12:43:43,79152,29580,2,10,57,10,Gray16,0.65,10,0.45,Orca Flash 4.0,None,false,1
LS120_1b.czi,transfer_127073_files_41cdba17.zip,D:\SLIDES HE DEC 2025 LS\transfer_127073_files_41cdba17.zip,LS120,1,b,,AF488,300.0,5.0,2025-12-20T11:34:00,77316,35088,2,19,30,19,Gray16,0.65,10,0.45,Orca Flash 4.0,None,false,1
LS120_2b.czi,transfer_127073_files_41cdba17.zip,D:\SLIDES HE DEC 2025 LS\transfer_127073_files_41cdba17.zip,LS120,2,b,,AF488,300.0,5.0,2025-12-20T11:52:53,77316,29580,2,14,38,14,Gray16,0.65,10,0.45,Orca Flash 4.0,None,false,1
LS120_3b.czi,transfer_127073_files_41cdba17.zip,D:\SLIDES HE DEC 2025 LS\transfer_127073_files_41cdba17.zip,LS120,3,b,,AF488,300.0,5.0,2025-12-20T12:16:06,79152,33252,2,13,73,13,Gray16,0.65,10,0.45,Orca Flash 4.0,None,false,1
LS120_4b.czi,transfer_127073_files_41cdba17.zip,D:\SLIDES HE DEC 2025 LS\transfer_127073_files_41cdba17.zip,LS120,4,b,,AF488,300.0,5.0,2025-12-20T12:44:42,77316,35088,2,12,59,12,Gray16,0.65,10,0.45,Orca Flash 4.0,None,false,1
LS120_5b.czi,transfer_127073_files_41cdba17.zip,D:\SLIDES HE DEC 2025 LS\transfer_127073_files_41cdba17.zip,LS120,5,b,,AF488,300.0,5.0,2025-12-20T13:15:24,79152,35088,2,12,66,12,Gray16,0.65,10,0.45,Orca Flash 4.0,None,false,1
LS120_6b.czi,transfer_127073_files_41cdba17.zip,D:\SLIDES HE DEC 2025 LS\transfer_127073_files_41cdba17.zip,LS120,6,b,,AF488,300.0,5.0,2025-12-20T13:45:24,73644,36924,2,10,67,10,Gray16,0.65,10,0.45,Orca Flash 4.0,None,false,1
LS120_7b.czi,transfer_127073_files_41cdba17.zip,D:\SLIDES HE DEC 2025 LS\transfer_127073_files_41cdba17.zip,LS120,7,b,,AF488,300.0,5.0,2025-12-20T14:13:28,82824,31416,2,11,61,11,Gray16,0.65,10,0.45,Orca Flash 4.0,None,false,1
LS120_8b.czi,transfer_127073_files_41cdba17.zip,D:\SLIDES HE DEC 2025 LS\transfer_127073_files_41cdba17.zip,LS120,8,b,,AF488,300.0,5.0,2025-12-20T14:37:32,77316,27744,2,11,50,11,Gray16,0.65,10,0.45,Orca Flash 4.0,None,false,1
LS120_9b.czi,transfer_127073_files_41cdba17.zip,D:\SLIDES HE DEC 2025 LS\transfer_127073_files_41cdba17.zip,LS120,9,b,,AF488,300.0,5.0,2025-12-20T14:57:20,60792,27744,2,8,51,8,Gray16,0.65,10,0.45,Orca Flash 4.0,None,false,1
LS136_1b.czi,transfer_127073_files_41cdba17.zip,D:\SLIDES HE DEC 2025 LS\transfer_127073_files_41cdba17.zip,LS136,1,b,,AF488,300.0,5.0,2025-12-20T15:14:08,73644,31416,2,19,32,19,Gray16,0.65,10,0.45,Orca Flash 4.0,None,false,1
LS136_2b.czi,transfer_127073_files_41cdba17.zip,D:\SLIDES HE DEC 2025 LS\transfer_127073_files_41cdba17.zip,LS136,2,b,,AF488,300.0,5.0,2025-12-20T15:32:22,80988,33252,2,17,40,17,Gray16,0.65,10,0.45,Orca Flash 4.0,None,false,1
LS136_3b.czi,transfer_127073_files_41cdba17.zip,D:\SLIDES HE DEC 2025 LS\transfer_127073_files_41cdba17.zip,LS136,3,b,,AF488,300.0,5.0,2025-12-20T15:58:18,77316,35088,2,12,63,12,Gray16,0.65,10,0.45,Orca Flash 4.0,None,false,1
LS136_4b.czi,transfer_127073_files_41cdba17.zip,D:\SLIDES HE DEC 2025 LS\transfer_127073_files_41cdba17.zip,LS136,4,b,,AF488,300.0,5.0,2025-12-20T16:29:39,80988,35088,2,14,57,14,Gray16,0.65,10,0.45,Orca Flash 4.0,None,false,1
LS136_5b.czi,transfer_127073_files_41cdba17.zip,D:\SLIDES HE DEC 2025 LS\transfer_127073_files_41cdba17.zip,LS136,5,b,,AF488,300.0,5.0,2025-12-20T17:01:51,77316,35088,2,11,130,11,Gray16,0.65,10,0.45,Orca Flash 4.0,None,false,1
LS136_6b.czi,transfer_127073_files_41cdba17.zip,D:\SLIDES HE DEC 2025 LS\transfer_127073_files_41cdba17.zip,LS136,6,b,,AF488,300.0,5.0,2025-12-20T17:29:05,79152,35088,2,10,66,10,Gray16,0.65,10,0.45,Orca Flash 4.0,None,false,1
LS136_7b.czi,transfer_127073_files_41cdba17.zip,D:\SLIDES HE DEC 2025 LS\transfer_127073_files_41cdba17.zip,LS136,7,b,,AF488,300.0,5.0,2025-12-20T17:52:35,73644,33252,2,12,59,12,Gray16,0.65,10,0.45,Orca Flash 4.0,None,false,1
LS136_8b.czi,transfer_127073_files_41cdba17.zip,D:\SLIDES HE DEC 2025 LS\transfer_127073_files_41cdba17.zip,LS136,8,b,,AF488,300.0,5.0,2025-12-20T18:16:08,71808,35088,2,12,49,12,Gray16,0.65,10,0.45,Orca Flash 4.0,None,false,1
LS136_9b.czi,transfer_127073_files_41cdba17.zip,D:\SLIDES HE DEC 2025 LS\transfer_127073_files_41cdba17.zip,LS136,9,b,,AF488,300.0,5.0,2025-12-20T18:35:32,75480,27744,2,9,48,9,Gray16,0.65,10,0.45,Orca Flash 4.0,None,false,1
LS61_7b.czi,transfer_127100_files_26085ffa.zip,D:\SLIDES HE DEC 2025 LS\transfer_127100_files_26085ffa.zip,LS61,7,b,,AF488,300.0,5.0,2025-12-21T20:10:50,80988,35088,2,12,59,12,Gray16,0.65,10,0.45,Orca Flash 4.0,None,false,1
LS61_2c.czi,transfer_127100_files_26085ffa.zip,D:\SLIDES HE DEC 2025 LS\transfer_127100_files_26085ffa.zip,LS61,2,c,,AF488,300.0,5.0,2025-12-21T16:54:28,79152,31416,2,16,38,16,Gray16,0.65,10,0.45,Orca Flash 4.0,None,false,1
LS61_2b.czi,transfer_127100_files_26085ffa.zip,D:\SLIDES HE DEC 2025 LS\transfer_127100_files_26085ffa.zip,LS61,2,b,,AF488,300.0,5.0,2025-12-21T17:15:56,77316,33252,2,16,39,16,Gray16,0.65,10,0.45,Orca Flash 4.0,None,false,1
LS61_9b.czi,transfer_127100_files_26085ffa.zip,D:\SLIDES HE DEC 2025 LS\transfer_127100_files_26085ffa.zip,LS61,9,b,,AF488,300.0,5.0,2025-12-21T20:59:06,60792,31416,2,8,53,8,Gray16,0.65,10,0.45,Orca Flash 4.0,None,false,1
LS61_6b.czi,transfer_127100_files_26085ffa.zip,D:\SLIDES HE DEC 2025 LS\transfer_127100_files_26085ffa.zip,LS61,6,b,,AF488,300.0,5.0,2025-12-21T19:41:35,79152,33252,2,12,64,12,Gray16,0.65,10,0.45,Orca Flash 4.0,None,false,1
LS61_4b.czi,transfer_127100_files_26085ffa.zip,D:\SLIDES HE DEC 2025 LS\transfer_127100_files_26085ffa.zip,LS61,4,b,,AF488,300.0,5.0,2025-12-21T18:06:16,77316,33252,2,11,98,11,Gray16,0.65,10,0.45,Orca Flash 4.0,None,false,1
LS61_1b.czi,transfer_127100_files_26085ffa.zip,D:\SLIDES HE DEC 2025 LS\transfer_127100_files_26085ffa.zip,LS61,1,b,,AF488,300.0,5.0,2025-12-21T16:33:48,77316,35088,2,15,41,15,Gray16,0.65,10,0.45,Orca Flash 4.0,None,false,1
LS61_3b.czi,transfer_127100_files_26085ffa.zip,D:\SLIDES HE DEC 2025 LS\transfer_127100_files_26085ffa.zip,LS61,3,b,,AF488,300.0,5.0,2025-12-21T17:38:01,80988,33252,2,15,41,15,Gray16,0.65,10,0.45,Orca Flash 4.0,None,false,1
LS61_5b.czi,transfer_127100_files_26085ffa.zip,D:\SLIDES HE DEC 2025 LS\transfer_127100_files_26085ffa.zip,LS61,5,b,,AF488,300.0,5.0,2025-12-21T19:09:00,82824,35088,2,12,69,12,Gray16,0.65,10,0.45,Orca Flash 4.0,None,false,1
LS61_4c.czi,transfer_127100_files_26085ffa.zip,D:\SLIDES HE DEC 2025 LS\transfer_127100_files_26085ffa.zip,LS61,4,c,,AF488,300.0,5.0,2025-12-21T18:35:33,79152,33252,2,12,62,12,Gray16,0.65,10,0.45,Orca Flash 4.0,None,false,1
LS61_8b.czi,transfer_127100_files_26085ffa.zip,D:\SLIDES HE DEC 2025 LS\transfer_127100_files_26085ffa.zip,LS61,8,b,,AF488,300.0,5.0,2025-12-21T20:38:23,82824,33252,2,13,52,13,Gray16,0.65,10,0.45,Orca Flash 4.0,None,false,1
LS85_4b.czi,transfer_127100_files_26085ffa.zip,D:\SLIDES HE DEC 2025 LS\transfer_127100_files_26085ffa.zip,LS85,4,b,,AF488,300.0,5.0,2025-12-21T22:02:32,79152,33252,2,12,48,12,Gray16,0.65,10,0.45,Orca Flash 4.0,None,false,1
LS85_1b.czi,transfer_127100_files_26085ffa.zip,D:\SLIDES HE DEC 2025 LS\transfer_127100_files_26085ffa.zip,LS85,1,b,,AF488,300.0,5.0,2025-12-21T21:12:07,51612,31416,2,7,37,7,Gray16,0.65,10,0.45,Orca Flash 4.0,None,false,1
LS85_3b.czi,transfer_127100_files_26085ffa.zip,D:\SLIDES HE DEC 2025 LS\transfer_127100_files_26085ffa.zip,LS85,3,b,,AF488,300.0,5.0,2025-12-21T21:41:24,80988,33252,2,12,36,12,Gray16,0.65,10,0.45,Orca Flash 4.0,None,false,1
LS85_6b.czi,transfer_127100_files_26085ffa.zip,D:\SLIDES HE DEC 2025 LS\transfer_127100_files_26085ffa.zip,LS85,6,b,,AF488,300.0,5.0,2025-12-21T22:59:24,75480,35088,2,10,70,10,Gray16,0.65,10,0.45,Orca Flash 4.0,None,false,1
LS85_9b.czi,transfer_127100_files_26085ffa.zip,D:\SLIDES HE DEC 2025 LS\transfer_127100_files_26085ffa.zip,LS85,9,b,,AF488,300.0,5.0,2025-12-22T00:25:05,80988,33252,2,12,59,12,Gray16,0.65,10,0.45,Orca Flash 4.0,None,false,1
LS85_10b.czi,transfer_127100_files_26085ffa.zip,D:\SLIDES HE DEC 2025 LS\transfer_127100_files_26085ffa.zip,LS85,10,b,,AF488,300.0,5.0,2025-12-22T00:50:41,73644,31416,2,10,57,10,Gray16,0.65,10,0.45,Orca Flash 4.0,None,false,1
LS85_8b.czi,transfer_127100_files_26085ffa.zip,D:\SLIDES HE DEC 2025 LS\transfer_127100_files_26085ffa.zip,LS85,8,b,,AF488,300.0,5.0,2025-12-21T23:56:32,73644,33252,2,10,67,10,Gray16,0.65,10,0.45,Orca Flash 4.0,None,false,1
LS85_7c.czi,transfer_127100_files_26085ffa.zip,D:\SLIDES HE DEC 2025 LS\transfer_127100_files_26085ffa.zip,LS85,7,c,,AF488,300.0,5.0,2025-12-21T23:28:54,80988,36924,2,10,69,10,Gray16,0.65,10,0.45,Orca Flash 4.0,None,false,1
LS85_5b.czi,transfer_127100_files_26085ffa.zip,D:\SLIDES HE DEC 2025 LS\transfer_127100_files_26085ffa.zip,LS85,5,b,,AF488,300.0,5.0,2025-12-21T22:29:37,77316,33252,2,10,66,10,Gray16,0.65,10,0.45,Orca Flash 4.0,None,false,1
LS85_2b.czi,transfer_127100_files_26085ffa.zip,D:\SLIDES HE DEC 2025 LS\transfer_127100_files_26085ffa.zip,LS85,2,b,,AF488,300.0,5.0,2025-12-21T21:25:42,68136,31416,2,10,43,10,Gray16,0.65,10,0.45,Orca Flash 4.0,None,false,1
LS105_4b.czi,transfer_127100_files_26085ffa.zip,D:\SLIDES HE DEC 2025 LS\transfer_127100_files_26085ffa.zip,LS105,4,b,,AF488,300.0,5.0,2025-12-22T02:15:10,80988,33252,2,13,57,13,Gray16,0.65,10,0.45,Orca Flash 4.0,None,false,1
LS105_2b.czi,transfer_127100_files_26085ffa.zip,D:\SLIDES HE DEC 2025 LS\transfer_127100_files_26085ffa.zip,LS105,2,b,,AF488,300.0,5.0,2025-12-22T01:29:56,75480,31416,2,12,41,12,Gray16,0.65,10,0.45,Orca Flash 4.0,None,false,1
LS105_5b.czi,transfer_127100_files_26085ffa.zip,D:\SLIDES HE DEC 2025 LS\transfer_127100_files_26085ffa.zip,LS105,5,b,,AF488,300.0,5.0,2025-12-22T02:45:40,75480,35088,2,12,60,12,Gray16,0.65,10,0.45,Orca Flash 4.0,None,false,1
LS105_10b.czi,transfer_127100_files_26085ffa.zip,D:\SLIDES HE DEC 2025 LS\transfer_127100_files_26085ffa.zip,LS105,10,b,,AF488,300.0,5.0,2025-12-22T05:11:18,66300,29580,2,10,46,10,Gray16,0.65,10,0.45,Orca Flash 4.0,None,false,1
LS105_8b.czi,transfer_127100_files_26085ffa.zip,D:\SLIDES HE DEC 2025 LS\transfer_127100_files_26085ffa.zip,LS105,8,b,,AF488,300.0,5.0,2025-12-22T04:25:35,77316,33252,2,10,125,10,Gray16,0.65,10,0.45,Orca Flash 4.0,None,false,1
LS105_6b.czi,transfer_127100_files_26085ffa.zip,D:\SLIDES HE DEC 2025 LS\transfer_127100_files_26085ffa.zip,LS105,6,b,,AF488,300.0,5.0,2025-12-22T03:19:07,80988,36924,2,12,74,12,Gray16,0.65,10,0.45,Orca Flash 4.0,None,false,1
LS105_7b.czi,transfer_127100_files_26085ffa.zip,D:\SLIDES HE DEC 2025 LS\transfer_127100_files_26085ffa.zip,LS105,7,b,,AF488,300.0,5.0,2025-12-22T03:54:14,84660,35088,2,11,110,11,Gray16,0.65,10,0.45,Orca Flash 4.0,None,false,1
LS105_9b.czi,transfer_127100_files_26085ffa.zip,D:\SLIDES HE DEC 2025 LS\transfer_127100_files_26085ffa.zip,LS105,9,b,,AF488,300.0,5.0,2025-12-22T04:51:00,82824,33252,2,14,48,14,Gray16,0.65,10,0.45,Orca Flash 4.0,None,false,1
LS105_1b.czi,transfer_127100_files_26085ffa.zip,D:\SLIDES HE DEC 2025 LS\transfer_127100_files_26085ffa.zip,LS105,1,b,,AF488,300.0,5.0,2025-12-22T01:10:50,75480,31416,2,15,37,15,Gray16,0.65,10,0.45,Orca Flash 4.0,None,false,1
LS105_3b.czi,transfer_127100_files_26085ffa.zip,D:\SLIDES HE DEC 2025 LS\transfer_127100_files_26085ffa.zip,LS105,3,b,,AF488,300.0,5.0,2025-12-22T01:49:32,71808,31416,2,12,43,12,Gray16,0.65,10,0.45,Orca Flash 4.0,None,false,1
LS138_1b.czi,transfer_127100_files_26085ffa.zip,D:\SLIDES HE DEC 2025 LS\transfer_127100_files_26085ffa.zip,LS138,1,b,,AF488,300.0,5.0,2025-12-21T12:37:47,68136,33252,2,12,41,12,Gray16,0.65,10,0.45,Orca Flash 4.0,None,false,1
LS138_9b.czi,transfer_127100_files_26085ffa.zip,D:\SLIDES HE DEC 2025 LS\transfer_127100_files_26085ffa.zip,LS138,9,b,,AF488,300.0,5.0,2025-12-21T16:13:13,77316,29580,2,9,78,9,Gray16,0.65,10,0.45,Orca Flash 4.0,None,false,1
LS138_6b.czi,transfer_127100_files_26085ffa.zip,D:\SLIDES HE DEC 2025 LS\transfer_127100_files_26085ffa.zip,LS138,6,b,,AF488,300.0,5.0,2025-12-21T14:47:53,82824,35088,2,10,86,10,Gray16,0.65,10,0.45,Orca Flash 4.0,None,false,1
LS138_5b.czi,transfer_127100_files_26085ffa.zip,D:\SLIDES HE DEC 2025 LS\transfer_127100_files_26085ffa.zip,LS138,5,b,,AF488,300.0,5.0,2025-12-21T14:13:26,80988,33252,2,10,71,10,Gray16,0.65,10,0.45,Orca Flash 4.0,None,false,1
LS138_7b.czi,transfer_127100_files_26085ffa.zip,D:\SLIDES HE DEC 2025 LS\transfer_127100_files_26085ffa.zip,LS138,7,b,,AF488,300.0,5.0,2025-12-21T15:20:49,79152,35088,2,10,76,10,Gray16,0.65,10,0.45,Orca Flash 4.0,None,false,1
LS138_3b.czi,transfer_127100_files_26085ffa.zip,D:\SLIDES HE DEC 2025 LS\transfer_127100_files_26085ffa.zip,LS138,3,b,,AF488,300.0,5.0,2025-12-21T13:19:37,79152,31416,2,12,44,12,Gray16,0.65,10,0.45,Orca Flash 4.0,None,false,1
LS138_2b.czi,transfer_127100_files_26085ffa.zip,D:\SLIDES HE DEC 2025 LS\transfer_127100_files_26085ffa.zip,LS138,2,b,,AF488,300.0,5.0,2025-12-21T12:58:14,80988,33252,2,11,52,11,Gray16,0.65,10,0.45,Orca Flash 4.0,None,false,1
LS138_8b.czi,transfer_127100_files_26085ffa.zip,D:\SLIDES HE DEC 2025 LS\transfer_127100_files_26085ffa.zip,LS138,8,b,,AF488,300.0,5.0,2025-12-21T15:49:14,84660,33252,2,12,61,12,Gray16,0.65,10,0.45,Orca Flash 4.0,None,false,1
LS138_4b.czi,transfer_127100_files_26085ffa.zip,D:\SLIDES HE DEC 2025 LS\transfer_127100_files_26085ffa.zip,LS138,4,b,,AF488,300.0,5.0,2025-12-21T13:39:25,55284,33252,2,8,59,8,Gray16,0.65,10,0.45,Orca Flash 4.0,None,false,1
LS22_1a.czi,transfer_127319_files_5cd8d86c.zip,D:\SLIDES HE DEC 2025 LS\transfer_127319_files_5cd8d86c.zip,LS22,1,a,,AF568,1000.0,5.0,2025-12-24T13:14:27,77316,33252,2,14,37,14,Gray16,0.65,10,0.45,Orca Flash 4.0,None,false,1
LS22_9a.czi,transfer_127319_files_5cd8d86c.zip,D:\SLIDES HE DEC 2025 LS\transfer_127319_files_5cd8d86c.zip,LS22,9,a,,AF568,1000.0,5.0,2025-12-23T00:49:32,80988,35088,2,13,51,13,Gray16,0.65,10,0.45,Orca Flash 4.0,None,false,1
LS22_8a.czi,transfer_127319_files_5cd8d86c.zip,D:\SLIDES HE DEC 2025 LS\transfer_127319_files_5cd8d86c.zip,LS22,8,a,,AF568,1000.0,5.0,2025-12-23T00:20:36,82824,33252,2,11,60,11,Gray16,0.65,10,0.45,Orca Flash 4.0,None,false,1
LS22_7a.czi,transfer_127319_files_5cd8d86c.zip,D:\SLIDES HE DEC 2025 LS\transfer_127319_files_5cd8d86c.zip,LS22,7,a,,AF568,1000.0,5.0,2025-12-22T23:46:56,80988,35088,2,11,69,11,Gray16,0.65,10,0.45,Orca Flash 4.0,None,false,1
LS22_6a.czi,transfer_127319_files_5cd8d86c.zip,D:\SLIDES HE DEC 2025 LS\transfer_127319_files_5cd8d86c.zip,LS22,6,a,,AF568,1000.0,5.0,2025-12-22T23:11:00,77316,35088,2,10,74,10,Gray16,0.65,10,0.45,Orca Flash 4.0,None,false,1
LS22_5a.czi,transfer_127319_files_5cd8d86c.zip,D:\SLIDES HE DEC 2025 LS\transfer_127319_files_5cd8d86c.zip,LS22,5,a,,AF568,1000.0,5.0,2025-12-22T22:32:07,77316,35088,2,10,75,10,Gray16,0.65,10,0.45,Orca Flash 4.0,None,false,1
LS22_4a.czi,transfer_127319_files_5cd8d86c.zip,D:\SLIDES HE DEC 2025 LS\transfer_127319_files_5cd8d86c.zip,LS22,4,a,,AF568,1000.0,5.0,2025-12-22T21:51:19,84660,35088,2,11,66,11,Gray16,0.65,10,0.45,Orca Flash 4.0,None,false,1
LS22_3a.czi,transfer_127319_files_5cd8d86c.zip,D:\SLIDES HE DEC 2025 LS\transfer_127319_files_5cd8d86c.zip,LS22,3,a,,AF568,1000.0,5.0,2025-12-22T21:16:46,71808,33252,2,10,51,10,Gray16,0.65,10,0.45,Orca Flash 4.0,None,false,1
LS22_2a.czi,transfer_127319_files_5cd8d86c.zip,D:\SLIDES HE DEC 2025 LS\transfer_127319_files_5cd8d86c.zip,LS22,2,a,,AF568,1000.0,5.0,2025-12-22T20:53:38,71808,31416,2,12,36,12,Gray16,0.65,10,0.45,Orca Flash 4.0,None,false,1
LS45_2a.czi,transfer_127319_files_5cd8d86c.zip,D:\SLIDES HE DEC 2025 LS\transfer_127319_files_5cd8d86c.zip,LS45,2,a,,AF568,1000.0,5.0,2025-12-22T05:53:30,79152,29580,2,14,36,14,Gray16,0.65,10,0.45,Orca Flash 4.0,None,false,1
LS45_3a.czi,transfer_127319_files_5cd8d86c.zip,D:\SLIDES HE DEC 2025 LS\transfer_127319_files_5cd8d86c.zip,LS45,3,a,,AF568,1000.0,5.0,2025-12-22T06:20:17,79152,33252,2,14,50,14,Gray16,0.65,10,0.45,Orca Flash 4.0,None,false,1
LS45_4a.czi,transfer_127319_files_5cd8d86c.zip,D:\SLIDES HE DEC 2025 LS\transfer_127319_files_5cd8d86c.zip,LS45,4,a,,AF568,1000.0,5.0,2025-12-22T06:54:58,82824,35088,2,13,59,13,Gray16,0.65,10,0.45,Orca Flash 4.0,None,false,1
LS45_5a.czi,transfer_127319_files_5cd8d86c.zip,D:\SLIDES HE DEC 2025 LS\transfer_127319_files_5cd8d86c.zip,LS45,5,a,,AF568,1000.0,5.0,2025-12-22T07:34:25,77316,35088,2,10,78,10,Gray16,0.65,10,0.45,Orca Flash 4.0,None,false,1
LS45_6a.czi,transfer_127319_files_5cd8d86c.zip,D:\SLIDES HE DEC 2025 LS\transfer_127319_files_5cd8d86c.zip,LS45,6,a,,AF568,1000.0,5.0,2025-12-22T08:15:25,77316,35088,2,10,76,10,Gray16,0.65,10,0.45,Orca Flash 4.0,None,false,1
LS45_7a.czi,transfer_127319_files_5cd8d86c.zip,D:\SLIDES HE DEC 2025 LS\transfer_127319_files_5cd8d86c.zip,LS45,7,a,,AF568,1000.0,5.0,2025-12-22T08:51:36,71808,35088,2,9,76,9,Gray16,0.65,10,0.45,Orca Flash 4.0,None,false,1
LS45_8a.czi,transfer_127319_files_5cd8d86c.zip,D:\SLIDES HE DEC 2025 LS\transfer_127319_files_5cd8d86c.zip,LS45,8,a,,AF568,1000.0,5.0,2025-12-22T09:21:24,79152,31416,2,10,65,10,Gray16,0.65,10,0.45,Orca Flash 4.0,None,false,1
LS45_9a.czi,transfer_127319_files_5cd8d86c.zip,D:\SLIDES HE DEC 2025 LS\transfer_127319_files_5cd8d86c.zip,LS45,9,a,,AF568,1000.0,5.0,2025-12-22T14:10:10,80988,31416,2,12,56,12,Gray16,0.65,10,0.45,Orca Flash 4.0,None,false,1
LS45_10a.czi,transfer_127319_files_5cd8d86c.zip,D:\SLIDES HE DEC 2025 LS\transfer_127319_files_5cd8d86c.zip,LS45,10,a,,AF568,1000.0,5.0,2025-12-22T14:39:43,73644,27744,2,10,54,10,Gray16,0.65,10,0.45,Orca Flash 4.0,None,false,1
LS45_1a.czi,transfer_127319_files_5cd8d86c.zip,D:\SLIDES HE DEC 2025 LS\transfer_127319_files_5cd8d86c.zip,LS45,1,a,,AF568,1000.0,5.0,2025-12-22T05:30:06,80988,31416,2,15,39,15,Gray16,0.65,10,0.45,Orca Flash 4.0,None,false,1
LS61_6a.czi,transfer_127319_files_5cd8d86c.zip,D:\SLIDES HE DEC 2025 LS\transfer_127319_files_5cd8d86c.zip,LS61,6,a,,AF568,1000.0,5.0,2025-12-23T03:49:36,80988,35088,2,11,68,11,Gray16,0.65,10,0.45,Orca Flash 4.0,None,false,1
LS61_7a.czi,transfer_127319_files_5cd8d86c.zip,D:\SLIDES HE DEC 2025 LS\transfer_127319_files_5cd8d86c.zip,LS61,7,a,,AF568,1000.0,5.0,2025-12-23T04:23:51,80988,31416,2,11,62,11,Gray16,0.65,10,0.45,Orca Flash 4.0,None,false,1
LS61_8a.czi,transfer_127319_files_5cd8d86c.zip,D:\SLIDES HE DEC 2025 LS\transfer_127319_files_5cd8d86c.zip,LS61,8,a,,AF568,1000.0,5.0,2025-12-23T04:50:30,82824,31416,2,7,56,7,Gray16,0.65,10,0.45,Orca Flash 4.0,None,false,1
LS61_9a.czi,transfer_127319_files_5cd8d86c.zip,D:\SLIDES HE DEC 2025 LS\transfer_127319_files_5cd8d86c.zip,LS61,9,a,,AF568,1000.0,5.0,2025-12-23T05:12:18,60792,33252,2,7,61,7,Gray16,0.65,10,0.45,Orca Flash 4.0,None,false,1
LS61_1a.czi,transfer_127319_files_5cd8d86c.zip,D:\SLIDES HE DEC 2025 LS\transfer_127319_files_5cd8d86c.zip,LS61,1,a,,AF568,1000.0,5.0,2025-12-23T01:16:37,75480,36924,2,15,39,15,Gray16,0.65,10,0.45,Orca Flash 4.0,None,false,1
LS61_2a.czi,transfer_127319_files_5cd8d86c.zip,D:\SLIDES HE DEC 2025 LS\transfer_127319_files_5cd8d86c.zip,LS61,2,a,,AF568,1000.0,5.0,2025-12-23T01:38:59,75480,29580,2,12,42,12,Gray16,0.65,10,0.45,Orca Flash 4.0,None,false,1
LS61_3a.czi,transfer_127319_files_5cd8d86c.zip,D:\SLIDES HE DEC 2025 LS\transfer_127319_files_5cd8d86c.zip,LS61,3,a,,AF568,1000.0,5.0,2025-12-23T02:03:19,75480,29580,2,14,46,14,Gray16,0.65,10,0.45,Orca Flash 4.0,None,false,1
LS61_4a.czi,transfer_127319_files_5cd8d86c.zip,D:\SLIDES HE DEC 2025 LS\transfer_127319_files_5cd8d86c.zip,LS61,4,a,,AF568,1000.0,5.0,2025-12-23T02:34:56,77316,31416,2,11,66,11,Gray16,0.65,10,0.45,Orca Flash 4.0,None,false,1
LS61_5a.czi,transfer_127319_files_5cd8d86c.zip,D:\SLIDES HE DEC 2025 LS\transfer_127319_files_5cd8d86c.zip,LS61,5,a,,AF568,1000.0,5.0,2025-12-23T03:12:15,84660,31416,2,12,67,12,Gray16,0.65,10,0.45,Orca Flash 4.0,None,false,1
LS85_8a.czi,transfer_127319_files_5cd8d86c.zip,D:\SLIDES HE DEC 2025 LS\transfer_127319_files_5cd8d86c.zip,LS85,8,a,,AF568,1000.0,5.0,2025-12-22T19:04:08,79152,35088,2,10,61,10,Gray16,0.65,10,0.45,Orca Flash 4.0,None,false,1
LS85_7a.czi,transfer_127319_files_5cd8d86c.zip,D:\SLIDES HE DEC 2025 LS\transfer_127319_files_5cd8d86c.zip,LS85,7,a,,AF568,1000.0,5.0,2025-12-22T17:51:09,79152,36924,2,10,72,10,Gray16,0.65,10,0.45,Orca Flash 4.0,None,false,1
LS85_10a.czi,transfer_127319_files_5cd8d86c.zip,D:\SLIDES HE DEC 2025 LS\transfer_127319_files_5cd8d86c.zip,LS85,10,a,,AF568,1000.0,5.0,2025-12-22T20:08:13,75480,33252,2,10,58,10,Gray16,0.65,10,0.45,Orca Flash 4.0,None,false,1
LS85_6a.czi,transfer_127319_files_5cd8d86c.zip,D:\SLIDES HE DEC 2025 LS\transfer_127319_files_5cd8d86c.zip,LS85,6,a,,AF568,1000.0,5.0,2025-12-22T17:14:40,77316,35088,2,8,79,8,Gray16,0.65,10,0.45,Orca Flash 4.0,None,false,1
LS85_5a.czi,transfer_127319_files_5cd8d86c.zip,D:\SLIDES HE DEC 2025 LS\transfer_127319_files_5cd8d86c.zip,LS85,5,a,,AF568,1000.0,5.0,2025-12-22T16:40:03,77316,33252,2,10,67,10,Gray16,0.65,10,0.45,Orca Flash 4.0,None,false,1
LS85_4a.czi,transfer_127319_files_5cd8d86c.zip,D:\SLIDES HE DEC 2025 LS\transfer_127319_files_5cd8d86c.zip,LS85,4,a,,AF568,1000.0,5.0,2025-12-22T16:04:50,79152,33252,2,11,95,11,Gray16,0.65,10,0.45,Orca Flash 4.0,None,false,1
LS85_3a.czi,transfer_127319_files_5cd8d86c.zip,D:\SLIDES HE DEC 2025 LS\transfer_127319_files_5cd8d86c.zip,LS85,3,a,,AF568,1000.0,5.0,2025-12-22T15:36:37,79152,33252,2,12,41,12,Gray16,0.65,10,0.45,Orca Flash 4.0,None,false,1
LS85_2a.czi,transfer_127319_files_5cd8d86c.zip,D:\SLIDES HE DEC 2025 LS\transfer_127319_files_5cd8d86c.zip,LS85,2,a,,AF568,1000.0,5.0,2025-12-22T15:14:46,73644,31416,2,10,40,10,Gray16,0.65,10,0.45,Orca Flash 4.0,None,false,1
LS85_1a.czi,transfer_127319_files_5cd8d86c.zip,D:\SLIDES HE DEC 2025 LS\transfer_127319_files_5cd8d86c.zip,LS85,1,a,,AF568,1000.0,5.0,2025-12-22T14:59:07,51612,29580,2,7,39,7,Gray16,0.65,10,0.45,Orca Flash 4.0,None,false,1
LS85_9a.czi,transfer_127319_files_5cd8d86c.zip,D:\SLIDES HE DEC 2025 LS\transfer_127319_files_5cd8d86c.zip,LS85,9,a,,AF568,1000.0,5.0,2025-12-22T19:35:48,82824,33252,2,12,56,12,Gray16,0.65,10,0.45,Orca Flash 4.0,None,false,1
LS85_7b-.czi,transfer_127319_files_5cd8d86c.zip,D:\SLIDES HE DEC 2025 LS\transfer_127319_files_5cd8d86c.zip,LS85,7,b,-,AF568,1000.0,5.0,2025-12-22T18:30:02,79152,35088,2,10,79,10,Gray16,0.65,10,0.45,Orca Flash 4.0,None,false,1
LS37_8a.czi,transfer_127329_files_3cb6aea5.zip,D:\SLIDES HE DEC 2025 LS\transfer_127329_files_3cb6aea5.zip,LS37,8,a,,AF568,1000.0,5.0,2025-12-23T18:17:18,80988,33252,2,12,65,12,Gray16,0.65,10,0.45,Orca Flash 4.0,None,false,1
LS37_7a.czi,transfer_127329_files_3cb6aea5.zip,D:\SLIDES HE DEC 2025 LS\transfer_127329_files_3cb6aea5.zip,LS37,7,a,,AF568,1000.0,5.0,2025-12-23T17:40:11,79152,35088,2,10,66,10,Gray16,0.65,10,0.45,Orca Flash 4.0,None,false,1
LS37_6a.czi,transfer_127329_files_3cb6aea5.zip,D:\SLIDES HE DEC 2025 LS\transfer_127329_files_3cb6aea5.zip,LS37,6,a,,AF568,1000.0,5.0,2025-12-23T17:02:19,80988,35088,2,12,72,12,Gray16,0.65,10,0.45,Orca Flash 4.0,None,false,1
LS37_5a.czi,transfer_127329_files_3cb6aea5.zip,D:\SLIDES HE DEC 2025 LS\transfer_127329_files_3cb6aea5.zip,LS37,5,a,,AF568,1000.0,5.0,2025-12-23T16:23:51,77316,35088,2,11,60,11,Gray16,0.65,10,0.45,Orca Flash 4.0,None,false,1
LS37_4a.czi,transfer_127329_files_3cb6aea5.zip,D:\SLIDES HE DEC 2025 LS\transfer_127329_files_3cb6aea5.zip,LS37,4,a,,AF568,1000.0,5.0,2025-12-23T15:52:31,79152,31416,2,12,50,12,Gray16,0.65,10,0.45,Orca Flash 4.0,None,false,1
LS37_3a.czi,transfer_127329_files_3cb6aea5.zip,D:\SLIDES HE DEC 2025 LS\transfer_127329_files_3cb6aea5.zip,LS37,3,a,,AF568,1000.0,5.0,2025-12-23T15:27:20,75480,31416,2,11,39,11,Gray16,0.65,10,0.45,Orca Flash 4.0,None,false,1
LS37_2a.czi,transfer_127329_files_3cb6aea5.zip,D:\SLIDES HE DEC 2025 LS\transfer_127329_files_3cb6aea5.zip,LS37,2,a,,AF568,1000.0,5.0,2025-12-23T15:03:19,79152,31416,2,12,51,12,Gray16,0.65,10,0.45,Orca Flash 4.0,None,false,1
LS37_1a.czi,transfer_127329_files_3cb6aea5.zip,D:\SLIDES HE DEC 2025 LS\transfer_127329_files_3cb6aea5.zip,LS37,1,a,,AF568,1000.0,5.0,2025-12-23T14:35:46,75480,31416,2,13,39,13,Gray16,0.65,10,0.45,Orca Flash 4.0,None,false,1
LS37_10a.czi,transfer_127329_files_3cb6aea5.zip,D:\SLIDES HE DEC 2025 LS\transfer_127329_files_3cb6aea5.zip,LS37,10,a,,AF568,1000.0,5.0,2025-12-23T19:26:13,82824,31416,2,12,49,12,Gray16,0.65,10,0.45,Orca Flash 4.0,None,false,1
LS37_9a.czi,transfer_127329_files_3cb6aea5.zip,D:\SLIDES HE DEC 2025 LS\transfer_127329_files_3cb6aea5.zip,LS37,9,a,,AF568,1000.0,5.0,2025-12-23T18:53:44,82824,31416,2,12,59,12,Gray16,0.65,10,0.45,Orca Flash 4.0,None,false,1
LS69_2a.czi,transfer_127329_files_3cb6aea5.zip,D:\SLIDES HE DEC 2025 LS\transfer_127329_files_3cb6aea5.zip,LS69,2,a,,AF568,1000.0,5.0,2025-12-23T06:00:00,79152,33252,2,15,43,15,Gray16,0.65,10,0.45,Orca Flash 4.0,None,false,1
LS69_3a.czi,transfer_127329_files_3cb6aea5.zip,D:\SLIDES HE DEC 2025 LS\transfer_127329_files_3cb6aea5.zip,LS69,3,a,,AF568,1000.0,5.0,2025-12-23T06:30:44,79152,33252,2,12,58,12,Gray16,0.65,10,0.45,Orca Flash 4.0,None,false,1
LS69_4a.czi,transfer_127329_files_3cb6aea5.zip,D:\SLIDES HE DEC 2025 LS\transfer_127329_files_3cb6aea5.zip,LS69,4,a,,AF568,1000.0,5.0,2025-12-23T07:09:47,80988,35088,2,12,63,12,Gray16,0.65,10,0.45,Orca Flash 4.0,None,false,1
LS69_5a.czi,transfer_127329_files_3cb6aea5.zip,D:\SLIDES HE DEC 2025 LS\transfer_127329_files_3cb6aea5.zip,LS69,5,a,,AF568,1000.0,5.0,2025-12-23T07:45:52,79152,35088,2,8,74,8,Gray16,0.65,10,0.45,Orca Flash 4.0,None,false,1
LS69_6a.czi,transfer_127329_files_3cb6aea5.zip,D:\SLIDES HE DEC 2025 LS\transfer_127329_files_3cb6aea5.zip,LS69,6,a,,AF568,1000.0,5.0,2025-12-23T08:23:03,82824,35088,2,12,71,12,Gray16,0.65,10,0.45,Orca Flash 4.0,None,false,1
LS69_7a.czi,transfer_127329_files_3cb6aea5.zip,D:\SLIDES HE DEC 2025 LS\transfer_127329_files_3cb6aea5.zip,LS69,7,a,,AF568,1000.0,5.0,2025-12-23T09:05:20,82824,35088,2,12,65,12,Gray16,0.65,10,0.45,Orca Flash 4.0,None,false,1
LS69_8a.czi,transfer_127329_files_3cb6aea5.zip,D:\SLIDES HE DEC 2025 LS\transfer_127329_files_3cb6aea5.zip,LS69,8,a,,AF568,1000.0,5.0,2025-12-23T09:41:06,80988,35088,2,13,61,13,Gray16,0.65,10,0.45,Orca Flash 4.0,None,false,1
LS69_9a.czi,transfer_127329_files_3cb6aea5.zip,D:\SLIDES HE DEC 2025 LS\transfer_127329_files_3cb6aea5.zip,LS69,9,a,,AF568,1000.0,5.0,2025-12-23T10:09:03,60792,31416,2,8,63,8,Gray16,0.65,10,0.45,Orca Flash 4.0,None,false,1
LS69_1a.czi,transfer_127329_files_3cb6aea5.zip,D:\SLIDES HE DEC 2025 LS\transfer_127329_files_3cb6aea5.zip,LS69,1,a,,AF568,1000.0,5.0,2025-12-23T05:34:52,77316,35088,2,16,35,16,Gray16,0.65,10,0.45,Orca Flash 4.0,None,false,1
LS136_8a.czi,transfer_127329_files_3cb6aea5.zip,D:\SLIDES HE DEC 2025 LS\transfer_127329_files_3cb6aea5.zip,LS136,8,a,,AF568,1000.0,5.0,2025-12-23T13:54:24,75480,31416,2,10,56,10,Gray16,0.65,10,0.45,Orca Flash 4.0,None,false,1
LS136_7a.czi,transfer_127329_files_3cb6aea5.zip,D:\SLIDES HE DEC 2025 LS\transfer_127329_files_3cb6aea5.zip,LS136,7,a,,AF568,1000.0,5.0,2025-12-23T13:32:05,68136,33252,2,8,55,8,Gray16,0.65,10,0.45,Orca Flash 4.0,None,false,1
LS136_6a.czi,transfer_127329_files_3cb6aea5.zip,D:\SLIDES HE DEC 2025 LS\transfer_127329_files_3cb6aea5.zip,LS136,6,a,,AF568,1000.0,5.0,2025-12-23T13:07:41,82824,33252,2,9,78,9,Gray16,0.65,10,0.45,Orca Flash 4.0,None,false,1
LS136_5a.czi,transfer_127329_files_3cb6aea5.zip,D:\SLIDES HE DEC 2025 LS\transfer_127329_files_3cb6aea5.zip,LS136,5,a,,AF568,1000.0,5.0,2025-12-23T12:37:12,75480,33252,2,12,59,12,Gray16,0.65,10,0.45,Orca Flash 4.0,None,false,1
LS136_4a.czi,transfer_127329_files_3cb6aea5.zip,D:\SLIDES HE DEC 2025 LS\transfer_127329_files_3cb6aea5.zip,LS136,4,a,,AF568,1000.0,5.0,2025-12-23T12:04:09,79152,35088,2,13,58,13,Gray16,0.65,10,0.45,Orca Flash 4.0,None,false,1
LS136_3a.czi,transfer_127329_files_3cb6aea5.zip,D:\SLIDES HE DEC 2025 LS\transfer_127329_files_3cb6aea5.zip,LS136,3,a,,AF568,1000.0,5.0,2025-12-23T11:29:44,71808,35088,2,12,55,12,Gray16,0.65,10,0.45,Orca Flash 4.0,None,false,1
LS136_2a.czi,transfer_127329_files_3cb6aea5.zip,D:\SLIDES HE DEC 2025 LS\transfer_127329_files_3cb6aea5.zip,LS136,2,a,,AF568,1000.0,5.0,2025-12-23T11:00:08,77316,29580,2,15,31,15,Gray16,0.65,10,0.45,Orca Flash 4.0,None,false,1
LS136_1a.czi,transfer_127329_files_3cb6aea5.zip,D:\SLIDES HE DEC 2025 LS\transfer_127329_files_3cb6aea5.zip,LS136,1,a,,AF568,1000.0,5.0,2025-12-23T10:34:27,82824,35088,2,16,51,16,Gray16,0.65,10,0.45,Orca Flash 4.0,None,false,1
LS136_9a.czi,transfer_127329_files_3cb6aea5.zip,D:\SLIDES HE DEC 2025 LS\transfer_127329_files_3cb6aea5.zip,LS136,9,a,,AF568,1000.0,5.0,2025-12-23T14:14:11,73644,31416,2,6,51,6,Gray16,0.65,10,0.45,Orca Flash 4.0,None,false,1
LS53_2b-_A568.czi,transfer_127339_files_9b65b43e.zip,D:\SLIDES HE DEC 2025 LS\transfer_127339_files_9b65b43e.zip,LS53,2,b,-_A568,AF568,1000.0,5.0,2025-12-24T10:10:02,69972,29580,2,12,36,12,Gray16,0.65,10,0.45,Orca Flash 4.0,None,false,1
LS53_5b-_A568.czi,transfer_127339_files_9b65b43e.zip,D:\SLIDES HE DEC 2025 LS\transfer_127339_files_9b65b43e.zip,LS53,5,b,-_A568,AF568,1000.0,5.0,2025-12-24T09:44:21,71808,35088,2,9,79,9,Gray16,0.65,10,0.45,Orca Flash 4.0,None,false,1
LS87_3a.czi,transfer_127339_files_9b65b43e.zip,D:\SLIDES HE DEC 2025 LS\transfer_127339_files_9b65b43e.zip,LS87,3,a,,AF568,1000.0,5.0,2025-12-23T20:42:38,64464,33252,2,9,55,9,Gray16,0.65,10,0.45,Orca Flash 4.0,None,false,1
LS87_4a.czi,transfer_127339_files_9b65b43e.zip,D:\SLIDES HE DEC 2025 LS\transfer_127339_files_9b65b43e.zip,LS87,4,a,,AF568,1000.0,5.0,2025-12-23T21:09:34,71808,33252,2,10,63,10,Gray16,0.65,10,0.45,Orca Flash 4.0,None,false,1
LS87_5a.czi,transfer_127339_files_9b65b43e.zip,D:\SLIDES HE DEC 2025 LS\transfer_127339_files_9b65b43e.zip,LS87,5,a,,AF568,1000.0,5.0,2025-12-23T21:43:52,84660,36924,2,11,72,11,Gray16,0.65,10,0.45,Orca Flash 4.0,None,false,1
LS87_6a.czi,transfer_127339_files_9b65b43e.zip,D:\SLIDES HE DEC 2025 LS\transfer_127339_files_9b65b43e.zip,LS87,6,a,,AF568,1000.0,5.0,2025-12-23T22:23:49,80988,35088,2,12,68,12,Gray16,0.65,10,0.45,Orca Flash 4.0,None,false,1
LS87_7a.czi,transfer_127339_files_9b65b43e.zip,D:\SLIDES HE DEC 2025 LS\transfer_127339_files_9b65b43e.zip,LS87,7,a,,AF568,1000.0,5.0,2025-12-23T23:00:22,82824,33252,2,13,60,13,Gray16,0.65,10,0.45,Orca Flash 4.0,None,false,1
LS87_8a.czi,transfer_127339_files_9b65b43e.zip,D:\SLIDES HE DEC 2025 LS\transfer_127339_files_9b65b43e.zip,LS87,8,a,,AF568,1000.0,5.0,2025-12-23T23:34:03,80988,31416,2,12,61,12,Gray16,0.65,10,0.45,Orca Flash 4.0,None,false,1
LS87_9a.czi,transfer_127339_files_9b65b43e.zip,D:\SLIDES HE DEC 2025 LS\transfer_127339_files_9b65b43e.zip,LS87,9,a,,AF568,1000.0,5.0,2025-12-24T00:05:06,77316,29580,2,10,57,10,Gray16,0.65,10,0.45,Orca Flash 4.0,None,false,1
LS87_1a.czi,transfer_127339_files_9b65b43e.zip,D:\SLIDES HE DEC 2025 LS\transfer_127339_files_9b65b43e.zip,LS87,1,a,,AF568,1000.0,5.0,2025-12-23T19:54:59,80988,33252,2,18,39,18,Gray16,0.65,10,0.45,Orca Flash 4.0,None,false,1
LS87_2a.czi,transfer_127339_files_9b65b43e.zip,D:\SLIDES HE DEC 2025 LS\transfer_127339_files_9b65b43e.zip,LS87,2,a,,AF568,1000.0,5.0,2025-12-23T20:20:11,75480,33252,2,11,43,11,Gray16,0.65,10,0.45,Orca Flash 4.0,None,false,1
LS105_3a.czi,transfer_127339_files_9b65b43e.zip,D:\SLIDES HE DEC 2025 LS\transfer_127339_files_9b65b43e.zip,LS105,3,a,,AF568,1000.0,5.0,2025-12-24T05:57:05,75480,35088,2,12,46,12,Gray16,0.65,10,0.45,Orca Flash 4.0,None,false,1
LS105_4a.czi,transfer_127339_files_9b65b43e.zip,D:\SLIDES HE DEC 2025 LS\transfer_127339_files_9b65b43e.zip,LS105,4,a,,AF568,1000.0,5.0,2025-12-24T06:28:04,80988,35088,2,13,55,13,Gray16,0.65,10,0.45,Orca Flash 4.0,None,false,1
LS105_5a.czi,transfer_127339_files_9b65b43e.zip,D:\SLIDES HE DEC 2025 LS\transfer_127339_files_9b65b43e.zip,LS105,5,a,,AF568,1000.0,5.0,2025-12-24T07:03:34,75480,38760,2,12,62,12,Gray16,0.65,10,0.45,Orca Flash 4.0,None,false,1
LS105_6a.czi,transfer_127339_files_9b65b43e.zip,D:\SLIDES HE DEC 2025 LS\transfer_127339_files_9b65b43e.zip,LS105,6,a,,AF568,1000.0,5.0,2025-12-24T07:41:15,80988,35088,2,12,69,12,Gray16,0.65,10,0.45,Orca Flash 4.0,None,false,1
LS105_8a.czi,transfer_127339_files_9b65b43e.zip,D:\SLIDES HE DEC 2025 LS\transfer_127339_files_9b65b43e.zip,LS105,8,a,,AF568,1000.0,5.0,2025-12-24T08:16:01,75480,35088,2,12,53,12,Gray16,0.65,10,0.45,Orca Flash 4.0,None,false,1
LS105_9a.czi,transfer_127339_files_9b65b43e.zip,D:\SLIDES HE DEC 2025 LS\transfer_127339_files_9b65b43e.zip,LS105,9,a,,AF568,1000.0,5.0,2025-12-24T08:46:11,73644,31416,2,11,47,11,Gray16,0.65,10,0.45,Orca Flash 4.0,None,false,1
LS105_10a.czi,transfer_127339_files_9b65b43e.zip,D:\SLIDES HE DEC 2025 LS\transfer_127339_files_9b65b43e.zip,LS105,10,a,,AF568,1000.0,5.0,2025-12-24T09:13:45,71808,29580,2,10,53,10,Gray16,0.65,10,0.45,Orca Flash 4.0,None,false,1
LS105_1a.czi,transfer_127339_files_9b65b43e.zip,D:\SLIDES HE DEC 2025 LS\transfer_127339_files_9b65b43e.zip,LS105,1,a,,AF568,1000.0,5.0,2025-12-24T05:03:46,80988,29580,2,14,43,14,Gray16,0.65,10,0.45,Orca Flash 4.0,None,false,1
LS105_2a.czi,transfer_127339_files_9b65b43e.zip,D:\SLIDES HE DEC 2025 LS\transfer_127339_files_9b65b43e.zip,LS105,2,a,,AF568,1000.0,5.0,2025-12-24T05:30:59,73644,31416,2,12,49,12,Gray16,0.65,10,0.45,Orca Flash 4.0,None,false,1
LS120_1a.czi,transfer_127339_files_9b65b43e.zip,D:\SLIDES HE DEC 2025 LS\transfer_127339_files_9b65b43e.zip,LS120,1,a,,AF568,1000.0,5.0,2025-12-24T00:33:34,80988,33252,2,20,36,20,Gray16,0.65,10,0.45,Orca Flash 4.0,None,false,1
LS120_4a.czi,transfer_127339_files_9b65b43e.zip,D:\SLIDES HE DEC 2025 LS\transfer_127339_files_9b65b43e.zip,LS120,4,a,,AF568,1000.0,5.0,2025-12-24T01:59:25,75480,33252,2,10,59,10,Gray16,0.65,10,0.45,Orca Flash 4.0,None,false,1
LS120_5a.czi,transfer_127339_files_9b65b43e.zip,D:\SLIDES HE DEC 2025 LS\transfer_127339_files_9b65b43e.zip,LS120,5,a,,AF568,1000.0,5.0,2025-12-24T02:31:58,79152,33252,2,11,66,11,Gray16,0.65,10,0.45,Orca Flash 4.0,None,false,1
LS120_6a.czi,transfer_127339_files_9b65b43e.zip,D:\SLIDES HE DEC 2025 LS\transfer_127339_files_9b65b43e.zip,LS120,6,a,,AF568,1000.0,5.0,2025-12-24T03:13:23,75480,35088,2,10,70,10,Gray16,0.65,10,0.45,Orca Flash 4.0,None,false,1
LS120_7a.czi,transfer_127339_files_9b65b43e.zip,D:\SLIDES HE DEC 2025 LS\transfer_127339_files_9b65b43e.zip,LS120,7,a,,AF568,1000.0,5.0,2025-12-24T03:55:10,80988,33252,2,12,68,12,Gray16,0.65,10,0.45,Orca Flash 4.0,None,false,1
LS120_8a.czi,transfer_127339_files_9b65b43e.zip,D:\SLIDES HE DEC 2025 LS\transfer_127339_files_9b65b43e.zip,LS120,8,a,,AF568,1000.0,5.0,2025-12-24T04:26:02,68136,29580,2,11,50,11,Gray16,0.65,10,0.45,Orca Flash 4.0,None,false,1
LS120_9a.czi,transfer_127339_files_9b65b43e.zip,D:\SLIDES HE DEC 2025 LS\transfer_127339_files_9b65b43e.zip,LS120,9,a,,AF568,1000.0,5.0,2025-12-24T04:44:34,42432,25908,2,5,51,5,Gray16,0.65,10,0.45,Orca Flash 4.0,None,false,1
LS120_2a.czi,transfer_127339_files_9b65b43e.zip,D:\SLIDES HE DEC 2025 LS\transfer_127339_files_9b65b43e.zip,LS120,2,a,,AF568,1000.0,5.0,2025-12-24T01:00:14,79152,31416,2,14,37,14,Gray16,0.65,10,0.45,Orca Flash 4.0,None,false,1
LS120_3a.czi,transfer_127339_files_9b65b43e.zip,D:\SLIDES HE DEC 2025 LS\transfer_127339_files_9b65b43e.zip,LS120,3,a,,AF568,1000.0,5.0,2025-12-24T01:28:30,77316,29580,2,14,49,14,Gray16,0.65,10,0.45,Orca Flash 4.0,None,false,1
